file_id,category,prompt,stage2_dists,stage1_dists
n02691156_10151-6,airplane,A photo of a airplane,0.3997693657875061,0.39837396144866943
n02691156_10381-1,airplane,A photo of a airplane,0.3997693657875061,0.39837396144866943
n02691156_10391-3,airplane,A photo of a airplane,0.3997693657875061,0.39837396144866943
n02691156_10433-3,airplane,A photo of a airplane,0.3997693657875061,0.39837396144866943
n02691156_10504-2,airplane,A photo of a airplane,0.3997693657875061,0.39837396144866943
n02691156_10504-3,airplane,A photo of a airplane,0.3997693657875061,0.39837396144866943
n02691156_10504-7,airplane,A photo of a airplane,0.3997693657875061,0.39837396144866943
n02691156_10535-1,airplane,A photo of a airplane,0.3997693657875061,0.39837396144866943
n02691156_10535-2,airplane,A photo of a airplane,0.4068670868873596,0.408448725938797
n02691156_10578-2,airplane,A photo of a airplane,0.4068670868873596,0.408448725938797
n02691156_10578-6,airplane,A photo of a airplane,0.4068670868873596,0.408448725938797
n02691156_10603-7,airplane,A photo of a airplane,0.4068670868873596,0.408448725938797
n02691156_10622-5,airplane,A photo of a airplane,0.4068670868873596,0.408448725938797
n02691156_10718-6,airplane,A photo of a airplane,0.4068670868873596,0.408448725938797
n02691156_10718-7,airplane,A photo of a airplane,0.4068670868873596,0.408448725938797
n02691156_1074-4,airplane,A photo of a airplane,0.4068670868873596,0.408448725938797
n02691156_10932-5,airplane,A photo of a airplane,0.35577186942100525,0.35808297991752625
n02691156_11016-5,airplane,A photo of a airplane,0.35577186942100525,0.35808297991752625
n02691156_11257-9,airplane,A photo of a airplane,0.35577186942100525,0.35808297991752625
n02691156_11286-5,airplane,A photo of a airplane,0.35577186942100525,0.35808297991752625
n02691156_11379-2,airplane,A photo of a airplane,0.35577186942100525,0.35808297991752625
n02691156_11495-1,airplane,A photo of a airplane,0.35577186942100525,0.35808297991752625
n02691156_1182-1,airplane,A photo of a airplane,0.35577186942100525,0.35808297991752625
n02691156_1182-5,airplane,A photo of a airplane,0.35577186942100525,0.35808297991752625
n02691156_1182-7,airplane,A photo of a airplane,0.36808478832244873,0.370838463306427
n02691156_12022-6,airplane,A photo of a airplane,0.36808478832244873,0.370838463306427
n02691156_12619-8,airplane,A photo of a airplane,0.36808478832244873,0.370838463306427
n02691156_12619-9,airplane,A photo of a airplane,0.36808478832244873,0.370838463306427
n02691156_1270-4,airplane,A photo of a airplane,0.36808478832244873,0.370838463306427
n02691156_14875-4,airplane,A photo of a airplane,0.36808478832244873,0.370838463306427
n02691156_14912-2,airplane,A photo of a airplane,0.36808478832244873,0.370838463306427
n02691156_1512-1,airplane,A photo of a airplane,0.36808478832244873,0.370838463306427
n02691156_1512-6,airplane,A photo of a airplane,0.37091025710105896,0.37030094861984253
n02691156_1512-9,airplane,A photo of a airplane,0.37091025710105896,0.37030094861984253
n02691156_1917-4,airplane,A photo of a airplane,0.37091025710105896,0.37030094861984253
n02691156_196-1,airplane,A photo of a airplane,0.37091025710105896,0.37030094861984253
n02691156_2289-4,airplane,A photo of a airplane,0.37091025710105896,0.37030094861984253
n02691156_2351-2,airplane,A photo of a airplane,0.37091025710105896,0.37030094861984253
n02691156_2351-3,airplane,A photo of a airplane,0.37091025710105896,0.37030094861984253
n02691156_2351-4,airplane,A photo of a airplane,0.37091025710105896,0.37030094861984253
n02691156_2383-4,airplane,A photo of a airplane,0.37659400701522827,0.3737446069717407
n02691156_24584-4,airplane,A photo of a airplane,0.37659400701522827,0.3737446069717407
n02691156_24584-7,airplane,A photo of a airplane,0.37659400701522827,0.3737446069717407
n02691156_2838-6,airplane,A photo of a airplane,0.37659400701522827,0.3737446069717407
n02691156_359-3,airplane,A photo of a airplane,0.37659400701522827,0.3737446069717407
n02691156_3791-2,airplane,A photo of a airplane,0.37659400701522827,0.3737446069717407
n02691156_3791-5,airplane,A photo of a airplane,0.37659400701522827,0.3737446069717407
n02691156_3854-1,airplane,A photo of a airplane,0.37659400701522827,0.3737446069717407
n02691156_3854-2,airplane,A photo of a airplane,0.37405505776405334,0.3722720146179199
n02691156_4000-3,airplane,A photo of a airplane,0.37405505776405334,0.3722720146179199
n02691156_4008-2,airplane,A photo of a airplane,0.37405505776405334,0.3722720146179199
n02691156_4008-4,airplane,A photo of a airplane,0.37405505776405334,0.3722720146179199
n02691156_4008-6,airplane,A photo of a airplane,0.37405505776405334,0.3722720146179199
n02691156_4134-4,airplane,A photo of a airplane,0.37405505776405334,0.3722720146179199
n02691156_43250-6,airplane,A photo of a airplane,0.37405505776405334,0.3722720146179199
n02691156_47926-8,airplane,A photo of a airplane,0.37405505776405334,0.3722720146179199
n02691156_5181-3,airplane,A photo of a airplane,0.35176149010658264,0.35056138038635254
n02691156_53586-1,airplane,A photo of a airplane,0.35176149010658264,0.35056138038635254
n02691156_542-5,airplane,A photo of a airplane,0.35176149010658264,0.35056138038635254
n02691156_5583-6,airplane,A photo of a airplane,0.35176149010658264,0.35056138038635254
n02691156_5583-9,airplane,A photo of a airplane,0.35176149010658264,0.35056138038635254
n02691156_573-3,airplane,A photo of a airplane,0.35176149010658264,0.35056138038635254
n02691156_5740-2,airplane,A photo of a airplane,0.35176149010658264,0.35056138038635254
n02691156_5740-5,airplane,A photo of a airplane,0.35176149010658264,0.35056138038635254
n02691156_58-3,airplane,A photo of a airplane,0.35360363125801086,0.3536037802696228
n02691156_5873-1,airplane,A photo of a airplane,0.35360363125801086,0.3536037802696228
n02691156_5873-3,airplane,A photo of a airplane,0.35360363125801086,0.3536037802696228
n02691156_6120-4,airplane,A photo of a airplane,0.35360363125801086,0.3536037802696228
n02691156_6732-1,airplane,A photo of a airplane,0.35360363125801086,0.3536037802696228
n02691156_6784-3,airplane,A photo of a airplane,0.35360363125801086,0.3536037802696228
n02691156_6910-1,airplane,A photo of a airplane,0.35360363125801086,0.3536037802696228
n02691156_6910-2,airplane,A photo of a airplane,0.35360363125801086,0.3536037802696228
n02691156_7027-11,airplane,A photo of a airplane,0.38459768891334534,0.3824079930782318
n02691156_7027-2,airplane,A photo of a airplane,0.38459768891334534,0.3824079930782318
n02691156_7472-4,airplane,A photo of a airplane,0.38459768891334534,0.3824079930782318
n02691156_7472-6,airplane,A photo of a airplane,0.38459768891334534,0.3824079930782318
n02691156_7923-4,airplane,A photo of a airplane,0.38459768891334534,0.3824079930782318
n02691156_8226-1,airplane,A photo of a airplane,0.38459768891334534,0.3824079930782318
n02691156_8226-12,airplane,A photo of a airplane,0.38459768891334534,0.3824079930782318
n02691156_8226-13,airplane,A photo of a airplane,0.38459768891334534,0.3824079930782318
n02691156_8226-14,airplane,A photo of a airplane,0.3916032314300537,0.39166146516799927
n02691156_8226-4,airplane,A photo of a airplane,0.3916032314300537,0.39166146516799927
n02691156_8228-4,airplane,A photo of a airplane,0.3916032314300537,0.39166146516799927
n02691156_8228-5,airplane,A photo of a airplane,0.3916032314300537,0.39166146516799927
n02691156_832-1,airplane,A photo of a airplane,0.3916032314300537,0.39166146516799927
n02691156_832-2,airplane,A photo of a airplane,0.3916032314300537,0.39166146516799927
n02691156_8352-1,airplane,A photo of a airplane,0.3916032314300537,0.39166146516799927
n02691156_8408-3,airplane,A photo of a airplane,0.3916032314300537,0.39166146516799927
n02691156_8813-5,airplane,A photo of a airplane,0.3646444082260132,0.3594065308570862
n02691156_9058-1,airplane,A photo of a airplane,0.3646444082260132,0.3594065308570862
n02691156_9058-2,airplane,A photo of a airplane,0.3646444082260132,0.3594065308570862
n02691156_9099-10,airplane,A photo of a airplane,0.3646444082260132,0.3594065308570862
n02691156_9099-6,airplane,A photo of a airplane,0.3646444082260132,0.3594065308570862
n02691156_9453-2,airplane,A photo of a airplane,0.3646444082260132,0.3594065308570862
n02691156_9491-4,airplane,A photo of a airplane,0.3646444082260132,0.3594065308570862
n02691156_9491-5,airplane,A photo of a airplane,0.3646444082260132,0.3594065308570862
n02691156_9664-6,airplane,A photo of a airplane,0.4043129086494446,0.40221667289733887
n02691156_9916-5,airplane,A photo of a airplane,0.4043129086494446,0.40221667289733887
n02691156_9966-4,airplane,A photo of a airplane,0.4043129086494446,0.40221667289733887
n02691156_9966-7,airplane,A photo of a airplane,0.4043129086494446,0.40221667289733887
n02694662_10127-6,alarm_clock,A photo of a alarm clock,0.4043129086494446,0.40221667289733887
n02694662_10186-1,alarm_clock,A photo of a alarm clock,0.4043129086494446,0.40221667289733887
n02694662_10186-2,alarm_clock,A photo of a alarm clock,0.4043129086494446,0.40221667289733887
n02694662_10651-7,alarm_clock,A photo of a alarm clock,0.4043129086494446,0.40221667289733887
n02694662_10782-1,alarm_clock,A photo of a alarm clock,0.4219447672367096,0.4224470555782318
n02694662_10782-2,alarm_clock,A photo of a alarm clock,0.4219447672367096,0.4224470555782318
n02694662_1079-4,alarm_clock,A photo of a alarm clock,0.4219447672367096,0.4224470555782318
n02694662_11111-1,alarm_clock,A photo of a alarm clock,0.4219447672367096,0.4224470555782318
n02694662_11111-2,alarm_clock,A photo of a alarm clock,0.4219447672367096,0.4224470555782318
n02694662_11111-4,alarm_clock,A photo of a alarm clock,0.4219447672367096,0.4224470555782318
n02694662_11111-5,alarm_clock,A photo of a alarm clock,0.4219447672367096,0.4224470555782318
n02694662_11282-4,alarm_clock,A photo of a alarm clock,0.4219447672367096,0.4224470555782318
n02694662_11372-2,alarm_clock,A photo of a alarm clock,0.3949500322341919,0.39901265501976013
n02694662_11372-6,alarm_clock,A photo of a alarm clock,0.3949500322341919,0.39901265501976013
n02694662_11495-6,alarm_clock,A photo of a alarm clock,0.3949500322341919,0.39901265501976013
n02694662_11745-5,alarm_clock,A photo of a alarm clock,0.3949500322341919,0.39901265501976013
n02694662_11810-2,alarm_clock,A photo of a alarm clock,0.3949500322341919,0.39901265501976013
n02694662_12133-6,alarm_clock,A photo of a alarm clock,0.3949500322341919,0.39901265501976013
n02694662_12254-6,alarm_clock,A photo of a alarm clock,0.3949500322341919,0.39901265501976013
n02694662_12296-4,alarm_clock,A photo of a alarm clock,0.3949500322341919,0.39901265501976013
n02694662_12410-5,alarm_clock,A photo of a alarm clock,0.4022284746170044,0.40206634998321533
n02694662_12525-1,alarm_clock,A photo of a alarm clock,0.4022284746170044,0.40206634998321533
n02694662_12525-2,alarm_clock,A photo of a alarm clock,0.4022284746170044,0.40206634998321533
n02694662_13095-2,alarm_clock,A photo of a alarm clock,0.4022284746170044,0.40206634998321533
n02694662_13497-4,alarm_clock,A photo of a alarm clock,0.4022284746170044,0.40206634998321533
n02694662_13950-2,alarm_clock,A photo of a alarm clock,0.4022284746170044,0.40206634998321533
n02694662_13990-1,alarm_clock,A photo of a alarm clock,0.4022284746170044,0.40206634998321533
n02694662_13990-3,alarm_clock,A photo of a alarm clock,0.4022284746170044,0.40206634998321533
n02694662_13990-5,alarm_clock,A photo of a alarm clock,0.3937501907348633,0.39756959676742554
n02694662_14321-5,alarm_clock,A photo of a alarm clock,0.3937501907348633,0.39756959676742554
n02694662_14553-5,alarm_clock,A photo of a alarm clock,0.3937501907348633,0.39756959676742554
n02694662_14927-3,alarm_clock,A photo of a alarm clock,0.3937501907348633,0.39756959676742554
n02694662_15253-3,alarm_clock,A photo of a alarm clock,0.3937501907348633,0.39756959676742554
n02694662_1564-1,alarm_clock,A photo of a alarm clock,0.3937501907348633,0.39756959676742554
n02694662_1564-3,alarm_clock,A photo of a alarm clock,0.3937501907348633,0.39756959676742554
n02694662_16405-4,alarm_clock,A photo of a alarm clock,0.3937501907348633,0.39756959676742554
n02694662_166-1,alarm_clock,A photo of a alarm clock,0.4024200141429901,0.40233567357063293
n02694662_16632-4,alarm_clock,A photo of a alarm clock,0.4024200141429901,0.40233567357063293
n02694662_17278-1,alarm_clock,A photo of a alarm clock,0.4024200141429901,0.40233567357063293
n02694662_17278-4,alarm_clock,A photo of a alarm clock,0.4024200141429901,0.40233567357063293
n02694662_1746-3,alarm_clock,A photo of a alarm clock,0.4024200141429901,0.40233567357063293
n02694662_17579-1,alarm_clock,A photo of a alarm clock,0.4024200141429901,0.40233567357063293
n02694662_2751-3,alarm_clock,A photo of a alarm clock,0.4024200141429901,0.40233567357063293
n02694662_2751-5,alarm_clock,A photo of a alarm clock,0.4024200141429901,0.40233567357063293
n02694662_324-2,alarm_clock,A photo of a alarm clock,0.39875373244285583,0.40090250968933105
n02694662_324-3,alarm_clock,A photo of a alarm clock,0.39875373244285583,0.40090250968933105
n02694662_324-4,alarm_clock,A photo of a alarm clock,0.39875373244285583,0.40090250968933105
n02694662_3298-5,alarm_clock,A photo of a alarm clock,0.39875373244285583,0.40090250968933105
n02694662_410-1,alarm_clock,A photo of a alarm clock,0.39875373244285583,0.40090250968933105
n02694662_410-4,alarm_clock,A photo of a alarm clock,0.39875373244285583,0.40090250968933105
n02694662_4117-1,alarm_clock,A photo of a alarm clock,0.39875373244285583,0.40090250968933105
n02694662_4117-2,alarm_clock,A photo of a alarm clock,0.39875373244285583,0.40090250968933105
n02694662_4273-1,alarm_clock,A photo of a alarm clock,0.37706995010375977,0.37969791889190674
n02694662_4273-5,alarm_clock,A photo of a alarm clock,0.37706995010375977,0.37969791889190674
n02694662_4274-1,alarm_clock,A photo of a alarm clock,0.37706995010375977,0.37969791889190674
n02694662_4274-3,alarm_clock,A photo of a alarm clock,0.37706995010375977,0.37969791889190674
n02694662_4755-4,alarm_clock,A photo of a alarm clock,0.37706995010375977,0.37969791889190674
n02694662_4923-4,alarm_clock,A photo of a alarm clock,0.37706995010375977,0.37969791889190674
n02694662_5113-4,alarm_clock,A photo of a alarm clock,0.37706995010375977,0.37969791889190674
n02694662_5113-6,alarm_clock,A photo of a alarm clock,0.37706995010375977,0.37969791889190674
n02694662_5681-2,alarm_clock,A photo of a alarm clock,0.39648592472076416,0.398543119430542
n02694662_5681-4,alarm_clock,A photo of a alarm clock,0.39648592472076416,0.398543119430542
n02694662_6024-1,alarm_clock,A photo of a alarm clock,0.39648592472076416,0.398543119430542
n02694662_6024-6,alarm_clock,A photo of a alarm clock,0.39648592472076416,0.398543119430542
n02694662_6122-6,alarm_clock,A photo of a alarm clock,0.39648592472076416,0.398543119430542
n02694662_6369-5,alarm_clock,A photo of a alarm clock,0.39648592472076416,0.398543119430542
n02694662_6374-3,alarm_clock,A photo of a alarm clock,0.39648592472076416,0.398543119430542
n02694662_6374-4,alarm_clock,A photo of a alarm clock,0.39648592472076416,0.398543119430542
n02694662_6374-6,alarm_clock,A photo of a alarm clock,0.3692674934864044,0.3677854835987091
n02694662_6401-2,alarm_clock,A photo of a alarm clock,0.3692674934864044,0.3677854835987091
n02694662_6844-1,alarm_clock,A photo of a alarm clock,0.3692674934864044,0.3677854835987091
n02694662_6976-2,alarm_clock,A photo of a alarm clock,0.3692674934864044,0.3677854835987091
n02694662_7072-5,alarm_clock,A photo of a alarm clock,0.3692674934864044,0.3677854835987091
n02694662_7591-1,alarm_clock,A photo of a alarm clock,0.3692674934864044,0.3677854835987091
n02694662_7591-3,alarm_clock,A photo of a alarm clock,0.3692674934864044,0.3677854835987091
n02694662_7687-5,alarm_clock,A photo of a alarm clock,0.3692674934864044,0.3677854835987091
n02694662_8402-1,alarm_clock,A photo of a alarm clock,0.42513972520828247,0.4266166090965271
n02694662_8437-2,alarm_clock,A photo of a alarm clock,0.42513972520828247,0.4266166090965271
n02694662_8618-1,alarm_clock,A photo of a alarm clock,0.42513972520828247,0.4266166090965271
n02694662_8618-5,alarm_clock,A photo of a alarm clock,0.42513972520828247,0.4266166090965271
n02694662_9850-2,alarm_clock,A photo of a alarm clock,0.42513972520828247,0.4266166090965271
n02219486_15025-2,ant,A photo of a ant,0.42513972520828247,0.4266166090965271
n02219486_16174-4,ant,A photo of a ant,0.42513972520828247,0.4266166090965271
n02219486_17334-5,ant,A photo of a ant,0.42513972520828247,0.4266166090965271
n02219486_17589-4,ant,A photo of a ant,0.44250455498695374,0.44086554646492004
n02219486_17713-1,ant,A photo of a ant,0.44250455498695374,0.44086554646492004
n02219486_18596-2,ant,A photo of a ant,0.44250455498695374,0.44086554646492004
n02219486_18596-5,ant,A photo of a ant,0.44250455498695374,0.44086554646492004
n02219486_20584-2,ant,A photo of a ant,0.44250455498695374,0.44086554646492004
n02219486_20584-6,ant,A photo of a ant,0.44250455498695374,0.44086554646492004
n02219486_20728-2,ant,A photo of a ant,0.44250455498695374,0.44086554646492004
n02219486_20784-1,ant,A photo of a ant,0.44250455498695374,0.44086554646492004
n02219486_20784-4,ant,A photo of a ant,0.44739264249801636,0.4484502673149109
n02219486_21633-1,ant,A photo of a ant,0.44739264249801636,0.4484502673149109
n02219486_21633-3,ant,A photo of a ant,0.44739264249801636,0.4484502673149109
n02219486_21916-1,ant,A photo of a ant,0.44739264249801636,0.4484502673149109
n02219486_22773-2,ant,A photo of a ant,0.44739264249801636,0.4484502673149109
n02219486_22963-3,ant,A photo of a ant,0.44739264249801636,0.4484502673149109
n02219486_22963-5,ant,A photo of a ant,0.44739264249801636,0.4484502673149109
n02219486_23294-2,ant,A photo of a ant,0.44739264249801636,0.4484502673149109
n02219486_23294-7,ant,A photo of a ant,0.4361499547958374,0.43586111068725586
n02219486_23761-1,ant,A photo of a ant,0.4361499547958374,0.43586111068725586
n02219486_24007-2,ant,A photo of a ant,0.4361499547958374,0.43586111068725586
n02219486_24007-4,ant,A photo of a ant,0.4361499547958374,0.43586111068725586
n02219486_24050-3,ant,A photo of a ant,0.4361499547958374,0.43586111068725586
n02219486_24050-4,ant,A photo of a ant,0.4361499547958374,0.43586111068725586
n02219486_24050-5,ant,A photo of a ant,0.4361499547958374,0.43586111068725586
n02219486_24174-2,ant,A photo of a ant,0.4361499547958374,0.43586111068725586
n02219486_24244-3,ant,A photo of a ant,0.40392619371414185,0.40642249584198
n02219486_24673-1,ant,A photo of a ant,0.40392619371414185,0.40642249584198
n02219486_24676-1,ant,A photo of a ant,0.40392619371414185,0.40642249584198
n02219486_24680-1,ant,A photo of a ant,0.40392619371414185,0.40642249584198
n02219486_24760-2,ant,A photo of a ant,0.40392619371414185,0.40642249584198
n02219486_24760-5,ant,A photo of a ant,0.40392619371414185,0.40642249584198
n02219486_24977-3,ant,A photo of a ant,0.40392619371414185,0.40642249584198
n02219486_25800-2,ant,A photo of a ant,0.40392619371414185,0.40642249584198
n02219486_25800-3,ant,A photo of a ant,0.4372348487377167,0.43490153551101685
n02219486_25909-4,ant,A photo of a ant,0.4372348487377167,0.43490153551101685
n02219486_26134-5,ant,A photo of a ant,0.4372348487377167,0.43490153551101685
n02219486_26238-2,ant,A photo of a ant,0.4372348487377167,0.43490153551101685
n02219486_26459-4,ant,A photo of a ant,0.4372348487377167,0.43490153551101685
n02219486_26803-2,ant,A photo of a ant,0.4372348487377167,0.43490153551101685
n02219486_26980-2,ant,A photo of a ant,0.4372348487377167,0.43490153551101685
n02219486_27120-5,ant,A photo of a ant,0.4372348487377167,0.43490153551101685
n02219486_27657-2,ant,A photo of a ant,0.4047011137008667,0.4065104126930237
n02219486_27825-4,ant,A photo of a ant,0.4047011137008667,0.4065104126930237
n02219486_28127-2,ant,A photo of a ant,0.4047011137008667,0.4065104126930237
n02219486_28218-4,ant,A photo of a ant,0.4047011137008667,0.4065104126930237
n02219486_28395-2,ant,A photo of a ant,0.4047011137008667,0.4065104126930237
n02219486_28395-4,ant,A photo of a ant,0.4047011137008667,0.4065104126930237
n02219486_28415-4,ant,A photo of a ant,0.4047011137008667,0.4065104126930237
n02219486_28584-2,ant,A photo of a ant,0.4047011137008667,0.4065104126930237
n02219486_28584-3,ant,A photo of a ant,0.4454655647277832,0.4457113742828369
n02219486_28856-6,ant,A photo of a ant,0.4454655647277832,0.4457113742828369
n02219486_28864-2,ant,A photo of a ant,0.4454655647277832,0.4457113742828369
n02219486_28996-2,ant,A photo of a ant,0.4454655647277832,0.4457113742828369
n02219486_29058-6,ant,A photo of a ant,0.4454655647277832,0.4457113742828369
n02219486_29085-2,ant,A photo of a ant,0.4454655647277832,0.4457113742828369
n02219486_29259-4,ant,A photo of a ant,0.4454655647277832,0.4457113742828369
n02219486_2939-2,ant,A photo of a ant,0.4454655647277832,0.4457113742828369
n02219486_2939-5,ant,A photo of a ant,0.457986056804657,0.45737946033477783
n02219486_29977-2,ant,A photo of a ant,0.457986056804657,0.45737946033477783
n02219486_30413-2,ant,A photo of a ant,0.457986056804657,0.45737946033477783
n02219486_30413-4,ant,A photo of a ant,0.457986056804657,0.45737946033477783
n02219486_30570-2,ant,A photo of a ant,0.457986056804657,0.45737946033477783
n02219486_30614-2,ant,A photo of a ant,0.457986056804657,0.45737946033477783
n02219486_30614-4,ant,A photo of a ant,0.457986056804657,0.45737946033477783
n02219486_4437-4,ant,A photo of a ant,0.457986056804657,0.45737946033477783
n02219486_4437-5,ant,A photo of a ant,0.43264493346214294,0.4320515990257263
n02219486_4739-2,ant,A photo of a ant,0.43264493346214294,0.4320515990257263
n02219486_4970-3,ant,A photo of a ant,0.43264493346214294,0.4320515990257263
n02219486_526-6,ant,A photo of a ant,0.43264493346214294,0.4320515990257263
n02219486_5360-1,ant,A photo of a ant,0.43264493346214294,0.4320515990257263
n02219486_5360-4,ant,A photo of a ant,0.43264493346214294,0.4320515990257263
n02219486_5542-3,ant,A photo of a ant,0.43264493346214294,0.4320515990257263
n02219486_6222-2,ant,A photo of a ant,0.43264493346214294,0.4320515990257263
n02219486_6222-5,ant,A photo of a ant,0.4036739468574524,0.4078052043914795
n02219486_6475-3,ant,A photo of a ant,0.4036739468574524,0.4078052043914795
n02219486_7061-6,ant,A photo of a ant,0.4036739468574524,0.4078052043914795
n02219486_7443-1,ant,A photo of a ant,0.4036739468574524,0.4078052043914795
n02219486_7443-2,ant,A photo of a ant,0.4036739468574524,0.4078052043914795
n02219486_8235-1,ant,A photo of a ant,0.4036739468574524,0.4078052043914795
n02219486_8235-5,ant,A photo of a ant,0.4036739468574524,0.4078052043914795
n02219486_9155-1,ant,A photo of a ant,0.4036739468574524,0.4078052043914795
n02219486_9465-3,ant,A photo of a ant,0.39993980526924133,0.39682960510253906
n02219486_9685-2,ant,A photo of a ant,0.39993980526924133,0.39682960510253906
n02470325_11241-4,ape,A photo of a ape,0.39993980526924133,0.39682960510253906
n02470325_11452-6,ape,A photo of a ape,0.39993980526924133,0.39682960510253906
n02470325_19170-3,ape,A photo of a ape,0.39993980526924133,0.39682960510253906
n02470325_19477-7,ape,A photo of a ape,0.39993980526924133,0.39682960510253906
n02470325_27427-1,ape,A photo of a ape,0.39993980526924133,0.39682960510253906
n02470325_27427-3,ape,A photo of a ape,0.39993980526924133,0.39682960510253906
n02470325_6919-1,ape,A photo of a ape,0.3572196364402771,0.356089323759079
n02480495_12444-1,ape,A photo of a ape,0.3572196364402771,0.356089323759079
n02480495_12444-4,ape,A photo of a ape,0.3572196364402771,0.356089323759079
n02480495_13679-4,ape,A photo of a ape,0.3572196364402771,0.356089323759079
n02480495_13679-5,ape,A photo of a ape,0.3572196364402771,0.356089323759079
n02480495_1469-1,ape,A photo of a ape,0.3572196364402771,0.356089323759079
n02480495_162-2,ape,A photo of a ape,0.3572196364402771,0.356089323759079
n02480495_162-4,ape,A photo of a ape,0.3572196364402771,0.356089323759079
n02480495_21334-3,ape,A photo of a ape,0.35206806659698486,0.35075947642326355
n02480495_25645-6,ape,A photo of a ape,0.35206806659698486,0.35075947642326355
n02480495_25770-1,ape,A photo of a ape,0.35206806659698486,0.35075947642326355
n02480495_25770-3,ape,A photo of a ape,0.35206806659698486,0.35075947642326355
n02480495_25770-5,ape,A photo of a ape,0.35206806659698486,0.35075947642326355
n02480495_2977-2,ape,A photo of a ape,0.35206806659698486,0.35075947642326355
n02480495_7208-5,ape,A photo of a ape,0.35206806659698486,0.35075947642326355
n02480495_788-4,ape,A photo of a ape,0.35206806659698486,0.35075947642326355
n02481500_299-2,ape,A photo of a ape,0.3290455937385559,0.32720285654067993
n02481500_6225-7,ape,A photo of a ape,0.3290455937385559,0.32720285654067993
n02481500_6804-3,ape,A photo of a ape,0.3290455937385559,0.32720285654067993
n02481500_6804-4,ape,A photo of a ape,0.3290455937385559,0.32720285654067993
n02481500_6804-5,ape,A photo of a ape,0.3290455937385559,0.32720285654067993
n02481500_9241-1,ape,A photo of a ape,0.3290455937385559,0.32720285654067993
n02481500_9248-2,ape,A photo of a ape,0.3290455937385559,0.32720285654067993
n02481500_9248-3,ape,A photo of a ape,0.3290455937385559,0.32720285654067993
n02481500_9639-1,ape,A photo of a ape,0.3274952173233032,0.32888734340667725
n02481500_9708-5,ape,A photo of a ape,0.3274952173233032,0.32888734340667725
n02481823_11104-2,ape,A photo of a ape,0.3274952173233032,0.32888734340667725
n02481823_11405-4,ape,A photo of a ape,0.3274952173233032,0.32888734340667725
n02481823_13099-4,ape,A photo of a ape,0.3274952173233032,0.32888734340667725
n02481823_13903-2,ape,A photo of a ape,0.3274952173233032,0.32888734340667725
n02481823_18886-4,ape,A photo of a ape,0.3274952173233032,0.32888734340667725
n02481823_22051-5,ape,A photo of a ape,0.3274952173233032,0.32888734340667725
n02481823_3121-3,ape,A photo of a ape,0.3792083263397217,0.37590935826301575
n02481823_6275-1,ape,A photo of a ape,0.3792083263397217,0.37590935826301575
n02481823_6275-6,ape,A photo of a ape,0.3792083263397217,0.37590935826301575
n02481823_8453-3,ape,A photo of a ape,0.3792083263397217,0.37590935826301575
n02483362_11381-5,ape,A photo of a ape,0.3792083263397217,0.37590935826301575
n02483362_1261-2,ape,A photo of a ape,0.3792083263397217,0.37590935826301575
n02483362_1736-7,ape,A photo of a ape,0.3792083263397217,0.37590935826301575
n02483362_5683-1,ape,A photo of a ape,0.3792083263397217,0.37590935826301575
n02483362_6484-6,ape,A photo of a ape,0.3698722720146179,0.36486637592315674
n02483362_6490-5,ape,A photo of a ape,0.3698722720146179,0.36486637592315674
n02483362_666-2,ape,A photo of a ape,0.3698722720146179,0.36486637592315674
n02483362_7406-1,ape,A photo of a ape,0.3698722720146179,0.36486637592315674
n02483362_7406-2,ape,A photo of a ape,0.3698722720146179,0.36486637592315674
n02483362_8084-5,ape,A photo of a ape,0.3698722720146179,0.36486637592315674
n02483362_9730-2,ape,A photo of a ape,0.3698722720146179,0.36486637592315674
n02483362_9788-5,ape,A photo of a ape,0.3698722720146179,0.36486637592315674
n02483708_3134-4,ape,A photo of a ape,0.3661208152770996,0.36905860900878906
n02483708_3170-1,ape,A photo of a ape,0.3661208152770996,0.36905860900878906
n02483708_4256-3,ape,A photo of a ape,0.3661208152770996,0.36905860900878906
n02483708_5763-3,ape,A photo of a ape,0.3661208152770996,0.36905860900878906
n02483708_6167-6,ape,A photo of a ape,0.3661208152770996,0.36905860900878906
n02483708_655-1,ape,A photo of a ape,0.3661208152770996,0.36905860900878906
n02483708_655-5,ape,A photo of a ape,0.3661208152770996,0.36905860900878906
n02483708_655-7,ape,A photo of a ape,0.3661208152770996,0.36905860900878906
n02483708_7231-2,ape,A photo of a ape,0.3958258628845215,0.40279799699783325
n07739125_10069-3,apple,A photo of a apple,0.3958258628845215,0.40279799699783325
n07739125_10135-6,apple,A photo of a apple,0.3958258628845215,0.40279799699783325
n07739125_10272-5,apple,A photo of a apple,0.3958258628845215,0.40279799699783325
n07739125_10346-1,apple,A photo of a apple,0.3958258628845215,0.40279799699783325
n07739125_10746-1,apple,A photo of a apple,0.3958258628845215,0.40279799699783325
n07739125_10799-1,apple,A photo of a apple,0.3958258628845215,0.40279799699783325
n07739125_10799-2,apple,A photo of a apple,0.3958258628845215,0.40279799699783325
n07739125_10944-1,apple,A photo of a apple,0.3943379521369934,0.3952048420906067
n07739125_10982-4,apple,A photo of a apple,0.3943379521369934,0.3952048420906067
n07739125_11148-2,apple,A photo of a apple,0.3943379521369934,0.3952048420906067
n07739125_11493-3,apple,A photo of a apple,0.3943379521369934,0.3952048420906067
n07739125_11898-3,apple,A photo of a apple,0.3943379521369934,0.3952048420906067
n07739125_12041-3,apple,A photo of a apple,0.3943379521369934,0.3952048420906067
n07739125_12263-3,apple,A photo of a apple,0.3943379521369934,0.3952048420906067
n07739125_1229-5,apple,A photo of a apple,0.3943379521369934,0.3952048420906067
n07739125_12353-3,apple,A photo of a apple,0.41065287590026855,0.41312772035598755
n07739125_1420-5,apple,A photo of a apple,0.41065287590026855,0.41312772035598755
n07739125_1421-1,apple,A photo of a apple,0.41065287590026855,0.41312772035598755
n07739125_14632-4,apple,A photo of a apple,0.41065287590026855,0.41312772035598755
n07739125_14632-5,apple,A photo of a apple,0.41065287590026855,0.41312772035598755
n07739125_1478-2,apple,A photo of a apple,0.41065287590026855,0.41312772035598755
n07739125_1478-3,apple,A photo of a apple,0.41065287590026855,0.41312772035598755
n07739125_1478-5,apple,A photo of a apple,0.41065287590026855,0.41312772035598755
n07739125_15394-1,apple,A photo of a apple,0.41564512252807617,0.41999346017837524
n07739125_15394-2,apple,A photo of a apple,0.41564512252807617,0.41999346017837524
n07739125_18914-2,apple,A photo of a apple,0.41564512252807617,0.41999346017837524
n07739125_2302-1,apple,A photo of a apple,0.41564512252807617,0.41999346017837524
n07739125_2340-4,apple,A photo of a apple,0.41564512252807617,0.41999346017837524
n07739125_240-1,apple,A photo of a apple,0.41564512252807617,0.41999346017837524
n07739125_240-2,apple,A photo of a apple,0.41564512252807617,0.41999346017837524
n07739125_240-5,apple,A photo of a apple,0.41564512252807617,0.41999346017837524
n07739125_2530-2,apple,A photo of a apple,0.37402576208114624,0.37626418471336365
n07739125_2530-6,apple,A photo of a apple,0.37402576208114624,0.37626418471336365
n07739125_2596-4,apple,A photo of a apple,0.37402576208114624,0.37626418471336365
n07739125_2644-3,apple,A photo of a apple,0.37402576208114624,0.37626418471336365
n07739125_2644-4,apple,A photo of a apple,0.37402576208114624,0.37626418471336365
n07739125_3330-1,apple,A photo of a apple,0.37402576208114624,0.37626418471336365
n07739125_3330-3,apple,A photo of a apple,0.37402576208114624,0.37626418471336365
n07739125_3330-4,apple,A photo of a apple,0.37402576208114624,0.37626418471336365
n07739125_3573-2,apple,A photo of a apple,0.4062870740890503,0.4047927260398865
n07739125_3833-8,apple,A photo of a apple,0.4062870740890503,0.4047927260398865
n07739125_3925-3,apple,A photo of a apple,0.4062870740890503,0.4047927260398865
n07739125_3972-3,apple,A photo of a apple,0.4062870740890503,0.4047927260398865
n07739125_4048-2,apple,A photo of a apple,0.4062870740890503,0.4047927260398865
n07739125_4048-3,apple,A photo of a apple,0.4062870740890503,0.4047927260398865
n07739125_4048-5,apple,A photo of a apple,0.4062870740890503,0.4047927260398865
n07739125_4100-1,apple,A photo of a apple,0.4062870740890503,0.4047927260398865
n07739125_4148-5,apple,A photo of a apple,0.40878599882125854,0.40908828377723694
n07739125_4340-1,apple,A photo of a apple,0.40878599882125854,0.40908828377723694
n07739125_4642-3,apple,A photo of a apple,0.40878599882125854,0.40908828377723694
n07739125_4642-5,apple,A photo of a apple,0.40878599882125854,0.40908828377723694
n07739125_577-2,apple,A photo of a apple,0.40878599882125854,0.40908828377723694
n07739125_577-3,apple,A photo of a apple,0.40878599882125854,0.40908828377723694
n07739125_5880-6,apple,A photo of a apple,0.40878599882125854,0.40908828377723694
n07739125_5964-4,apple,A photo of a apple,0.40878599882125854,0.40908828377723694
n07739125_6050-1,apple,A photo of a apple,0.38597649335861206,0.38607001304626465
n07739125_6050-2,apple,A photo of a apple,0.38597649335861206,0.38607001304626465
n07739125_6050-3,apple,A photo of a apple,0.38597649335861206,0.38607001304626465
n07739125_6507-1,apple,A photo of a apple,0.38597649335861206,0.38607001304626465
n07739125_6507-3,apple,A photo of a apple,0.38597649335861206,0.38607001304626465
n07739125_6507-4,apple,A photo of a apple,0.38597649335861206,0.38607001304626465
n07739125_6507-5,apple,A photo of a apple,0.38597649335861206,0.38607001304626465
n07739125_6507-6,apple,A photo of a apple,0.38597649335861206,0.38607001304626465
n07739125_6509-5,apple,A photo of a apple,0.40222764015197754,0.4062046706676483
n07739125_653-3,apple,A photo of a apple,0.40222764015197754,0.4062046706676483
n07739125_653-5,apple,A photo of a apple,0.40222764015197754,0.4062046706676483
n07739125_6752-2,apple,A photo of a apple,0.40222764015197754,0.4062046706676483
n07739125_6752-3,apple,A photo of a apple,0.40222764015197754,0.4062046706676483
n07739125_6989-5,apple,A photo of a apple,0.40222764015197754,0.4062046706676483
n07739125_7354-3,apple,A photo of a apple,0.40222764015197754,0.4062046706676483
n07739125_7569-3,apple,A photo of a apple,0.40222764015197754,0.4062046706676483
n07739125_7934-2,apple,A photo of a apple,0.3945358693599701,0.4006738066673279
n07739125_8592-1,apple,A photo of a apple,0.3945358693599701,0.4006738066673279
n07739125_8592-3,apple,A photo of a apple,0.3945358693599701,0.4006738066673279
n07739125_8773-2,apple,A photo of a apple,0.3945358693599701,0.4006738066673279
n07739125_8779-5,apple,A photo of a apple,0.3945358693599701,0.4006738066673279
n07739125_879-3,apple,A photo of a apple,0.3945358693599701,0.4006738066673279
n07739125_879-6,apple,A photo of a apple,0.3945358693599701,0.4006738066673279
n07739125_8920-2,apple,A photo of a apple,0.3945358693599701,0.4006738066673279
n07739125_9042-2,apple,A photo of a apple,0.3738838732242584,0.37441349029541016
n07739125_9193-1,apple,A photo of a apple,0.3738838732242584,0.37441349029541016
n07739125_9193-8,apple,A photo of a apple,0.3738838732242584,0.37441349029541016
n07739125_9201-6,apple,A photo of a apple,0.3738838732242584,0.37441349029541016
n07739125_9349-5,apple,A photo of a apple,0.3738838732242584,0.37441349029541016
n07739125_973-1,apple,A photo of a apple,0.3738838732242584,0.37441349029541016
n07739125_973-4,apple,A photo of a apple,0.3738838732242584,0.37441349029541016
n02895154_14298-4,armor,A photo of a armor,0.3738838732242584,0.37441349029541016
n02895154_15087-3,armor,A photo of a armor,0.3482857048511505,0.351815789937973
n02895154_17352-2,armor,A photo of a armor,0.3482857048511505,0.351815789937973
n02895154_17352-3,armor,A photo of a armor,0.3482857048511505,0.351815789937973
n02895154_25617-4,armor,A photo of a armor,0.3482857048511505,0.351815789937973
n02895154_26346-1,armor,A photo of a armor,0.3482857048511505,0.351815789937973
n02895154_26885-5,armor,A photo of a armor,0.3482857048511505,0.351815789937973
n02895154_26885-6,armor,A photo of a armor,0.3482857048511505,0.351815789937973
n02895154_27360-1,armor,A photo of a armor,0.3482857048511505,0.351815789937973
n02895154_27367-5,armor,A photo of a armor,0.3840869069099426,0.38669586181640625
n02895154_27464-5,armor,A photo of a armor,0.3840869069099426,0.38669586181640625
n02895154_28076-1,armor,A photo of a armor,0.3840869069099426,0.38669586181640625
n02895154_28076-6,armor,A photo of a armor,0.3840869069099426,0.38669586181640625
n02895154_28296-2,armor,A photo of a armor,0.3840869069099426,0.38669586181640625
n02895154_28296-3,armor,A photo of a armor,0.3840869069099426,0.38669586181640625
n02895154_28661-5,armor,A photo of a armor,0.3840869069099426,0.38669586181640625
n02895154_29239-5,armor,A photo of a armor,0.3840869069099426,0.38669586181640625
n02895154_30814-3,armor,A photo of a armor,0.3593240976333618,0.36334651708602905
n02895154_30814-5,armor,A photo of a armor,0.3593240976333618,0.36334651708602905
n02895154_31228-1,armor,A photo of a armor,0.3593240976333618,0.36334651708602905
n02895154_31228-3,armor,A photo of a armor,0.3593240976333618,0.36334651708602905
n02895154_31228-5,armor,A photo of a armor,0.3593240976333618,0.36334651708602905
n02895154_31292-2,armor,A photo of a armor,0.3593240976333618,0.36334651708602905
n02895154_31348-2,armor,A photo of a armor,0.3593240976333618,0.36334651708602905
n02895154_31348-4,armor,A photo of a armor,0.3593240976333618,0.36334651708602905
n02895154_34811-5,armor,A photo of a armor,0.38463735580444336,0.3837593197822571
n02895154_36195-1,armor,A photo of a armor,0.38463735580444336,0.3837593197822571
n02895154_4080-4,armor,A photo of a armor,0.38463735580444336,0.3837593197822571
n02895154_43122-7,armor,A photo of a armor,0.38463735580444336,0.3837593197822571
n02895154_45269-1,armor,A photo of a armor,0.38463735580444336,0.3837593197822571
n02895154_7227-1,armor,A photo of a armor,0.38463735580444336,0.3837593197822571
n02895154_7227-2,armor,A photo of a armor,0.38463735580444336,0.3837593197822571
n02895154_7314-4,armor,A photo of a armor,0.38463735580444336,0.3837593197822571
n02895154_7314-5,armor,A photo of a armor,0.3640300929546356,0.3644099533557892
n03000247_1758-5,armor,A photo of a armor,0.3640300929546356,0.3644099533557892
n03000247_19020-4,armor,A photo of a armor,0.3640300929546356,0.3644099533557892
n03000247_19879-2,armor,A photo of a armor,0.3640300929546356,0.3644099533557892
n03000247_20586-3,armor,A photo of a armor,0.3640300929546356,0.3644099533557892
n03000247_2076-2,armor,A photo of a armor,0.3640300929546356,0.3644099533557892
n03000247_2076-4,armor,A photo of a armor,0.3640300929546356,0.3644099533557892
n03000247_20859-1,armor,A photo of a armor,0.3640300929546356,0.3644099533557892
n03000247_22907-2,armor,A photo of a armor,0.3622208833694458,0.3665781319141388
n03000247_29809-1,armor,A photo of a armor,0.3622208833694458,0.3665781319141388
n03000247_29809-4,armor,A photo of a armor,0.3622208833694458,0.3665781319141388
n03000247_31993-2,armor,A photo of a armor,0.3622208833694458,0.3665781319141388
n03000247_31993-5,armor,A photo of a armor,0.3622208833694458,0.3665781319141388
n03000247_4860-1,armor,A photo of a armor,0.3622208833694458,0.3665781319141388
n03000247_4860-4,armor,A photo of a armor,0.3622208833694458,0.3665781319141388
n03000247_50401-3,armor,A photo of a armor,0.3622208833694458,0.3665781319141388
n03000247_51275-4,armor,A photo of a armor,0.3663519620895386,0.3728693425655365
n03000247_51275-5,armor,A photo of a armor,0.3663519620895386,0.3728693425655365
n03000247_55528-3,armor,A photo of a armor,0.3663519620895386,0.3728693425655365
n03000247_58938-2,armor,A photo of a armor,0.3663519620895386,0.3728693425655365
n03000247_5903-2,armor,A photo of a armor,0.3663519620895386,0.3728693425655365
n03000247_5903-3,armor,A photo of a armor,0.3663519620895386,0.3728693425655365
n03000247_60553-1,armor,A photo of a armor,0.3663519620895386,0.3728693425655365
n03000247_60553-2,armor,A photo of a armor,0.3663519620895386,0.3728693425655365
n03000247_60553-5,armor,A photo of a armor,0.3550603687763214,0.3584567606449127
n03000247_64907-4,armor,A photo of a armor,0.3550603687763214,0.3584567606449127
n03000247_68189-2,armor,A photo of a armor,0.3550603687763214,0.3584567606449127
n03000247_71108-3,armor,A photo of a armor,0.3550603687763214,0.3584567606449127
n03000247_81729-3,armor,A photo of a armor,0.3550603687763214,0.3584567606449127
n03000247_9005-1,armor,A photo of a armor,0.3550603687763214,0.3584567606449127
n03000247_9005-3,armor,A photo of a armor,0.3550603687763214,0.3584567606449127
n03000247_9005-5,armor,A photo of a armor,0.3550603687763214,0.3584567606449127
n03146219_11117-4,armor,A photo of a armor,0.35767778754234314,0.3581896126270294
n03146219_13243-3,armor,A photo of a armor,0.35767778754234314,0.3581896126270294
n03146219_13243-4,armor,A photo of a armor,0.35767778754234314,0.3581896126270294
n03146219_14029-2,armor,A photo of a armor,0.35767778754234314,0.3581896126270294
n03146219_14483-6,armor,A photo of a armor,0.35767778754234314,0.3581896126270294
n03146219_14890-3,armor,A photo of a armor,0.35767778754234314,0.3581896126270294
n03146219_14936-2,armor,A photo of a armor,0.35767778754234314,0.3581896126270294
n03146219_14936-5,armor,A photo of a armor,0.35767778754234314,0.3581896126270294
n03146219_15089-1,armor,A photo of a armor,0.35375213623046875,0.35740846395492554
n03146219_15089-5,armor,A photo of a armor,0.35375213623046875,0.35740846395492554
n03146219_15407-2,armor,A photo of a armor,0.35375213623046875,0.35740846395492554
n03146219_16626-5,armor,A photo of a armor,0.35375213623046875,0.35740846395492554
n03146219_16865-6,armor,A photo of a armor,0.35375213623046875,0.35740846395492554
n03146219_19700-2,armor,A photo of a armor,0.35375213623046875,0.35740846395492554
n03146219_19700-5,armor,A photo of a armor,0.35375213623046875,0.35740846395492554
n03146219_1975-3,armor,A photo of a armor,0.35375213623046875,0.35740846395492554
n03146219_22556-1,armor,A photo of a armor,0.3613382875919342,0.36369070410728455
n03146219_22556-2,armor,A photo of a armor,0.3613382875919342,0.36369070410728455
n03146219_24578-3,armor,A photo of a armor,0.3613382875919342,0.36369070410728455
n03146219_2723-1,armor,A photo of a armor,0.3613382875919342,0.36369070410728455
n03146219_2723-2,armor,A photo of a armor,0.3613382875919342,0.36369070410728455
n03146219_27547-4,armor,A photo of a armor,0.3613382875919342,0.36369070410728455
n03146219_4724-13,armor,A photo of a armor,0.3613382875919342,0.36369070410728455
n03146219_4724-7,armor,A photo of a armor,0.3613382875919342,0.36369070410728455
n03146219_4724-9,armor,A photo of a armor,0.34723860025405884,0.34818243980407715
n03146219_7464-1,armor,A photo of a armor,0.34723860025405884,0.34818243980407715
n03146219_8830-4,armor,A photo of a armor,0.34723860025405884,0.34818243980407715
n03146219_9502-1,armor,A photo of a armor,0.34723860025405884,0.34818243980407715
n03146219_9502-2,armor,A photo of a armor,0.34723860025405884,0.34818243980407715
n03146219_9502-4,armor,A photo of a armor,0.34723860025405884,0.34818243980407715
n03146219_9807-3,armor,A photo of a armor,0.34723860025405884,0.34818243980407715
n02764044_10976-6,axe,A photo of a axe,0.34723860025405884,0.34818243980407715
n02764044_12069-3,axe,A photo of a axe,0.43011242151260376,0.4289977550506592
n02764044_13358-3,axe,A photo of a axe,0.43011242151260376,0.4289977550506592
n02764044_14166-1,axe,A photo of a axe,0.43011242151260376,0.4289977550506592
n02764044_14467-2,axe,A photo of a axe,0.43011242151260376,0.4289977550506592
n02764044_14703-2,axe,A photo of a axe,0.43011242151260376,0.4289977550506592
n02764044_17192-2,axe,A photo of a axe,0.43011242151260376,0.4289977550506592
n02764044_17192-4,axe,A photo of a axe,0.43011242151260376,0.4289977550506592
n02764044_17212-3,axe,A photo of a axe,0.43011242151260376,0.4289977550506592
n02764044_17212-5,axe,A photo of a axe,0.44514867663383484,0.4476069211959839
n02764044_17429-3,axe,A photo of a axe,0.44514867663383484,0.4476069211959839
n02764044_17429-6,axe,A photo of a axe,0.44514867663383484,0.4476069211959839
n02764044_176-4,axe,A photo of a axe,0.44514867663383484,0.4476069211959839
n02764044_18631-5,axe,A photo of a axe,0.44514867663383484,0.4476069211959839
n02764044_19178-1,axe,A photo of a axe,0.44514867663383484,0.4476069211959839
n02764044_1990-4,axe,A photo of a axe,0.44514867663383484,0.4476069211959839
n02764044_20228-2,axe,A photo of a axe,0.44514867663383484,0.4476069211959839
n02764044_20310-7,axe,A photo of a axe,0.4083552360534668,0.40729662775993347
n02764044_21128-2,axe,A photo of a axe,0.4083552360534668,0.40729662775993347
n02764044_21128-3,axe,A photo of a axe,0.4083552360534668,0.40729662775993347
n02764044_21704-1,axe,A photo of a axe,0.4083552360534668,0.40729662775993347
n02764044_23413-3,axe,A photo of a axe,0.4083552360534668,0.40729662775993347
n02764044_24393-3,axe,A photo of a axe,0.4083552360534668,0.40729662775993347
n02764044_24805-9,axe,A photo of a axe,0.4083552360534668,0.40729662775993347
n02764044_25921-3,axe,A photo of a axe,0.4083552360534668,0.40729662775993347
n02764044_25921-4,axe,A photo of a axe,0.40294334292411804,0.40484726428985596
n02764044_26869-1,axe,A photo of a axe,0.40294334292411804,0.40484726428985596
n02764044_27196-5,axe,A photo of a axe,0.40294334292411804,0.40484726428985596
n02764044_27306-1,axe,A photo of a axe,0.40294334292411804,0.40484726428985596
n02764044_27306-10,axe,A photo of a axe,0.40294334292411804,0.40484726428985596
n02764044_28025-2,axe,A photo of a axe,0.40294334292411804,0.40484726428985596
n02764044_29021-1,axe,A photo of a axe,0.40294334292411804,0.40484726428985596
n02764044_29537-1,axe,A photo of a axe,0.40294334292411804,0.40484726428985596
n02764044_29758-1,axe,A photo of a axe,0.40657150745391846,0.40746766328811646
n02764044_29758-3,axe,A photo of a axe,0.40657150745391846,0.40746766328811646
n02764044_30393-4,axe,A photo of a axe,0.40657150745391846,0.40746766328811646
n02764044_30521-1,axe,A photo of a axe,0.40657150745391846,0.40746766328811646
n02764044_30521-3,axe,A photo of a axe,0.40657150745391846,0.40746766328811646
n02764044_30688-4,axe,A photo of a axe,0.40657150745391846,0.40746766328811646
n02764044_30843-5,axe,A photo of a axe,0.40657150745391846,0.40746766328811646
n02764044_30843-8,axe,A photo of a axe,0.40657150745391846,0.40746766328811646
n02764044_30915-1,axe,A photo of a axe,0.41321730613708496,0.41865742206573486
n02764044_31038-5,axe,A photo of a axe,0.41321730613708496,0.41865742206573486
n02764044_31253-4,axe,A photo of a axe,0.41321730613708496,0.41865742206573486
n02764044_31253-5,axe,A photo of a axe,0.41321730613708496,0.41865742206573486
n02764044_31410-5,axe,A photo of a axe,0.41321730613708496,0.41865742206573486
n02764044_31651-4,axe,A photo of a axe,0.41321730613708496,0.41865742206573486
n02764044_31657-7,axe,A photo of a axe,0.41321730613708496,0.41865742206573486
n02764044_3375-4,axe,A photo of a axe,0.41321730613708496,0.41865742206573486
n02764044_34510-2,axe,A photo of a axe,0.38194891810417175,0.388081431388855
n02764044_34611-3,axe,A photo of a axe,0.38194891810417175,0.388081431388855
n02764044_34611-5,axe,A photo of a axe,0.38194891810417175,0.388081431388855
n02764044_35733-4,axe,A photo of a axe,0.38194891810417175,0.388081431388855
n02764044_36185-3,axe,A photo of a axe,0.38194891810417175,0.388081431388855
n02764044_36185-4,axe,A photo of a axe,0.38194891810417175,0.388081431388855
n02764044_37020-2,axe,A photo of a axe,0.38194891810417175,0.388081431388855
n02764044_37529-2,axe,A photo of a axe,0.38194891810417175,0.388081431388855
n02764044_37529-5,axe,A photo of a axe,0.42294999957084656,0.4287774860858917
n02764044_38790-2,axe,A photo of a axe,0.42294999957084656,0.4287774860858917
n02764044_38790-6,axe,A photo of a axe,0.42294999957084656,0.4287774860858917
n02764044_38790-9,axe,A photo of a axe,0.42294999957084656,0.4287774860858917
n02764044_40155-2,axe,A photo of a axe,0.42294999957084656,0.4287774860858917
n02764044_4079-2,axe,A photo of a axe,0.42294999957084656,0.4287774860858917
n02764044_41079-1,axe,A photo of a axe,0.42294999957084656,0.4287774860858917
n02764044_41329-1,axe,A photo of a axe,0.42294999957084656,0.4287774860858917
n02764044_41329-3,axe,A photo of a axe,0.4119953513145447,0.41743004322052
n02764044_41329-6,axe,A photo of a axe,0.4119953513145447,0.41743004322052
n02764044_42007-1,axe,A photo of a axe,0.4119953513145447,0.41743004322052
n02764044_42054-3,axe,A photo of a axe,0.4119953513145447,0.41743004322052
n02764044_42054-5,axe,A photo of a axe,0.4119953513145447,0.41743004322052
n02764044_42150-1,axe,A photo of a axe,0.4119953513145447,0.41743004322052
n02764044_42328-1,axe,A photo of a axe,0.4119953513145447,0.41743004322052
n02764044_45346-4,axe,A photo of a axe,0.4119953513145447,0.41743004322052
n02764044_45346-8,axe,A photo of a axe,0.40032249689102173,0.40629130601882935
n02764044_47269-1,axe,A photo of a axe,0.40032249689102173,0.40629130601882935
n02764044_48259-4,axe,A photo of a axe,0.40032249689102173,0.40629130601882935
n02764044_50067-1,axe,A photo of a axe,0.40032249689102173,0.40629130601882935
n02764044_55720-3,axe,A photo of a axe,0.40032249689102173,0.40629130601882935
n02764044_55720-6,axe,A photo of a axe,0.40032249689102173,0.40629130601882935
n02764044_56166-3,axe,A photo of a axe,0.40032249689102173,0.40629130601882935
n02764044_56166-4,axe,A photo of a axe,0.40032249689102173,0.40629130601882935
n02764044_56605-3,axe,A photo of a axe,0.4110677242279053,0.41350215673446655
n02764044_6522-3,axe,A photo of a axe,0.4110677242279053,0.41350215673446655
n02764044_6522-7,axe,A photo of a axe,0.4110677242279053,0.41350215673446655
n02764044_67991-2,axe,A photo of a axe,0.4110677242279053,0.41350215673446655
n02764044_7703-4,axe,A photo of a axe,0.4110677242279053,0.41350215673446655
n02764044_8535-4,axe,A photo of a axe,0.4110677242279053,0.41350215673446655
n02764044_8535-6,axe,A photo of a axe,0.4110677242279053,0.41350215673446655
n02764044_8541-3,axe,A photo of a axe,0.4110677242279053,0.41350215673446655
n02764044_9419-6,axe,A photo of a axe,0.40421605110168457,0.4077143967151642
n02764044_9454-1,axe,A photo of a axe,0.40421605110168457,0.4077143967151642
n07753592_10196-4,banana,A photo of a banana,0.40421605110168457,0.4077143967151642
n07753592_10233-4,banana,A photo of a banana,0.40421605110168457,0.4077143967151642
n07753592_10338-4,banana,A photo of a banana,0.40421605110168457,0.4077143967151642
n07753592_10683-2,banana,A photo of a banana,0.40421605110168457,0.4077143967151642
n07753592_10683-4,banana,A photo of a banana,0.40421605110168457,0.4077143967151642
n07753592_10692-6,banana,A photo of a banana,0.40421605110168457,0.4077143967151642
n07753592_10800-1,banana,A photo of a banana,0.41940444707870483,0.4187717139720917
n07753592_11136-2,banana,A photo of a banana,0.41940444707870483,0.4187717139720917
n07753592_115-4,banana,A photo of a banana,0.41940444707870483,0.4187717139720917
n07753592_11641-2,banana,A photo of a banana,0.41940444707870483,0.4187717139720917
n07753592_11653-3,banana,A photo of a banana,0.41940444707870483,0.4187717139720917
n07753592_11653-6,banana,A photo of a banana,0.41940444707870483,0.4187717139720917
n07753592_11653-7,banana,A photo of a banana,0.41940444707870483,0.4187717139720917
n07753592_11771-7,banana,A photo of a banana,0.41940444707870483,0.4187717139720917
n07753592_1193-1,banana,A photo of a banana,0.43098315596580505,0.4368578791618347
n07753592_1193-3,banana,A photo of a banana,0.43098315596580505,0.4368578791618347
n07753592_1234-4,banana,A photo of a banana,0.43098315596580505,0.4368578791618347
n07753592_13817-4,banana,A photo of a banana,0.43098315596580505,0.4368578791618347
n07753592_13817-5,banana,A photo of a banana,0.43098315596580505,0.4368578791618347
n07753592_14175-3,banana,A photo of a banana,0.43098315596580505,0.4368578791618347
n07753592_14175-6,banana,A photo of a banana,0.43098315596580505,0.4368578791618347
n07753592_14707-4,banana,A photo of a banana,0.43098315596580505,0.4368578791618347
n07753592_15242-3,banana,A photo of a banana,0.41895052790641785,0.4243365228176117
n07753592_15242-5,banana,A photo of a banana,0.41895052790641785,0.4243365228176117
n07753592_15903-6,banana,A photo of a banana,0.41895052790641785,0.4243365228176117
n07753592_15936-3,banana,A photo of a banana,0.41895052790641785,0.4243365228176117
n07753592_16462-2,banana,A photo of a banana,0.41895052790641785,0.4243365228176117
n07753592_16664-4,banana,A photo of a banana,0.41895052790641785,0.4243365228176117
n07753592_16664-5,banana,A photo of a banana,0.41895052790641785,0.4243365228176117
n07753592_16721-4,banana,A photo of a banana,0.41895052790641785,0.4243365228176117
n07753592_16721-7,banana,A photo of a banana,0.41799283027648926,0.4227268695831299
n07753592_1706-3,banana,A photo of a banana,0.41799283027648926,0.4227268695831299
n07753592_188-6,banana,A photo of a banana,0.41799283027648926,0.4227268695831299
n07753592_2065-5,banana,A photo of a banana,0.41799283027648926,0.4227268695831299
n07753592_2070-1,banana,A photo of a banana,0.41799283027648926,0.4227268695831299
n07753592_20750-7,banana,A photo of a banana,0.41799283027648926,0.4227268695831299
n07753592_2114-7,banana,A photo of a banana,0.41799283027648926,0.4227268695831299
n07753592_22116-2,banana,A photo of a banana,0.41799283027648926,0.4227268695831299
n07753592_2319-3,banana,A photo of a banana,0.3846057057380676,0.3878817856311798
n07753592_2319-5,banana,A photo of a banana,0.3846057057380676,0.3878817856311798
n07753592_2383-4,banana,A photo of a banana,0.3846057057380676,0.3878817856311798
n07753592_2395-8,banana,A photo of a banana,0.3846057057380676,0.3878817856311798
n07753592_3383-2,banana,A photo of a banana,0.3846057057380676,0.3878817856311798
n07753592_3383-3,banana,A photo of a banana,0.3846057057380676,0.3878817856311798
n07753592_3383-8,banana,A photo of a banana,0.3846057057380676,0.3878817856311798
n07753592_3491-6,banana,A photo of a banana,0.3846057057380676,0.3878817856311798
n07753592_3575-1,banana,A photo of a banana,0.4060431718826294,0.41061505675315857
n07753592_3575-4,banana,A photo of a banana,0.4060431718826294,0.41061505675315857
n07753592_3765-2,banana,A photo of a banana,0.4060431718826294,0.41061505675315857
n07753592_3854-2,banana,A photo of a banana,0.4060431718826294,0.41061505675315857
n07753592_4200-3,banana,A photo of a banana,0.4060431718826294,0.41061505675315857
n07753592_4200-4,banana,A photo of a banana,0.4060431718826294,0.41061505675315857
n07753592_4878-4,banana,A photo of a banana,0.4060431718826294,0.41061505675315857
n07753592_5019-5,banana,A photo of a banana,0.4060431718826294,0.41061505675315857
n07753592_5542-1,banana,A photo of a banana,0.4439547657966614,0.441619336605072
n07753592_5542-4,banana,A photo of a banana,0.4439547657966614,0.441619336605072
n07753592_5699-7,banana,A photo of a banana,0.4439547657966614,0.441619336605072
n07753592_5847-1,banana,A photo of a banana,0.4439547657966614,0.441619336605072
n07753592_5847-10,banana,A photo of a banana,0.4439547657966614,0.441619336605072
n07753592_5847-5,banana,A photo of a banana,0.4439547657966614,0.441619336605072
n07753592_5855-1,banana,A photo of a banana,0.4439547657966614,0.441619336605072
n07753592_5855-6,banana,A photo of a banana,0.4439547657966614,0.441619336605072
n07753592_6075-3,banana,A photo of a banana,0.41311556100845337,0.4167958199977875
n07753592_6337-5,banana,A photo of a banana,0.41311556100845337,0.4167958199977875
n07753592_6356-2,banana,A photo of a banana,0.41311556100845337,0.4167958199977875
n07753592_6708-6,banana,A photo of a banana,0.41311556100845337,0.4167958199977875
n07753592_6768-4,banana,A photo of a banana,0.41311556100845337,0.4167958199977875
n07753592_6916-7,banana,A photo of a banana,0.41311556100845337,0.4167958199977875
n07753592_7303-1,banana,A photo of a banana,0.41311556100845337,0.4167958199977875
n07753592_7303-2,banana,A photo of a banana,0.41311556100845337,0.4167958199977875
n07753592_7303-3,banana,A photo of a banana,0.3965966999530792,0.4022776484489441
n07753592_7427-3,banana,A photo of a banana,0.3965966999530792,0.4022776484489441
n07753592_7542-3,banana,A photo of a banana,0.3965966999530792,0.4022776484489441
n07753592_776-1,banana,A photo of a banana,0.3965966999530792,0.4022776484489441
n07753592_776-4,banana,A photo of a banana,0.3965966999530792,0.4022776484489441
n07753592_7792-1,banana,A photo of a banana,0.3965966999530792,0.4022776484489441
n07753592_7792-2,banana,A photo of a banana,0.3965966999530792,0.4022776484489441
n07753592_7910-6,banana,A photo of a banana,0.3965966999530792,0.4022776484489441
n07753592_7910-8,banana,A photo of a banana,0.3855886459350586,0.39424484968185425
n07753592_8245-2,banana,A photo of a banana,0.3855886459350586,0.39424484968185425
n07753592_8245-5,banana,A photo of a banana,0.3855886459350586,0.39424484968185425
n07753592_8245-7,banana,A photo of a banana,0.3855886459350586,0.39424484968185425
n07753592_8288-1,banana,A photo of a banana,0.3855886459350586,0.39424484968185425
n07753592_8288-4,banana,A photo of a banana,0.3855886459350586,0.39424484968185425
n07753592_8723-2,banana,A photo of a banana,0.3855886459350586,0.39424484968185425
n07753592_8723-3,banana,A photo of a banana,0.3855886459350586,0.39424484968185425
n07753592_9024-5,banana,A photo of a banana,0.43408524990081787,0.4390832185745239
n07753592_9134-5,banana,A photo of a banana,0.43408524990081787,0.4390832185745239
n07753592_9310-1,banana,A photo of a banana,0.43408524990081787,0.4390832185745239
n07753592_9310-10,banana,A photo of a banana,0.43408524990081787,0.4390832185745239
n07753592_9310-4,banana,A photo of a banana,0.43408524990081787,0.4390832185745239
n07753592_9310-7,banana,A photo of a banana,0.43408524990081787,0.4390832185745239
n02139199_10654-1,bat,A photo of a bat,0.43408524990081787,0.4390832185745239
n02139199_10654-11,bat,A photo of a bat,0.43408524990081787,0.4390832185745239
n02139199_10978-1,bat,A photo of a bat,0.37275558710098267,0.3769223690032959
n02139199_10978-4,bat,A photo of a bat,0.37275558710098267,0.3769223690032959
n02139199_11031-3,bat,A photo of a bat,0.37275558710098267,0.3769223690032959
n02139199_11213-2,bat,A photo of a bat,0.37275558710098267,0.3769223690032959
n02139199_11363-5,bat,A photo of a bat,0.37275558710098267,0.3769223690032959
n02139199_11487-5,bat,A photo of a bat,0.37275558710098267,0.3769223690032959
n02139199_11501-4,bat,A photo of a bat,0.37275558710098267,0.3769223690032959
n02139199_11501-5,bat,A photo of a bat,0.37275558710098267,0.3769223690032959
n02139199_11501-7,bat,A photo of a bat,0.4154455363750458,0.418875515460968
n02139199_11772-3,bat,A photo of a bat,0.4154455363750458,0.418875515460968
n02139199_11772-4,bat,A photo of a bat,0.4154455363750458,0.418875515460968
n02139199_11941-3,bat,A photo of a bat,0.4154455363750458,0.418875515460968
n02139199_11941-6,bat,A photo of a bat,0.4154455363750458,0.418875515460968
n02139199_12066-1,bat,A photo of a bat,0.4154455363750458,0.418875515460968
n02139199_12066-5,bat,A photo of a bat,0.4154455363750458,0.418875515460968
n02139199_12331-1,bat,A photo of a bat,0.4154455363750458,0.418875515460968
n02139199_12462-2,bat,A photo of a bat,0.40009599924087524,0.400757372379303
n02139199_12462-5,bat,A photo of a bat,0.40009599924087524,0.400757372379303
n02139199_12918-1,bat,A photo of a bat,0.40009599924087524,0.400757372379303
n02139199_12918-2,bat,A photo of a bat,0.40009599924087524,0.400757372379303
n02139199_12998-2,bat,A photo of a bat,0.40009599924087524,0.400757372379303
n02139199_1332-2,bat,A photo of a bat,0.40009599924087524,0.400757372379303
n02139199_1332-3,bat,A photo of a bat,0.40009599924087524,0.400757372379303
n02139199_1332-7,bat,A photo of a bat,0.40009599924087524,0.400757372379303
n02139199_13820-5,bat,A photo of a bat,0.40894612669944763,0.41050922870635986
n02139199_13983-7,bat,A photo of a bat,0.40894612669944763,0.41050922870635986
n02139199_14023-4,bat,A photo of a bat,0.40894612669944763,0.41050922870635986
n02139199_14100-7,bat,A photo of a bat,0.40894612669944763,0.41050922870635986
n02139199_14279-1,bat,A photo of a bat,0.40894612669944763,0.41050922870635986
n02139199_15352-1,bat,A photo of a bat,0.40894612669944763,0.41050922870635986
n02139199_15352-3,bat,A photo of a bat,0.40894612669944763,0.41050922870635986
n02139199_15667-5,bat,A photo of a bat,0.40894612669944763,0.41050922870635986
n02139199_15768-4,bat,A photo of a bat,0.4053316116333008,0.4056355953216553
n02139199_15837-2,bat,A photo of a bat,0.4053316116333008,0.4056355953216553
n02139199_15837-4,bat,A photo of a bat,0.4053316116333008,0.4056355953216553
n02139199_15837-6,bat,A photo of a bat,0.4053316116333008,0.4056355953216553
n02139199_15837-7,bat,A photo of a bat,0.4053316116333008,0.4056355953216553
n02139199_16049-3,bat,A photo of a bat,0.4053316116333008,0.4056355953216553
n02139199_16145-4,bat,A photo of a bat,0.4053316116333008,0.4056355953216553
n02139199_16324-2,bat,A photo of a bat,0.4053316116333008,0.4056355953216553
n02139199_2758-5,bat,A photo of a bat,0.4193315804004669,0.42459118366241455
n02139199_2758-7,bat,A photo of a bat,0.4193315804004669,0.42459118366241455
n02139199_2758-8,bat,A photo of a bat,0.4193315804004669,0.42459118366241455
n02139199_5404-1,bat,A photo of a bat,0.4193315804004669,0.42459118366241455
n02139199_5404-4,bat,A photo of a bat,0.4193315804004669,0.42459118366241455
n02139199_5680-1,bat,A photo of a bat,0.4193315804004669,0.42459118366241455
n02139199_7035-1,bat,A photo of a bat,0.4193315804004669,0.42459118366241455
n02139199_7402-6,bat,A photo of a bat,0.4193315804004669,0.42459118366241455
n02139199_7674-1,bat,A photo of a bat,0.4019143581390381,0.4035903513431549
n02139199_7674-2,bat,A photo of a bat,0.4019143581390381,0.4035903513431549
n02139199_7747-1,bat,A photo of a bat,0.4019143581390381,0.4035903513431549
n02139199_7747-2,bat,A photo of a bat,0.4019143581390381,0.4035903513431549
n02139199_7747-3,bat,A photo of a bat,0.4019143581390381,0.4035903513431549
n02139199_8466-1,bat,A photo of a bat,0.4019143581390381,0.4035903513431549
n02139199_8511-1,bat,A photo of a bat,0.4019143581390381,0.4035903513431549
n02139199_8511-2,bat,A photo of a bat,0.4019143581390381,0.4035903513431549
n02139199_8511-4,bat,A photo of a bat,0.47808077931404114,0.47765862941741943
n02139199_8746-5,bat,A photo of a bat,0.47808077931404114,0.47765862941741943
n02139199_8901-1,bat,A photo of a bat,0.47808077931404114,0.47765862941741943
n02139199_9033-4,bat,A photo of a bat,0.47808077931404114,0.47765862941741943
n02139199_9033-5,bat,A photo of a bat,0.47808077931404114,0.47765862941741943
n02139199_9869-2,bat,A photo of a bat,0.47808077931404114,0.47765862941741943
n02139199_9978-3,bat,A photo of a bat,0.47808077931404114,0.47765862941741943
n02142407_109-2,bat,A photo of a bat,0.47808077931404114,0.47765862941741943
n02142407_538-6,bat,A photo of a bat,0.39694729447364807,0.40111541748046875
n02147328_152-3,bat,A photo of a bat,0.39694729447364807,0.40111541748046875
n02147328_2008-3,bat,A photo of a bat,0.39694729447364807,0.40111541748046875
n02147328_2008-8,bat,A photo of a bat,0.39694729447364807,0.40111541748046875
n02147328_29-2,bat,A photo of a bat,0.39694729447364807,0.40111541748046875
n02147328_2911-3,bat,A photo of a bat,0.39694729447364807,0.40111541748046875
n02147328_2911-5,bat,A photo of a bat,0.39694729447364807,0.40111541748046875
n02147328_4152-3,bat,A photo of a bat,0.39694729447364807,0.40111541748046875
n02147328_433-2,bat,A photo of a bat,0.35229969024658203,0.3570888340473175
n02147328_433-6,bat,A photo of a bat,0.35229969024658203,0.3570888340473175
n02147328_433-7,bat,A photo of a bat,0.35229969024658203,0.3570888340473175
n02147947_2828-2,bat,A photo of a bat,0.35229969024658203,0.3570888340473175
n02147947_3611-2,bat,A photo of a bat,0.35229969024658203,0.3570888340473175
n02147947_3611-6,bat,A photo of a bat,0.35229969024658203,0.3570888340473175
n02147947_3903-1,bat,A photo of a bat,0.35229969024658203,0.3570888340473175
n02147947_3903-2,bat,A photo of a bat,0.35229969024658203,0.3570888340473175
n02147947_4332-6,bat,A photo of a bat,0.3692498803138733,0.3731231689453125
n02147947_5693-1,bat,A photo of a bat,0.3692498803138733,0.3731231689453125
n02147947_5693-4,bat,A photo of a bat,0.3692498803138733,0.3731231689453125
n02147947_5693-5,bat,A photo of a bat,0.3692498803138733,0.3731231689453125
n02147947_5693-6,bat,A photo of a bat,0.3692498803138733,0.3731231689453125
n02147947_6236-6,bat,A photo of a bat,0.3692498803138733,0.3731231689453125
n02147947_6236-7,bat,A photo of a bat,0.3692498803138733,0.3731231689453125
n02147947_7543-1,bat,A photo of a bat,0.3692498803138733,0.3731231689453125
n02147947_762-3,bat,A photo of a bat,0.40154770016670227,0.40321582555770874
n02147947_8129-2,bat,A photo of a bat,0.40154770016670227,0.40321582555770874
n02149420_2651-4,bat,A photo of a bat,0.40154770016670227,0.40321582555770874
n02149420_28-1,bat,A photo of a bat,0.40154770016670227,0.40321582555770874
n02149420_28-4,bat,A photo of a bat,0.40154770016670227,0.40321582555770874
n02149420_3281-4,bat,A photo of a bat,0.40154770016670227,0.40321582555770874
n02149420_3281-6,bat,A photo of a bat,0.40154770016670227,0.40321582555770874
n02149420_3285-1,bat,A photo of a bat,0.40154770016670227,0.40321582555770874
n02149420_3768-5,bat,A photo of a bat,0.4618261456489563,0.4651325047016144
n02149420_710-1,bat,A photo of a bat,0.4618261456489563,0.4651325047016144
n02149420_710-2,bat,A photo of a bat,0.4618261456489563,0.4651325047016144
n02149420_776-2,bat,A photo of a bat,0.4618261456489563,0.4651325047016144
n02149420_878-4,bat,A photo of a bat,0.4618261456489563,0.4651325047016144
n02149420_878-5,bat,A photo of a bat,0.4618261456489563,0.4651325047016144
n02149420_878-7,bat,A photo of a bat,0.4618261456489563,0.4651325047016144
n02131653_10374-1,bear,A photo of a bear,0.4618261456489563,0.4651325047016144
n02131653_10683-3,bear,A photo of a bear,0.3700908422470093,0.37108004093170166
n02131653_11000-6,bear,A photo of a bear,0.3700908422470093,0.37108004093170166
n02131653_11210-5,bear,A photo of a bear,0.3700908422470093,0.37108004093170166
n02131653_11369-9,bear,A photo of a bear,0.3700908422470093,0.37108004093170166
n02131653_11398-13,bear,A photo of a bear,0.3700908422470093,0.37108004093170166
n02131653_11398-7,bear,A photo of a bear,0.3700908422470093,0.37108004093170166
n02131653_11791-1,bear,A photo of a bear,0.3700908422470093,0.37108004093170166
n02131653_11791-2,bear,A photo of a bear,0.3700908422470093,0.37108004093170166
n02131653_11791-4,bear,A photo of a bear,0.37488314509391785,0.37371379137039185
n02131653_12430-1,bear,A photo of a bear,0.37488314509391785,0.37371379137039185
n02131653_12430-5,bear,A photo of a bear,0.37488314509391785,0.37371379137039185
n02131653_13216-2,bear,A photo of a bear,0.37488314509391785,0.37371379137039185
n02131653_13407-2,bear,A photo of a bear,0.37488314509391785,0.37371379137039185
n02131653_13488-2,bear,A photo of a bear,0.37488314509391785,0.37371379137039185
n02131653_1381-7,bear,A photo of a bear,0.37488314509391785,0.37371379137039185
n02131653_13834-5,bear,A photo of a bear,0.37488314509391785,0.37371379137039185
n02131653_1396-5,bear,A photo of a bear,0.38137343525886536,0.3770717978477478
n02131653_1442-1,bear,A photo of a bear,0.38137343525886536,0.3770717978477478
n02131653_1442-4,bear,A photo of a bear,0.38137343525886536,0.3770717978477478
n02131653_14677-3,bear,A photo of a bear,0.38137343525886536,0.3770717978477478
n02131653_1526-3,bear,A photo of a bear,0.38137343525886536,0.3770717978477478
n02131653_1526-6,bear,A photo of a bear,0.38137343525886536,0.3770717978477478
n02131653_1545-5,bear,A photo of a bear,0.38137343525886536,0.3770717978477478
n02131653_170-1,bear,A photo of a bear,0.38137343525886536,0.3770717978477478
n02131653_1726-2,bear,A photo of a bear,0.3409877121448517,0.3395766615867615
n02131653_1726-5,bear,A photo of a bear,0.3409877121448517,0.3395766615867615
n02131653_1786-4,bear,A photo of a bear,0.3409877121448517,0.3395766615867615
n02131653_1827-5,bear,A photo of a bear,0.3409877121448517,0.3395766615867615
n02131653_2077-5,bear,A photo of a bear,0.3409877121448517,0.3395766615867615
n02131653_2177-4,bear,A photo of a bear,0.3409877121448517,0.3395766615867615
n02131653_2619-7,bear,A photo of a bear,0.3409877121448517,0.3395766615867615
n02131653_2786-4,bear,A photo of a bear,0.3409877121448517,0.3395766615867615
n02131653_2977-1,bear,A photo of a bear,0.3540169596672058,0.35112354159355164
n02131653_2977-6,bear,A photo of a bear,0.3540169596672058,0.35112354159355164
n02131653_3012-1,bear,A photo of a bear,0.3540169596672058,0.35112354159355164
n02131653_3353-1,bear,A photo of a bear,0.3540169596672058,0.35112354159355164
n02131653_3353-3,bear,A photo of a bear,0.3540169596672058,0.35112354159355164
n02131653_3353-7,bear,A photo of a bear,0.3540169596672058,0.35112354159355164
n02131653_3580-5,bear,A photo of a bear,0.3540169596672058,0.35112354159355164
n02131653_4002-3,bear,A photo of a bear,0.3540169596672058,0.35112354159355164
n02131653_4002-4,bear,A photo of a bear,0.3509674668312073,0.34925931692123413
n02131653_4002-6,bear,A photo of a bear,0.3509674668312073,0.34925931692123413
n02131653_4136-1,bear,A photo of a bear,0.3509674668312073,0.34925931692123413
n02131653_4242-5,bear,A photo of a bear,0.3509674668312073,0.34925931692123413
n02131653_508-2,bear,A photo of a bear,0.3509674668312073,0.34925931692123413
n02131653_5229-2,bear,A photo of a bear,0.3509674668312073,0.34925931692123413
n02131653_5229-4,bear,A photo of a bear,0.3509674668312073,0.34925931692123413
n02131653_5229-6,bear,A photo of a bear,0.3509674668312073,0.34925931692123413
n02131653_5351-4,bear,A photo of a bear,0.3400990962982178,0.3407510817050934
n02131653_5478-2,bear,A photo of a bear,0.3400990962982178,0.3407510817050934
n02131653_5879-3,bear,A photo of a bear,0.3400990962982178,0.3407510817050934
n02131653_5879-4,bear,A photo of a bear,0.3400990962982178,0.3407510817050934
n02131653_6052-1,bear,A photo of a bear,0.3400990962982178,0.3407510817050934
n02131653_6170-4,bear,A photo of a bear,0.3400990962982178,0.3407510817050934
n02131653_6170-7,bear,A photo of a bear,0.3400990962982178,0.3407510817050934
n02131653_6184-4,bear,A photo of a bear,0.3400990962982178,0.3407510817050934
n02131653_6184-6,bear,A photo of a bear,0.3760684132575989,0.37867671251296997
n02131653_6225-1,bear,A photo of a bear,0.3760684132575989,0.37867671251296997
n02131653_6225-2,bear,A photo of a bear,0.3760684132575989,0.37867671251296997
n02131653_6392-3,bear,A photo of a bear,0.3760684132575989,0.37867671251296997
n02131653_6518-4,bear,A photo of a bear,0.3760684132575989,0.37867671251296997
n02131653_6518-5,bear,A photo of a bear,0.3760684132575989,0.37867671251296997
n02131653_6518-6,bear,A photo of a bear,0.3760684132575989,0.37867671251296997
n02131653_6518-8,bear,A photo of a bear,0.3760684132575989,0.37867671251296997
n02131653_7163-3,bear,A photo of a bear,0.33621206879615784,0.33411306142807007
n02131653_7466-3,bear,A photo of a bear,0.33621206879615784,0.33411306142807007
n02131653_7466-6,bear,A photo of a bear,0.33621206879615784,0.33411306142807007
n02131653_7466-8,bear,A photo of a bear,0.33621206879615784,0.33411306142807007
n02131653_7565-2,bear,A photo of a bear,0.33621206879615784,0.33411306142807007
n02131653_7565-5,bear,A photo of a bear,0.33621206879615784,0.33411306142807007
n02131653_7633-4,bear,A photo of a bear,0.33621206879615784,0.33411306142807007
n02131653_7633-5,bear,A photo of a bear,0.33621206879615784,0.33411306142807007
n02131653_7669-5,bear,A photo of a bear,0.3582971692085266,0.35631537437438965
n02131653_7966-1,bear,A photo of a bear,0.3582971692085266,0.35631537437438965
n02131653_7966-5,bear,A photo of a bear,0.3582971692085266,0.35631537437438965
n02131653_7966-7,bear,A photo of a bear,0.3582971692085266,0.35631537437438965
n02131653_8010-1,bear,A photo of a bear,0.3582971692085266,0.35631537437438965
n02131653_8010-4,bear,A photo of a bear,0.3582971692085266,0.35631537437438965
n02131653_8010-6,bear,A photo of a bear,0.3582971692085266,0.35631537437438965
n02131653_808-3,bear,A photo of a bear,0.3582971692085266,0.35631537437438965
n02131653_8141-1,bear,A photo of a bear,0.41064587235450745,0.408907949924469
n02131653_8141-6,bear,A photo of a bear,0.41064587235450745,0.408907949924469
n02131653_832-3,bear,A photo of a bear,0.41064587235450745,0.408907949924469
n02131653_832-7,bear,A photo of a bear,0.41064587235450745,0.408907949924469
n02131653_8543-2,bear,A photo of a bear,0.41064587235450745,0.408907949924469
n02131653_8543-3,bear,A photo of a bear,0.41064587235450745,0.408907949924469
n02131653_8906-5,bear,A photo of a bear,0.41064587235450745,0.408907949924469
n02131653_8933-1,bear,A photo of a bear,0.41064587235450745,0.408907949924469
n02131653_8933-2,bear,A photo of a bear,0.3666325509548187,0.36201396584510803
n02131653_8933-3,bear,A photo of a bear,0.3666325509548187,0.36201396584510803
n02131653_9118-2,bear,A photo of a bear,0.3666325509548187,0.36201396584510803
n02131653_9118-3,bear,A photo of a bear,0.3666325509548187,0.36201396584510803
n02131653_9691-2,bear,A photo of a bear,0.3666325509548187,0.36201396584510803
n02206856_1036-1,bee,A photo of a bee,0.3666325509548187,0.36201396584510803
n02206856_1036-2,bee,A photo of a bee,0.3666325509548187,0.36201396584510803
n02206856_1036-4,bee,A photo of a bee,0.3666325509548187,0.36201396584510803
n02206856_1036-5,bee,A photo of a bee,0.38850513100624084,0.39112138748168945
n02206856_1036-7,bee,A photo of a bee,0.38850513100624084,0.39112138748168945
n02206856_1042-3,bee,A photo of a bee,0.38850513100624084,0.39112138748168945
n02206856_1139-1,bee,A photo of a bee,0.38850513100624084,0.39112138748168945
n02206856_1139-2,bee,A photo of a bee,0.38850513100624084,0.39112138748168945
n02206856_1139-3,bee,A photo of a bee,0.38850513100624084,0.39112138748168945
n02206856_1216-3,bee,A photo of a bee,0.38850513100624084,0.39112138748168945
n02206856_1216-9,bee,A photo of a bee,0.38850513100624084,0.39112138748168945
n02206856_12747-9,bee,A photo of a bee,0.3682163655757904,0.36871597170829773
n02206856_1538-1,bee,A photo of a bee,0.3682163655757904,0.36871597170829773
n02206856_1538-4,bee,A photo of a bee,0.3682163655757904,0.36871597170829773
n02206856_1706-1,bee,A photo of a bee,0.3682163655757904,0.36871597170829773
n02206856_1706-6,bee,A photo of a bee,0.3682163655757904,0.36871597170829773
n02206856_1706-8,bee,A photo of a bee,0.3682163655757904,0.36871597170829773
n02206856_1738-4,bee,A photo of a bee,0.3682163655757904,0.36871597170829773
n02206856_1815-6,bee,A photo of a bee,0.3682163655757904,0.36871597170829773
n02206856_1969-3,bee,A photo of a bee,0.3784831762313843,0.3789878189563751
n02206856_2026-3,bee,A photo of a bee,0.3784831762313843,0.3789878189563751
n02206856_2074-2,bee,A photo of a bee,0.3784831762313843,0.3789878189563751
n02206856_2074-4,bee,A photo of a bee,0.3784831762313843,0.3789878189563751
n02206856_2106-1,bee,A photo of a bee,0.3784831762313843,0.3789878189563751
n02206856_21693-3,bee,A photo of a bee,0.3784831762313843,0.3789878189563751
n02206856_2352-3,bee,A photo of a bee,0.3784831762313843,0.3789878189563751
n02206856_2419-1,bee,A photo of a bee,0.3784831762313843,0.3789878189563751
n02206856_2419-10,bee,A photo of a bee,0.40186965465545654,0.40356582403182983
n02206856_2419-12,bee,A photo of a bee,0.40186965465545654,0.40356582403182983
n02206856_2419-4,bee,A photo of a bee,0.40186965465545654,0.40356582403182983
n02206856_2630-4,bee,A photo of a bee,0.40186965465545654,0.40356582403182983
n02206856_2919-3,bee,A photo of a bee,0.40186965465545654,0.40356582403182983
n02206856_301-1,bee,A photo of a bee,0.40186965465545654,0.40356582403182983
n02206856_301-4,bee,A photo of a bee,0.40186965465545654,0.40356582403182983
n02206856_3065-4,bee,A photo of a bee,0.40186965465545654,0.40356582403182983
n02206856_3226-2,bee,A photo of a bee,0.3852309286594391,0.3871198296546936
n02206856_3259-2,bee,A photo of a bee,0.3852309286594391,0.3871198296546936
n02206856_3362-2,bee,A photo of a bee,0.3852309286594391,0.3871198296546936
n02206856_3394-1,bee,A photo of a bee,0.3852309286594391,0.3871198296546936
n02206856_3457-1,bee,A photo of a bee,0.3852309286594391,0.3871198296546936
n02206856_3457-7,bee,A photo of a bee,0.3852309286594391,0.3871198296546936
n02206856_3857-1,bee,A photo of a bee,0.3852309286594391,0.3871198296546936
n02206856_3891-1,bee,A photo of a bee,0.3852309286594391,0.3871198296546936
n02206856_3945-3,bee,A photo of a bee,0.3618682622909546,0.3622633218765259
n02206856_3945-4,bee,A photo of a bee,0.3618682622909546,0.3622633218765259
n02206856_4166-3,bee,A photo of a bee,0.3618682622909546,0.3622633218765259
n02206856_4249-1,bee,A photo of a bee,0.3618682622909546,0.3622633218765259
n02206856_4339-4,bee,A photo of a bee,0.3618682622909546,0.3622633218765259
n02206856_4339-9,bee,A photo of a bee,0.3618682622909546,0.3622633218765259
n02206856_4491-3,bee,A photo of a bee,0.3618682622909546,0.3622633218765259
n02206856_4491-5,bee,A photo of a bee,0.3618682622909546,0.3622633218765259
n02206856_5155-4,bee,A photo of a bee,0.37633734941482544,0.37500739097595215
n02206856_5200-5,bee,A photo of a bee,0.37633734941482544,0.37500739097595215
n02206856_5243-5,bee,A photo of a bee,0.37633734941482544,0.37500739097595215
n02206856_5850-4,bee,A photo of a bee,0.37633734941482544,0.37500739097595215
n02206856_5850-5,bee,A photo of a bee,0.37633734941482544,0.37500739097595215
n02206856_5897-3,bee,A photo of a bee,0.37633734941482544,0.37500739097595215
n02206856_5899-1,bee,A photo of a bee,0.37633734941482544,0.37500739097595215
n02206856_5899-7,bee,A photo of a bee,0.37633734941482544,0.37500739097595215
n02206856_5923-1,bee,A photo of a bee,0.41584575176239014,0.41696664690971375
n02206856_5999-3,bee,A photo of a bee,0.41584575176239014,0.41696664690971375
n02206856_617-7,bee,A photo of a bee,0.41584575176239014,0.41696664690971375
n02206856_6214-1,bee,A photo of a bee,0.41584575176239014,0.41696664690971375
n02206856_6214-3,bee,A photo of a bee,0.41584575176239014,0.41696664690971375
n02206856_6246-1,bee,A photo of a bee,0.41584575176239014,0.41696664690971375
n02206856_6246-3,bee,A photo of a bee,0.41584575176239014,0.41696664690971375
n02206856_6246-8,bee,A photo of a bee,0.41584575176239014,0.41696664690971375
n02206856_6535-5,bee,A photo of a bee,0.3783395290374756,0.37399744987487793
n02206856_6535-7,bee,A photo of a bee,0.3783395290374756,0.37399744987487793
n02206856_6708-6,bee,A photo of a bee,0.3783395290374756,0.37399744987487793
n02206856_6903-2,bee,A photo of a bee,0.3783395290374756,0.37399744987487793
n02206856_6903-4,bee,A photo of a bee,0.3783395290374756,0.37399744987487793
n02206856_6903-5,bee,A photo of a bee,0.3783395290374756,0.37399744987487793
n02206856_6903-7,bee,A photo of a bee,0.3783395290374756,0.37399744987487793
n02206856_7037-1,bee,A photo of a bee,0.3783395290374756,0.37399744987487793
n02206856_7037-2,bee,A photo of a bee,0.40738606452941895,0.40752536058425903
n02206856_7037-5,bee,A photo of a bee,0.40738606452941895,0.40752536058425903
n02206856_715-1,bee,A photo of a bee,0.40738606452941895,0.40752536058425903
n02206856_715-6,bee,A photo of a bee,0.40738606452941895,0.40752536058425903
n02206856_7348-5,bee,A photo of a bee,0.40738606452941895,0.40752536058425903
n02206856_743-6,bee,A photo of a bee,0.40738606452941895,0.40752536058425903
n02206856_7535-3,bee,A photo of a bee,0.40738606452941895,0.40752536058425903
n02206856_7680-2,bee,A photo of a bee,0.40738606452941895,0.40752536058425903
n02206856_772-1,bee,A photo of a bee,0.379204124212265,0.38261377811431885
n02206856_772-3,bee,A photo of a bee,0.379204124212265,0.38261377811431885
n02206856_7782-3,bee,A photo of a bee,0.379204124212265,0.38261377811431885
n02206856_7782-6,bee,A photo of a bee,0.379204124212265,0.38261377811431885
n02206856_788-3,bee,A photo of a bee,0.379204124212265,0.38261377811431885
n02206856_8145-3,bee,A photo of a bee,0.379204124212265,0.38261377811431885
n02206856_8187-1,bee,A photo of a bee,0.379204124212265,0.38261377811431885
n02206856_8247-2,bee,A photo of a bee,0.379204124212265,0.38261377811431885
n02206856_8247-7,bee,A photo of a bee,0.40114015340805054,0.40297824144363403
n02206856_8247-8,bee,A photo of a bee,0.40114015340805054,0.40297824144363403
n02206856_8268-1,bee,A photo of a bee,0.40114015340805054,0.40297824144363403
n02206856_8407-3,bee,A photo of a bee,0.40114015340805054,0.40297824144363403
n02206856_933-3,bee,A photo of a bee,0.40114015340805054,0.40297824144363403
n02206856_933-5,bee,A photo of a bee,0.40114015340805054,0.40297824144363403
n02165105_2639-2,beetle,A photo of a beetle,0.40114015340805054,0.40297824144363403
n02165105_2639-3,beetle,A photo of a beetle,0.40114015340805054,0.40297824144363403
n02165105_2639-5,beetle,A photo of a beetle,0.3975580334663391,0.39740699529647827
n02165105_2919-1,beetle,A photo of a beetle,0.3975580334663391,0.39740699529647827
n02165105_2919-2,beetle,A photo of a beetle,0.3975580334663391,0.39740699529647827
n02165105_3433-4,beetle,A photo of a beetle,0.3975580334663391,0.39740699529647827
n02165105_3542-3,beetle,A photo of a beetle,0.3975580334663391,0.39740699529647827
n02165105_4233-4,beetle,A photo of a beetle,0.3975580334663391,0.39740699529647827
n02165105_4652-1,beetle,A photo of a beetle,0.3975580334663391,0.39740699529647827
n02165105_8642-2,beetle,A photo of a beetle,0.3975580334663391,0.39740699529647827
n02165105_8642-3,beetle,A photo of a beetle,0.38466620445251465,0.3828609585762024
n02165105_8746-1,beetle,A photo of a beetle,0.38466620445251465,0.3828609585762024
n02165105_8746-5,beetle,A photo of a beetle,0.38466620445251465,0.3828609585762024
n02165105_8746-6,beetle,A photo of a beetle,0.38466620445251465,0.3828609585762024
n02165105_92-3,beetle,A photo of a beetle,0.38466620445251465,0.3828609585762024
n02165105_9429-3,beetle,A photo of a beetle,0.38466620445251465,0.3828609585762024
n02165105_9726-4,beetle,A photo of a beetle,0.38466620445251465,0.3828609585762024
n02167151_103-4,beetle,A photo of a beetle,0.38466620445251465,0.3828609585762024
n02167151_103-6,beetle,A photo of a beetle,0.3834587335586548,0.3881891071796417
n02167151_1767-3,beetle,A photo of a beetle,0.3834587335586548,0.3881891071796417
n02167151_2163-5,beetle,A photo of a beetle,0.3834587335586548,0.3881891071796417
n02167151_3162-5,beetle,A photo of a beetle,0.3834587335586548,0.3881891071796417
n02167151_3575-3,beetle,A photo of a beetle,0.3834587335586548,0.3881891071796417
n02167151_4081-1,beetle,A photo of a beetle,0.3834587335586548,0.3881891071796417
n02167151_4081-5,beetle,A photo of a beetle,0.3834587335586548,0.3881891071796417
n02167151_4820-5,beetle,A photo of a beetle,0.3834587335586548,0.3881891071796417
n02167151_7464-1,beetle,A photo of a beetle,0.3426836133003235,0.3491407036781311
n02167151_7566-5,beetle,A photo of a beetle,0.3426836133003235,0.3491407036781311
n02167151_8191-3,beetle,A photo of a beetle,0.3426836133003235,0.3491407036781311
n02167151_8191-4,beetle,A photo of a beetle,0.3426836133003235,0.3491407036781311
n02167151_8588-3,beetle,A photo of a beetle,0.3426836133003235,0.3491407036781311
n02167151_9217-2,beetle,A photo of a beetle,0.3426836133003235,0.3491407036781311
n02167151_9858-4,beetle,A photo of a beetle,0.3426836133003235,0.3491407036781311
n02167151_9858-5,beetle,A photo of a beetle,0.3426836133003235,0.3491407036781311
n02167151_9858-8,beetle,A photo of a beetle,0.39501580595970154,0.3989129960536957
n02168699_10399-6,beetle,A photo of a beetle,0.39501580595970154,0.3989129960536957
n02168699_4393-1,beetle,A photo of a beetle,0.39501580595970154,0.3989129960536957
n02168699_4742-1,beetle,A photo of a beetle,0.39501580595970154,0.3989129960536957
n02168699_6550-3,beetle,A photo of a beetle,0.39501580595970154,0.3989129960536957
n02168699_6752-4,beetle,A photo of a beetle,0.39501580595970154,0.3989129960536957
n02168699_6752-5,beetle,A photo of a beetle,0.39501580595970154,0.3989129960536957
n02168699_7300-5,beetle,A photo of a beetle,0.39501580595970154,0.3989129960536957
n02168699_7403-4,beetle,A photo of a beetle,0.3884907364845276,0.39358747005462646
n02168699_7495-2,beetle,A photo of a beetle,0.3884907364845276,0.39358747005462646
n02168699_7857-5,beetle,A photo of a beetle,0.3884907364845276,0.39358747005462646
n02168699_7901-1,beetle,A photo of a beetle,0.3884907364845276,0.39358747005462646
n02168699_862-1,beetle,A photo of a beetle,0.3884907364845276,0.39358747005462646
n02168699_862-4,beetle,A photo of a beetle,0.3884907364845276,0.39358747005462646
n02168699_862-5,beetle,A photo of a beetle,0.3884907364845276,0.39358747005462646
n02169497_1210-4,beetle,A photo of a beetle,0.3884907364845276,0.39358747005462646
n02169497_1307-3,beetle,A photo of a beetle,0.4223769009113312,0.42522528767585754
n02169497_2142-1,beetle,A photo of a beetle,0.4223769009113312,0.42522528767585754
n02169497_2142-2,beetle,A photo of a beetle,0.4223769009113312,0.42522528767585754
n02169497_2275-4,beetle,A photo of a beetle,0.4223769009113312,0.42522528767585754
n02169497_2329-1,beetle,A photo of a beetle,0.4223769009113312,0.42522528767585754
n02169497_2336-3,beetle,A photo of a beetle,0.4223769009113312,0.42522528767585754
n02169497_2336-5,beetle,A photo of a beetle,0.4223769009113312,0.42522528767585754
n02169497_2389-1,beetle,A photo of a beetle,0.4223769009113312,0.42522528767585754
n02169497_2728-3,beetle,A photo of a beetle,0.3793412446975708,0.38218116760253906
n02169497_2833-1,beetle,A photo of a beetle,0.3793412446975708,0.38218116760253906
n02169497_2852-2,beetle,A photo of a beetle,0.3793412446975708,0.38218116760253906
n02169497_2852-3,beetle,A photo of a beetle,0.3793412446975708,0.38218116760253906
n02169497_4347-1,beetle,A photo of a beetle,0.3793412446975708,0.38218116760253906
n02169497_4347-6,beetle,A photo of a beetle,0.3793412446975708,0.38218116760253906
n02169497_4699-4,beetle,A photo of a beetle,0.3793412446975708,0.38218116760253906
n02169497_4732-1,beetle,A photo of a beetle,0.3793412446975708,0.38218116760253906
n02169497_4732-3,beetle,A photo of a beetle,0.40179240703582764,0.40746361017227173
n02169497_5428-4,beetle,A photo of a beetle,0.40179240703582764,0.40746361017227173
n02169497_5428-5,beetle,A photo of a beetle,0.40179240703582764,0.40746361017227173
n02169497_5879-2,beetle,A photo of a beetle,0.40179240703582764,0.40746361017227173
n02169497_6005-5,beetle,A photo of a beetle,0.40179240703582764,0.40746361017227173
n02169497_6055-1,beetle,A photo of a beetle,0.40179240703582764,0.40746361017227173
n02169497_6861-4,beetle,A photo of a beetle,0.40179240703582764,0.40746361017227173
n02169497_6861-5,beetle,A photo of a beetle,0.40179240703582764,0.40746361017227173
n02169497_6861-6,beetle,A photo of a beetle,0.3767133951187134,0.37734538316726685
n02169497_7086-4,beetle,A photo of a beetle,0.3767133951187134,0.37734538316726685
n02169497_7086-5,beetle,A photo of a beetle,0.3767133951187134,0.37734538316726685
n02824448_10110-2,bell,A photo of a bell,0.3767133951187134,0.37734538316726685
n02824448_10110-6,bell,A photo of a bell,0.3767133951187134,0.37734538316726685
n02824448_10404-4,bell,A photo of a bell,0.3767133951187134,0.37734538316726685
n02824448_11179-6,bell,A photo of a bell,0.3767133951187134,0.37734538316726685
n02824448_11197-2,bell,A photo of a bell,0.3767133951187134,0.37734538316726685
n02824448_11201-1,bell,A photo of a bell,0.37613075971603394,0.3755089044570923
n02824448_11313-3,bell,A photo of a bell,0.37613075971603394,0.3755089044570923
n02824448_1137-6,bell,A photo of a bell,0.37613075971603394,0.3755089044570923
n02824448_11376-5,bell,A photo of a bell,0.37613075971603394,0.3755089044570923
n02824448_11506-1,bell,A photo of a bell,0.37613075971603394,0.3755089044570923
n02824448_11506-3,bell,A photo of a bell,0.37613075971603394,0.3755089044570923
n02824448_11527-2,bell,A photo of a bell,0.37613075971603394,0.3755089044570923
n02824448_11546-4,bell,A photo of a bell,0.37613075971603394,0.3755089044570923
n02824448_11546-5,bell,A photo of a bell,0.3716230094432831,0.36928218603134155
n02824448_12275-2,bell,A photo of a bell,0.3716230094432831,0.36928218603134155
n02824448_12275-3,bell,A photo of a bell,0.3716230094432831,0.36928218603134155
n02824448_12962-1,bell,A photo of a bell,0.3716230094432831,0.36928218603134155
n02824448_13260-5,bell,A photo of a bell,0.3716230094432831,0.36928218603134155
n02824448_13394-2,bell,A photo of a bell,0.3716230094432831,0.36928218603134155
n02824448_13582-2,bell,A photo of a bell,0.3716230094432831,0.36928218603134155
n02824448_13582-4,bell,A photo of a bell,0.3716230094432831,0.36928218603134155
n02824448_13582-6,bell,A photo of a bell,0.3555949330329895,0.3559644818305969
n02824448_14862-3,bell,A photo of a bell,0.3555949330329895,0.3559644818305969
n02824448_1712-5,bell,A photo of a bell,0.3555949330329895,0.3559644818305969
n02824448_17943-6,bell,A photo of a bell,0.3555949330329895,0.3559644818305969
n02824448_19633-2,bell,A photo of a bell,0.3555949330329895,0.3559644818305969
n02824448_19917-2,bell,A photo of a bell,0.3555949330329895,0.3559644818305969
n02824448_20499-1,bell,A photo of a bell,0.3555949330329895,0.3559644818305969
n02824448_20499-4,bell,A photo of a bell,0.3555949330329895,0.3559644818305969
n02824448_20499-6,bell,A photo of a bell,0.38181760907173157,0.38105735182762146
n02824448_2199-1,bell,A photo of a bell,0.38181760907173157,0.38105735182762146
n02824448_2199-6,bell,A photo of a bell,0.38181760907173157,0.38105735182762146
n02824448_24250-2,bell,A photo of a bell,0.38181760907173157,0.38105735182762146
n02824448_25406-1,bell,A photo of a bell,0.38181760907173157,0.38105735182762146
n02824448_25406-3,bell,A photo of a bell,0.38181760907173157,0.38105735182762146
n02824448_26077-4,bell,A photo of a bell,0.38181760907173157,0.38105735182762146
n02824448_26077-5,bell,A photo of a bell,0.38181760907173157,0.38105735182762146
n02824448_27343-1,bell,A photo of a bell,0.4154055714607239,0.41346603631973267
n02824448_27343-2,bell,A photo of a bell,0.4154055714607239,0.41346603631973267
n02824448_30088-4,bell,A photo of a bell,0.4154055714607239,0.41346603631973267
n02824448_30088-5,bell,A photo of a bell,0.4154055714607239,0.41346603631973267
n02824448_30419-7,bell,A photo of a bell,0.4154055714607239,0.41346603631973267
n02824448_30508-1,bell,A photo of a bell,0.4154055714607239,0.41346603631973267
n02824448_30508-3,bell,A photo of a bell,0.4154055714607239,0.41346603631973267
n02824448_30538-5,bell,A photo of a bell,0.4154055714607239,0.41346603631973267
n02824448_31656-4,bell,A photo of a bell,0.36501646041870117,0.36460548639297485
n02824448_3633-1,bell,A photo of a bell,0.36501646041870117,0.36460548639297485
n02824448_37334-2,bell,A photo of a bell,0.36501646041870117,0.36460548639297485
n02824448_3768-4,bell,A photo of a bell,0.36501646041870117,0.36460548639297485
n02824448_3768-5,bell,A photo of a bell,0.36501646041870117,0.36460548639297485
n02824448_38188-5,bell,A photo of a bell,0.36501646041870117,0.36460548639297485
n02824448_38244-3,bell,A photo of a bell,0.36501646041870117,0.36460548639297485
n02824448_38402-4,bell,A photo of a bell,0.36501646041870117,0.36460548639297485
n02824448_38402-5,bell,A photo of a bell,0.34067070484161377,0.34373313188552856
n02824448_3956-6,bell,A photo of a bell,0.34067070484161377,0.34373313188552856
n02824448_3991-5,bell,A photo of a bell,0.34067070484161377,0.34373313188552856
n02824448_40986-6,bell,A photo of a bell,0.34067070484161377,0.34373313188552856
n02824448_41331-4,bell,A photo of a bell,0.34067070484161377,0.34373313188552856
n02824448_4171-5,bell,A photo of a bell,0.34067070484161377,0.34373313188552856
n02824448_4171-6,bell,A photo of a bell,0.34067070484161377,0.34373313188552856
n02824448_4516-3,bell,A photo of a bell,0.34067070484161377,0.34373313188552856
n02824448_4554-1,bell,A photo of a bell,0.3519352078437805,0.35540980100631714
n02824448_5621-4,bell,A photo of a bell,0.3519352078437805,0.35540980100631714
n02824448_679-4,bell,A photo of a bell,0.3519352078437805,0.35540980100631714
n02824448_821-3,bell,A photo of a bell,0.3519352078437805,0.35540980100631714
n02824448_821-5,bell,A photo of a bell,0.3519352078437805,0.35540980100631714
n02824448_8585-1,bell,A photo of a bell,0.3519352078437805,0.35540980100631714
n02824448_8585-3,bell,A photo of a bell,0.3519352078437805,0.35540980100631714
n02824448_8629-5,bell,A photo of a bell,0.3519352078437805,0.35540980100631714
n02824448_952-1,bell,A photo of a bell,0.3862525224685669,0.3878965675830841
n03028596_1011-3,bell,A photo of a bell,0.3862525224685669,0.3878965675830841
n03028596_2273-2,bell,A photo of a bell,0.3862525224685669,0.3878965675830841
n03028596_4002-1,bell,A photo of a bell,0.3862525224685669,0.3878965675830841
n03028596_4002-2,bell,A photo of a bell,0.3862525224685669,0.3878965675830841
n03028596_4159-4,bell,A photo of a bell,0.3862525224685669,0.3878965675830841
n03028596_5115-1,bell,A photo of a bell,0.3862525224685669,0.3878965675830841
n03028596_5115-2,bell,A photo of a bell,0.3862525224685669,0.3878965675830841
n03028596_5646-2,bell,A photo of a bell,0.3727218508720398,0.3770744204521179
n03028596_7282-5,bell,A photo of a bell,0.3727218508720398,0.3770744204521179
n03028596_7282-6,bell,A photo of a bell,0.3727218508720398,0.3770744204521179
n03028596_7282-8,bell,A photo of a bell,0.3727218508720398,0.3770744204521179
n02828884_1015-4,bench,A photo of a bench,0.3727218508720398,0.3770744204521179
n02828884_10167-2,bench,A photo of a bench,0.3727218508720398,0.3770744204521179
n02828884_10167-4,bench,A photo of a bench,0.3727218508720398,0.3770744204521179
n02828884_10167-7,bench,A photo of a bench,0.3727218508720398,0.3770744204521179
n02828884_1035-2,bench,A photo of a bench,0.3892955183982849,0.39894813299179077
n02828884_10449-3,bench,A photo of a bench,0.3892955183982849,0.39894813299179077
n02828884_10535-7,bench,A photo of a bench,0.3892955183982849,0.39894813299179077
n02828884_10936-1,bench,A photo of a bench,0.3892955183982849,0.39894813299179077
n02828884_10936-5,bench,A photo of a bench,0.3892955183982849,0.39894813299179077
n02828884_10936-6,bench,A photo of a bench,0.3892955183982849,0.39894813299179077
n02828884_11341-1,bench,A photo of a bench,0.3892955183982849,0.39894813299179077
n02828884_11341-3,bench,A photo of a bench,0.3892955183982849,0.39894813299179077
n02828884_1200-1,bench,A photo of a bench,0.4017716646194458,0.40370234847068787
n02828884_1200-3,bench,A photo of a bench,0.4017716646194458,0.40370234847068787
n02828884_1200-6,bench,A photo of a bench,0.4017716646194458,0.40370234847068787
n02828884_1262-1,bench,A photo of a bench,0.4017716646194458,0.40370234847068787
n02828884_1823-6,bench,A photo of a bench,0.4017716646194458,0.40370234847068787
n02828884_20847-1,bench,A photo of a bench,0.4017716646194458,0.40370234847068787
n02828884_2200-3,bench,A photo of a bench,0.4017716646194458,0.40370234847068787
n02828884_2200-4,bench,A photo of a bench,0.4017716646194458,0.40370234847068787
n02828884_2200-6,bench,A photo of a bench,0.3948601186275482,0.40879014134407043
n02828884_2302-2,bench,A photo of a bench,0.3948601186275482,0.40879014134407043
n02828884_2302-4,bench,A photo of a bench,0.3948601186275482,0.40879014134407043
n02828884_24255-1,bench,A photo of a bench,0.3948601186275482,0.40879014134407043
n02828884_24255-5,bench,A photo of a bench,0.3948601186275482,0.40879014134407043
n02828884_2672-3,bench,A photo of a bench,0.3948601186275482,0.40879014134407043
n02828884_2849-2,bench,A photo of a bench,0.3948601186275482,0.40879014134407043
n02828884_3376-3,bench,A photo of a bench,0.3948601186275482,0.40879014134407043
n02828884_4841-4,bench,A photo of a bench,0.3830427825450897,0.39311087131500244
n02828884_4865-1,bench,A photo of a bench,0.3830427825450897,0.39311087131500244
n02828884_4865-2,bench,A photo of a bench,0.3830427825450897,0.39311087131500244
n02828884_5577-5,bench,A photo of a bench,0.3830427825450897,0.39311087131500244
n02828884_581-2,bench,A photo of a bench,0.3830427825450897,0.39311087131500244
n02828884_581-3,bench,A photo of a bench,0.3830427825450897,0.39311087131500244
n02828884_5981-4,bench,A photo of a bench,0.3830427825450897,0.39311087131500244
n02828884_6254-1,bench,A photo of a bench,0.3830427825450897,0.39311087131500244
n02828884_6254-4,bench,A photo of a bench,0.38392192125320435,0.3930835425853729
n02828884_6587-4,bench,A photo of a bench,0.38392192125320435,0.3930835425853729
n02828884_728-1,bench,A photo of a bench,0.38392192125320435,0.3930835425853729
n02828884_7342-3,bench,A photo of a bench,0.38392192125320435,0.3930835425853729
n02828884_811-3,bench,A photo of a bench,0.38392192125320435,0.3930835425853729
n02828884_8239-5,bench,A photo of a bench,0.38392192125320435,0.3930835425853729
n02828884_8776-2,bench,A photo of a bench,0.38392192125320435,0.3930835425853729
n02828884_8776-3,bench,A photo of a bench,0.38392192125320435,0.3930835425853729
n02828884_9721-1,bench,A photo of a bench,0.3777564764022827,0.38350847363471985
n03891251_1152-1,bench,A photo of a bench,0.3777564764022827,0.38350847363471985
n03891251_124-4,bench,A photo of a bench,0.3777564764022827,0.38350847363471985
n03891251_1247-2,bench,A photo of a bench,0.3777564764022827,0.38350847363471985
n03891251_1247-5,bench,A photo of a bench,0.3777564764022827,0.38350847363471985
n03891251_1279-5,bench,A photo of a bench,0.3777564764022827,0.38350847363471985
n03891251_1279-6,bench,A photo of a bench,0.3777564764022827,0.38350847363471985
n03891251_129-5,bench,A photo of a bench,0.3777564764022827,0.38350847363471985
n03891251_1376-5,bench,A photo of a bench,0.37674349546432495,0.38616323471069336
n03891251_1432-2,bench,A photo of a bench,0.37674349546432495,0.38616323471069336
n03891251_1432-4,bench,A photo of a bench,0.37674349546432495,0.38616323471069336
n03891251_1444-3,bench,A photo of a bench,0.37674349546432495,0.38616323471069336
n03891251_15-4,bench,A photo of a bench,0.37674349546432495,0.38616323471069336
n03891251_1516-2,bench,A photo of a bench,0.37674349546432495,0.38616323471069336
n03891251_1532-4,bench,A photo of a bench,0.37674349546432495,0.38616323471069336
n03891251_1535-4,bench,A photo of a bench,0.37674349546432495,0.38616323471069336
n03891251_1535-7,bench,A photo of a bench,0.3751465082168579,0.3782723546028137
n03891251_1710-4,bench,A photo of a bench,0.3751465082168579,0.3782723546028137
n03891251_2165-2,bench,A photo of a bench,0.3751465082168579,0.3782723546028137
n03891251_2305-4,bench,A photo of a bench,0.3751465082168579,0.3782723546028137
n03891251_2305-5,bench,A photo of a bench,0.3751465082168579,0.3782723546028137
n03891251_2306-1,bench,A photo of a bench,0.3751465082168579,0.3782723546028137
n03891251_2688-5,bench,A photo of a bench,0.3751465082168579,0.3782723546028137
n03891251_269-4,bench,A photo of a bench,0.3751465082168579,0.3782723546028137
n03891251_312-2,bench,A photo of a bench,0.3652184009552002,0.37091347575187683
n03891251_3480-4,bench,A photo of a bench,0.3652184009552002,0.37091347575187683
n03891251_4040-1,bench,A photo of a bench,0.3652184009552002,0.37091347575187683
n03891251_4040-5,bench,A photo of a bench,0.3652184009552002,0.37091347575187683
n03891251_4207-1,bench,A photo of a bench,0.3652184009552002,0.37091347575187683
n03891251_453-3,bench,A photo of a bench,0.3652184009552002,0.37091347575187683
n03891251_559-5,bench,A photo of a bench,0.3652184009552002,0.37091347575187683
n03891251_7116-4,bench,A photo of a bench,0.3652184009552002,0.37091347575187683
n03891251_7764-5,bench,A photo of a bench,0.3874896764755249,0.3950813412666321
n03891251_8898-3,bench,A photo of a bench,0.3874896764755249,0.3950813412666321
n03891251_970-6,bench,A photo of a bench,0.3874896764755249,0.3950813412666321
n03891251_983-2,bench,A photo of a bench,0.3874896764755249,0.3950813412666321
n03891251_983-7,bench,A photo of a bench,0.3874896764755249,0.3950813412666321
n02834778_10294-5,bicycle,A photo of a bicycle,0.3874896764755249,0.3950813412666321
n02834778_10391-2,bicycle,A photo of a bicycle,0.3874896764755249,0.3950813412666321
n02834778_10391-6,bicycle,A photo of a bicycle,0.3874896764755249,0.3950813412666321
n02834778_10721-3,bicycle,A photo of a bicycle,0.37262338399887085,0.3705889582633972
n02834778_10721-4,bicycle,A photo of a bicycle,0.37262338399887085,0.3705889582633972
n02834778_1073-3,bicycle,A photo of a bicycle,0.37262338399887085,0.3705889582633972
n02834778_1127-5,bicycle,A photo of a bicycle,0.37262338399887085,0.3705889582633972
n02834778_12174-5,bicycle,A photo of a bicycle,0.37262338399887085,0.3705889582633972
n02834778_12224-4,bicycle,A photo of a bicycle,0.37262338399887085,0.3705889582633972
n02834778_12224-7,bicycle,A photo of a bicycle,0.37262338399887085,0.3705889582633972
n02834778_12430-3,bicycle,A photo of a bicycle,0.37262338399887085,0.3705889582633972
n02834778_12430-9,bicycle,A photo of a bicycle,0.34803879261016846,0.34874361753463745
n02834778_12604-6,bicycle,A photo of a bicycle,0.34803879261016846,0.34874361753463745
n02834778_1372-5,bicycle,A photo of a bicycle,0.34803879261016846,0.34874361753463745
n02834778_1446-3,bicycle,A photo of a bicycle,0.34803879261016846,0.34874361753463745
n02834778_1999-7,bicycle,A photo of a bicycle,0.34803879261016846,0.34874361753463745
n02834778_1999-8,bicycle,A photo of a bicycle,0.34803879261016846,0.34874361753463745
n02834778_1999-9,bicycle,A photo of a bicycle,0.34803879261016846,0.34874361753463745
n02834778_2356-1,bicycle,A photo of a bicycle,0.34803879261016846,0.34874361753463745
n02834778_2356-4,bicycle,A photo of a bicycle,0.374933123588562,0.3766016960144043
n02834778_3504-4,bicycle,A photo of a bicycle,0.374933123588562,0.3766016960144043
n02834778_3926-4,bicycle,A photo of a bicycle,0.374933123588562,0.3766016960144043
n02834778_3926-5,bicycle,A photo of a bicycle,0.374933123588562,0.3766016960144043
n02834778_4320-2,bicycle,A photo of a bicycle,0.374933123588562,0.3766016960144043
n02834778_4469-4,bicycle,A photo of a bicycle,0.374933123588562,0.3766016960144043
n02834778_5021-3,bicycle,A photo of a bicycle,0.374933123588562,0.3766016960144043
n02834778_53747-2,bicycle,A photo of a bicycle,0.374933123588562,0.3766016960144043
n02834778_6186-4,bicycle,A photo of a bicycle,0.371581494808197,0.374038964509964
n02834778_6186-5,bicycle,A photo of a bicycle,0.371581494808197,0.374038964509964
n02834778_63-2,bicycle,A photo of a bicycle,0.371581494808197,0.374038964509964
n02834778_63-4,bicycle,A photo of a bicycle,0.371581494808197,0.374038964509964
n02834778_642-6,bicycle,A photo of a bicycle,0.371581494808197,0.374038964509964
n02834778_642-7,bicycle,A photo of a bicycle,0.371581494808197,0.374038964509964
n02834778_642-8,bicycle,A photo of a bicycle,0.371581494808197,0.374038964509964
n02834778_6485-2,bicycle,A photo of a bicycle,0.371581494808197,0.374038964509964
n02834778_6485-6,bicycle,A photo of a bicycle,0.3460000455379486,0.34235069155693054
n02834778_6712-3,bicycle,A photo of a bicycle,0.3460000455379486,0.34235069155693054
n02834778_6712-9,bicycle,A photo of a bicycle,0.3460000455379486,0.34235069155693054
n02834778_673-4,bicycle,A photo of a bicycle,0.3460000455379486,0.34235069155693054
n02834778_6942-1,bicycle,A photo of a bicycle,0.3460000455379486,0.34235069155693054
n02834778_729-8,bicycle,A photo of a bicycle,0.3460000455379486,0.34235069155693054
n02834778_729-9,bicycle,A photo of a bicycle,0.3460000455379486,0.34235069155693054
n02834778_7485-1,bicycle,A photo of a bicycle,0.3460000455379486,0.34235069155693054
n02834778_7767-1,bicycle,A photo of a bicycle,0.37183576822280884,0.3748379647731781
n02834778_7767-4,bicycle,A photo of a bicycle,0.37183576822280884,0.3748379647731781
n02834778_7767-5,bicycle,A photo of a bicycle,0.37183576822280884,0.3748379647731781
n02834778_8848-5,bicycle,A photo of a bicycle,0.37183576822280884,0.3748379647731781
n02834778_9585-1,bicycle,A photo of a bicycle,0.37183576822280884,0.3748379647731781
n02834778_9585-3,bicycle,A photo of a bicycle,0.37183576822280884,0.3748379647731781
n03792782_11647-1,bicycle,A photo of a bicycle,0.37183576822280884,0.3748379647731781
n03792782_13735-1,bicycle,A photo of a bicycle,0.37183576822280884,0.3748379647731781
n03792782_14395-5,bicycle,A photo of a bicycle,0.35176849365234375,0.3500642776489258
n03792782_146-3,bicycle,A photo of a bicycle,0.35176849365234375,0.3500642776489258
n03792782_3296-3,bicycle,A photo of a bicycle,0.35176849365234375,0.3500642776489258
n03792782_3333-1,bicycle,A photo of a bicycle,0.35176849365234375,0.3500642776489258
n03792782_33855-1,bicycle,A photo of a bicycle,0.35176849365234375,0.3500642776489258
n03792782_33855-4,bicycle,A photo of a bicycle,0.35176849365234375,0.3500642776489258
n03792782_352-1,bicycle,A photo of a bicycle,0.35176849365234375,0.3500642776489258
n03792782_352-3,bicycle,A photo of a bicycle,0.35176849365234375,0.3500642776489258
n03792782_352-7,bicycle,A photo of a bicycle,0.34877243638038635,0.3468455970287323
n03792782_3775-1,bicycle,A photo of a bicycle,0.34877243638038635,0.3468455970287323
n03792782_4382-2,bicycle,A photo of a bicycle,0.34877243638038635,0.3468455970287323
n03792782_4600-2,bicycle,A photo of a bicycle,0.34877243638038635,0.3468455970287323
n03792782_5207-1,bicycle,A photo of a bicycle,0.34877243638038635,0.3468455970287323
n03792782_5405-4,bicycle,A photo of a bicycle,0.34877243638038635,0.3468455970287323
n03792782_5672-2,bicycle,A photo of a bicycle,0.34877243638038635,0.3468455970287323
n03792782_5672-3,bicycle,A photo of a bicycle,0.34877243638038635,0.3468455970287323
n03792782_634-5,bicycle,A photo of a bicycle,0.37274837493896484,0.3712475895881653
n03792782_7048-5,bicycle,A photo of a bicycle,0.37274837493896484,0.3712475895881653
n03792782_8217-4,bicycle,A photo of a bicycle,0.37274837493896484,0.3712475895881653
n03792782_8840-2,bicycle,A photo of a bicycle,0.37274837493896484,0.3712475895881653
n03792782_89-5,bicycle,A photo of a bicycle,0.37274837493896484,0.3712475895881653
n04126066_1035-5,bicycle,A photo of a bicycle,0.37274837493896484,0.3712475895881653
n04126066_3178-1,bicycle,A photo of a bicycle,0.37274837493896484,0.3712475895881653
n04126066_3178-3,bicycle,A photo of a bicycle,0.37274837493896484,0.3712475895881653
n04126066_330-2,bicycle,A photo of a bicycle,0.34215909242630005,0.33910462260246277
n04126066_4494-2,bicycle,A photo of a bicycle,0.34215909242630005,0.33910462260246277
n04126066_4494-3,bicycle,A photo of a bicycle,0.34215909242630005,0.33910462260246277
n04126066_7130-4,bicycle,A photo of a bicycle,0.34215909242630005,0.33910462260246277
n04126066_7130-6,bicycle,A photo of a bicycle,0.34215909242630005,0.33910462260246277
n04126066_7477-2,bicycle,A photo of a bicycle,0.34215909242630005,0.33910462260246277
n04126066_9549-4,bicycle,A photo of a bicycle,0.34215909242630005,0.33910462260246277
n02850950_10002-2,blimp,A photo of a blimp,0.34215909242630005,0.33910462260246277
n02850950_10002-4,blimp,A photo of a blimp,0.356583833694458,0.3560318946838379
n02850950_10011-2,blimp,A photo of a blimp,0.356583833694458,0.3560318946838379
n02850950_10101-2,blimp,A photo of a blimp,0.356583833694458,0.3560318946838379
n02850950_10427-3,blimp,A photo of a blimp,0.356583833694458,0.3560318946838379
n02850950_10432-2,blimp,A photo of a blimp,0.356583833694458,0.3560318946838379
n02850950_10789-1,blimp,A photo of a blimp,0.356583833694458,0.3560318946838379
n02850950_10900-3,blimp,A photo of a blimp,0.356583833694458,0.3560318946838379
n02850950_11164-3,blimp,A photo of a blimp,0.356583833694458,0.3560318946838379
n02850950_11244-4,blimp,A photo of a blimp,0.3913794457912445,0.39048200845718384
n02850950_11595-3,blimp,A photo of a blimp,0.3913794457912445,0.39048200845718384
n02850950_11805-2,blimp,A photo of a blimp,0.3913794457912445,0.39048200845718384
n02850950_11805-6,blimp,A photo of a blimp,0.3913794457912445,0.39048200845718384
n02850950_11805-7,blimp,A photo of a blimp,0.3913794457912445,0.39048200845718384
n02850950_12373-2,blimp,A photo of a blimp,0.3913794457912445,0.39048200845718384
n02850950_12373-4,blimp,A photo of a blimp,0.3913794457912445,0.39048200845718384
n02850950_12448-5,blimp,A photo of a blimp,0.3913794457912445,0.39048200845718384
n02850950_12648-1,blimp,A photo of a blimp,0.35182544589042664,0.34778374433517456
n02850950_12648-5,blimp,A photo of a blimp,0.35182544589042664,0.34778374433517456
n02850950_1270-5,blimp,A photo of a blimp,0.35182544589042664,0.34778374433517456
n02850950_13429-1,blimp,A photo of a blimp,0.35182544589042664,0.34778374433517456
n02850950_13429-5,blimp,A photo of a blimp,0.35182544589042664,0.34778374433517456
n02850950_13525-2,blimp,A photo of a blimp,0.35182544589042664,0.34778374433517456
n02850950_1369-2,blimp,A photo of a blimp,0.35182544589042664,0.34778374433517456
n02850950_1369-5,blimp,A photo of a blimp,0.35182544589042664,0.34778374433517456
n02850950_13731-3,blimp,A photo of a blimp,0.3475668430328369,0.34503090381622314
n02850950_13731-4,blimp,A photo of a blimp,0.3475668430328369,0.34503090381622314
n02850950_13731-8,blimp,A photo of a blimp,0.3475668430328369,0.34503090381622314
n02850950_13849-3,blimp,A photo of a blimp,0.3475668430328369,0.34503090381622314
n02850950_13849-5,blimp,A photo of a blimp,0.3475668430328369,0.34503090381622314
n02850950_13880-3,blimp,A photo of a blimp,0.3475668430328369,0.34503090381622314
n02850950_13880-5,blimp,A photo of a blimp,0.3475668430328369,0.34503090381622314
n02850950_14908-1,blimp,A photo of a blimp,0.3475668430328369,0.34503090381622314
n02850950_15323-1,blimp,A photo of a blimp,0.3853093683719635,0.38768821954727173
n02850950_15323-3,blimp,A photo of a blimp,0.3853093683719635,0.38768821954727173
n02850950_15323-6,blimp,A photo of a blimp,0.3853093683719635,0.38768821954727173
n02850950_15528-3,blimp,A photo of a blimp,0.3853093683719635,0.38768821954727173
n02850950_15704-1,blimp,A photo of a blimp,0.3853093683719635,0.38768821954727173
n02850950_16061-7,blimp,A photo of a blimp,0.3853093683719635,0.38768821954727173
n02850950_16215-1,blimp,A photo of a blimp,0.3853093683719635,0.38768821954727173
n02850950_16215-5,blimp,A photo of a blimp,0.3853093683719635,0.38768821954727173
n02850950_16215-6,blimp,A photo of a blimp,0.378318727016449,0.38359588384628296
n02850950_16222-7,blimp,A photo of a blimp,0.378318727016449,0.38359588384628296
n02850950_16222-9,blimp,A photo of a blimp,0.378318727016449,0.38359588384628296
n02850950_16365-1,blimp,A photo of a blimp,0.378318727016449,0.38359588384628296
n02850950_16365-5,blimp,A photo of a blimp,0.378318727016449,0.38359588384628296
n02850950_16478-1,blimp,A photo of a blimp,0.378318727016449,0.38359588384628296
n02850950_16837-2,blimp,A photo of a blimp,0.378318727016449,0.38359588384628296
n02850950_16837-3,blimp,A photo of a blimp,0.378318727016449,0.38359588384628296
n02850950_16837-4,blimp,A photo of a blimp,0.3711888790130615,0.3743077218532562
n02850950_1715-2,blimp,A photo of a blimp,0.3711888790130615,0.3743077218532562
n02850950_17185-1,blimp,A photo of a blimp,0.3711888790130615,0.3743077218532562
n02850950_17461-1,blimp,A photo of a blimp,0.3711888790130615,0.3743077218532562
n02850950_17564-4,blimp,A photo of a blimp,0.3711888790130615,0.3743077218532562
n02850950_1822-2,blimp,A photo of a blimp,0.3711888790130615,0.3743077218532562
n02850950_18405-2,blimp,A photo of a blimp,0.3711888790130615,0.3743077218532562
n02850950_18405-3,blimp,A photo of a blimp,0.3711888790130615,0.3743077218532562
n02850950_18780-2,blimp,A photo of a blimp,0.36012598872184753,0.36857104301452637
n02850950_18864-4,blimp,A photo of a blimp,0.36012598872184753,0.36857104301452637
n02850950_18985-6,blimp,A photo of a blimp,0.36012598872184753,0.36857104301452637
n02850950_18985-7,blimp,A photo of a blimp,0.36012598872184753,0.36857104301452637
n02850950_19670-3,blimp,A photo of a blimp,0.36012598872184753,0.36857104301452637
n02850950_19921-10,blimp,A photo of a blimp,0.36012598872184753,0.36857104301452637
n02850950_19921-9,blimp,A photo of a blimp,0.36012598872184753,0.36857104301452637
n02850950_21393-4,blimp,A photo of a blimp,0.36012598872184753,0.36857104301452637
n02850950_21444-4,blimp,A photo of a blimp,0.4048377573490143,0.40586501359939575
n02850950_21444-5,blimp,A photo of a blimp,0.4048377573490143,0.40586501359939575
n02850950_22283-5,blimp,A photo of a blimp,0.4048377573490143,0.40586501359939575
n02850950_22380-1,blimp,A photo of a blimp,0.4048377573490143,0.40586501359939575
n02850950_22380-2,blimp,A photo of a blimp,0.4048377573490143,0.40586501359939575
n02850950_22411-3,blimp,A photo of a blimp,0.4048377573490143,0.40586501359939575
n02850950_22511-5,blimp,A photo of a blimp,0.4048377573490143,0.40586501359939575
n02850950_22511-6,blimp,A photo of a blimp,0.4048377573490143,0.40586501359939575
n02850950_22966-8,blimp,A photo of a blimp,0.3956110179424286,0.3937445878982544
n02850950_2555-2,blimp,A photo of a blimp,0.3956110179424286,0.3937445878982544
n02850950_2555-4,blimp,A photo of a blimp,0.3956110179424286,0.3937445878982544
n02850950_2667-5,blimp,A photo of a blimp,0.3956110179424286,0.3937445878982544
n02850950_2685-6,blimp,A photo of a blimp,0.3956110179424286,0.3937445878982544
n02850950_3246-3,blimp,A photo of a blimp,0.3956110179424286,0.3937445878982544
n02850950_3246-6,blimp,A photo of a blimp,0.3956110179424286,0.3937445878982544
n02850950_3347-2,blimp,A photo of a blimp,0.3956110179424286,0.3937445878982544
n02850950_3347-5,blimp,A photo of a blimp,0.3614501953125,0.3600129783153534
n02850950_4461-2,blimp,A photo of a blimp,0.3614501953125,0.3600129783153534
n02850950_4461-3,blimp,A photo of a blimp,0.3614501953125,0.3600129783153534
n02850950_4730-3,blimp,A photo of a blimp,0.3614501953125,0.3600129783153534
n02850950_58-3,blimp,A photo of a blimp,0.3614501953125,0.3600129783153534
n02850950_58-5,blimp,A photo of a blimp,0.3614501953125,0.3600129783153534
n02850950_58-7,blimp,A photo of a blimp,0.3614501953125,0.3600129783153534
n02850950_6002-1,blimp,A photo of a blimp,0.3614501953125,0.3600129783153534
n02850950_6337-3,blimp,A photo of a blimp,0.3759845495223999,0.37677615880966187
n02850950_6376-3,blimp,A photo of a blimp,0.3759845495223999,0.37677615880966187
n02850950_6380-6,blimp,A photo of a blimp,0.3759845495223999,0.37677615880966187
n02850950_729-5,blimp,A photo of a blimp,0.3759845495223999,0.37677615880966187
n02850950_7636-2,blimp,A photo of a blimp,0.3759845495223999,0.37677615880966187
n02850950_7636-5,blimp,A photo of a blimp,0.3759845495223999,0.37677615880966187
n02850950_8204-5,blimp,A photo of a blimp,0.3759845495223999,0.37677615880966187
n02850950_9240-7,blimp,A photo of a blimp,0.3759845495223999,0.37677615880966187
n02850950_9418-4,blimp,A photo of a blimp,0.40917810797691345,0.40710970759391785
n02850950_9418-5,blimp,A photo of a blimp,0.40917810797691345,0.40710970759391785
n02850950_9418-7,blimp,A photo of a blimp,0.40917810797691345,0.40710970759391785
n02850950_9489-1,blimp,A photo of a blimp,0.40917810797691345,0.40710970759391785
n02850950_9489-4,blimp,A photo of a blimp,0.40917810797691345,0.40710970759391785
n02850950_9489-6,blimp,A photo of a blimp,0.40917810797691345,0.40710970759391785
n02850950_982-1,blimp,A photo of a blimp,0.40917810797691345,0.40710970759391785
n02850950_9836-2,blimp,A photo of a blimp,0.40917810797691345,0.40710970759391785
n02850950_9836-4,blimp,A photo of a blimp,0.38832664489746094,0.3903697729110718
n07679356_23722-3,bread,A photo of a bread,0.38832664489746094,0.3903697729110718
n07679356_26313-2,bread,A photo of a bread,0.38832664489746094,0.3903697729110718
n07679356_27111-5,bread,A photo of a bread,0.38832664489746094,0.3903697729110718
n07682316_10160-5,bread,A photo of a bread,0.38832664489746094,0.3903697729110718
n07682316_1438-1,bread,A photo of a bread,0.38832664489746094,0.3903697729110718
n07682316_21980-1,bread,A photo of a bread,0.38832664489746094,0.3903697729110718
n07682316_5296-2,bread,A photo of a bread,0.38832664489746094,0.3903697729110718
n07682316_8706-1,bread,A photo of a bread,0.3682558536529541,0.37629491090774536
n07682316_8706-5,bread,A photo of a bread,0.3682558536529541,0.37629491090774536
n07683786_1209-2,bread,A photo of a bread,0.3682558536529541,0.37629491090774536
n07683786_1209-3,bread,A photo of a bread,0.3682558536529541,0.37629491090774536
n07683786_151-2,bread,A photo of a bread,0.3682558536529541,0.37629491090774536
n07683786_15484-4,bread,A photo of a bread,0.3682558536529541,0.37629491090774536
n07683786_15484-6,bread,A photo of a bread,0.3682558536529541,0.37629491090774536
n07683786_17127-2,bread,A photo of a bread,0.3682558536529541,0.37629491090774536
n07683786_17127-5,bread,A photo of a bread,0.3543950915336609,0.3624938130378723
n07683786_17245-2,bread,A photo of a bread,0.3543950915336609,0.3624938130378723
n07683786_17245-6,bread,A photo of a bread,0.3543950915336609,0.3624938130378723
n07683786_18975-4,bread,A photo of a bread,0.3543950915336609,0.3624938130378723
n07683786_19512-3,bread,A photo of a bread,0.3543950915336609,0.3624938130378723
n07683786_19930-1,bread,A photo of a bread,0.3543950915336609,0.3624938130378723
n07683786_19943-5,bread,A photo of a bread,0.3543950915336609,0.3624938130378723
n07683786_19983-7,bread,A photo of a bread,0.3543950915336609,0.3624938130378723
n07683786_20682-1,bread,A photo of a bread,0.3659161925315857,0.3709348440170288
n07683786_20682-4,bread,A photo of a bread,0.3659161925315857,0.3709348440170288
n07683786_2505-3,bread,A photo of a bread,0.3659161925315857,0.3709348440170288
n07683786_2505-4,bread,A photo of a bread,0.3659161925315857,0.3709348440170288
n07683786_25458-2,bread,A photo of a bread,0.3659161925315857,0.3709348440170288
n07683786_3703-2,bread,A photo of a bread,0.3659161925315857,0.3709348440170288
n07683786_4624-3,bread,A photo of a bread,0.3659161925315857,0.3709348440170288
n07683786_6427-2,bread,A photo of a bread,0.3659161925315857,0.3709348440170288
n07683786_6839-6,bread,A photo of a bread,0.3691967725753784,0.3763241171836853
n07683786_6839-8,bread,A photo of a bread,0.3691967725753784,0.3763241171836853
n07683786_7199-3,bread,A photo of a bread,0.3691967725753784,0.3763241171836853
n07683786_7530-4,bread,A photo of a bread,0.3691967725753784,0.3763241171836853
n07683786_8614-4,bread,A photo of a bread,0.3691967725753784,0.3763241171836853
n07683786_9854-1,bread,A photo of a bread,0.3691967725753784,0.3763241171836853
n07684084_1442-1,bread,A photo of a bread,0.3691967725753784,0.3763241171836853
n07684084_1442-5,bread,A photo of a bread,0.3691967725753784,0.3763241171836853
n07684084_1535-3,bread,A photo of a bread,0.36902016401290894,0.37835678458213806
n07684084_1535-4,bread,A photo of a bread,0.36902016401290894,0.37835678458213806
n07684084_1535-5,bread,A photo of a bread,0.36902016401290894,0.37835678458213806
n07684084_1599-2,bread,A photo of a bread,0.36902016401290894,0.37835678458213806
n07684084_2081-2,bread,A photo of a bread,0.36902016401290894,0.37835678458213806
n07684084_2470-2,bread,A photo of a bread,0.36902016401290894,0.37835678458213806
n07684084_426-2,bread,A photo of a bread,0.36902016401290894,0.37835678458213806
n07684084_448-4,bread,A photo of a bread,0.36902016401290894,0.37835678458213806
n07684084_4550-5,bread,A photo of a bread,0.38325291872024536,0.393337607383728
n07684084_492-1,bread,A photo of a bread,0.38325291872024536,0.393337607383728
n07684084_492-5,bread,A photo of a bread,0.38325291872024536,0.393337607383728
n07684084_639-5,bread,A photo of a bread,0.38325291872024536,0.393337607383728
n07684084_749-1,bread,A photo of a bread,0.38325291872024536,0.393337607383728
n07684084_987-5,bread,A photo of a bread,0.38325291872024536,0.393337607383728
n07687211_10174-1,bread,A photo of a bread,0.38325291872024536,0.393337607383728
n07687211_10174-10,bread,A photo of a bread,0.38325291872024536,0.393337607383728
n07687211_10174-3,bread,A photo of a bread,0.3601413667201996,0.36482590436935425
n07687211_10174-5,bread,A photo of a bread,0.3601413667201996,0.36482590436935425
n07687211_16266-2,bread,A photo of a bread,0.3601413667201996,0.36482590436935425
n07687211_16266-5,bread,A photo of a bread,0.3601413667201996,0.36482590436935425
n07687211_16516-1,bread,A photo of a bread,0.3601413667201996,0.36482590436935425
n07687211_16516-3,bread,A photo of a bread,0.3601413667201996,0.36482590436935425
n07687211_17450-3,bread,A photo of a bread,0.3601413667201996,0.36482590436935425
n07687211_17450-5,bread,A photo of a bread,0.3601413667201996,0.36482590436935425
n07687211_17654-4,bread,A photo of a bread,0.39096176624298096,0.3975563943386078
n07687211_18518-5,bread,A photo of a bread,0.39096176624298096,0.3975563943386078
n07687211_19666-1,bread,A photo of a bread,0.39096176624298096,0.3975563943386078
n07687211_19666-4,bread,A photo of a bread,0.39096176624298096,0.3975563943386078
n07687211_22592-1,bread,A photo of a bread,0.39096176624298096,0.3975563943386078
n07687211_22592-3,bread,A photo of a bread,0.39096176624298096,0.3975563943386078
n07687469_17933-3,bread,A photo of a bread,0.39096176624298096,0.3975563943386078
n07687469_17933-4,bread,A photo of a bread,0.39096176624298096,0.3975563943386078
n07687469_2162-5,bread,A photo of a bread,0.37027037143707275,0.3715902268886566
n07687469_22135-1,bread,A photo of a bread,0.37027037143707275,0.3715902268886566
n02274259_11032-2,butterfly,A photo of a butterfly,0.37027037143707275,0.3715902268886566
n02274259_11032-3,butterfly,A photo of a butterfly,0.37027037143707275,0.3715902268886566
n02274259_11136-12,butterfly,A photo of a butterfly,0.37027037143707275,0.3715902268886566
n02274259_11136-6,butterfly,A photo of a butterfly,0.37027037143707275,0.3715902268886566
n02274259_12671-5,butterfly,A photo of a butterfly,0.37027037143707275,0.3715902268886566
n02274259_13622-4,butterfly,A photo of a butterfly,0.37027037143707275,0.3715902268886566
n02274259_13622-6,butterfly,A photo of a butterfly,0.3611215353012085,0.36626049876213074
n02274259_13622-9,butterfly,A photo of a butterfly,0.3611215353012085,0.36626049876213074
n02274259_13747-2,butterfly,A photo of a butterfly,0.3611215353012085,0.36626049876213074
n02274259_13747-3,butterfly,A photo of a butterfly,0.3611215353012085,0.36626049876213074
n02274259_13932-2,butterfly,A photo of a butterfly,0.3611215353012085,0.36626049876213074
n02274259_13974-1,butterfly,A photo of a butterfly,0.3611215353012085,0.36626049876213074
n02274259_14493-5,butterfly,A photo of a butterfly,0.3611215353012085,0.36626049876213074
n02274259_14493-6,butterfly,A photo of a butterfly,0.3611215353012085,0.36626049876213074
n02274259_14994-1,butterfly,A photo of a butterfly,0.35982322692871094,0.3580268323421478
n02274259_15220-1,butterfly,A photo of a butterfly,0.35982322692871094,0.3580268323421478
n02274259_15220-2,butterfly,A photo of a butterfly,0.35982322692871094,0.3580268323421478
n02274259_15220-3,butterfly,A photo of a butterfly,0.35982322692871094,0.3580268323421478
n02274259_15265-3,butterfly,A photo of a butterfly,0.35982322692871094,0.3580268323421478
n02274259_15352-4,butterfly,A photo of a butterfly,0.35982322692871094,0.3580268323421478
n02274259_15828-3,butterfly,A photo of a butterfly,0.35982322692871094,0.3580268323421478
n02274259_15828-4,butterfly,A photo of a butterfly,0.35982322692871094,0.3580268323421478
n02274259_16443-1,butterfly,A photo of a butterfly,0.3559575080871582,0.35757899284362793
n02274259_16509-3,butterfly,A photo of a butterfly,0.3559575080871582,0.35757899284362793
n02274259_16548-4,butterfly,A photo of a butterfly,0.3559575080871582,0.35757899284362793
n02274259_16846-4,butterfly,A photo of a butterfly,0.3559575080871582,0.35757899284362793
n02274259_17466-4,butterfly,A photo of a butterfly,0.3559575080871582,0.35757899284362793
n02274259_17664-3,butterfly,A photo of a butterfly,0.3559575080871582,0.35757899284362793
n02274259_17664-4,butterfly,A photo of a butterfly,0.3559575080871582,0.35757899284362793
n02274259_18324-6,butterfly,A photo of a butterfly,0.3559575080871582,0.35757899284362793
n02274259_18829-2,butterfly,A photo of a butterfly,0.3568858802318573,0.35518014430999756
n02274259_18829-3,butterfly,A photo of a butterfly,0.3568858802318573,0.35518014430999756
n02274259_18829-8,butterfly,A photo of a butterfly,0.3568858802318573,0.35518014430999756
n02274259_19084-6,butterfly,A photo of a butterfly,0.3568858802318573,0.35518014430999756
n02274259_19471-1,butterfly,A photo of a butterfly,0.3568858802318573,0.35518014430999756
n02274259_19471-2,butterfly,A photo of a butterfly,0.3568858802318573,0.35518014430999756
n02274259_19616-1,butterfly,A photo of a butterfly,0.3568858802318573,0.35518014430999756
n02274259_19616-3,butterfly,A photo of a butterfly,0.3568858802318573,0.35518014430999756
n02274259_19616-8,butterfly,A photo of a butterfly,0.3821297287940979,0.3853500485420227
n02274259_20053-2,butterfly,A photo of a butterfly,0.3821297287940979,0.3853500485420227
n02274259_20053-6,butterfly,A photo of a butterfly,0.3821297287940979,0.3853500485420227
n02274259_20943-5,butterfly,A photo of a butterfly,0.3821297287940979,0.3853500485420227
n02274259_21897-3,butterfly,A photo of a butterfly,0.3821297287940979,0.3853500485420227
n02274259_21905-4,butterfly,A photo of a butterfly,0.3821297287940979,0.3853500485420227
n02274259_21905-5,butterfly,A photo of a butterfly,0.3821297287940979,0.3853500485420227
n02274259_21941-5,butterfly,A photo of a butterfly,0.3821297287940979,0.3853500485420227
n02274259_22284-4,butterfly,A photo of a butterfly,0.35244452953338623,0.35254305601119995
n02274259_22284-8,butterfly,A photo of a butterfly,0.35244452953338623,0.35254305601119995
n02274259_22285-5,butterfly,A photo of a butterfly,0.35244452953338623,0.35254305601119995
n02274259_22876-7,butterfly,A photo of a butterfly,0.35244452953338623,0.35254305601119995
n02274259_23311-1,butterfly,A photo of a butterfly,0.35244452953338623,0.35254305601119995
n02274259_23311-4,butterfly,A photo of a butterfly,0.35244452953338623,0.35254305601119995
n02274259_23802-2,butterfly,A photo of a butterfly,0.35244452953338623,0.35254305601119995
n02274259_23833-6,butterfly,A photo of a butterfly,0.35244452953338623,0.35254305601119995
n02274259_23859-1,butterfly,A photo of a butterfly,0.3622002601623535,0.3648712635040283
n02274259_23859-2,butterfly,A photo of a butterfly,0.3622002601623535,0.3648712635040283
n02274259_23859-6,butterfly,A photo of a butterfly,0.3622002601623535,0.3648712635040283
n02274259_3643-2,butterfly,A photo of a butterfly,0.3622002601623535,0.3648712635040283
n02274259_4692-2,butterfly,A photo of a butterfly,0.3622002601623535,0.3648712635040283
n02274259_4768-6,butterfly,A photo of a butterfly,0.3622002601623535,0.3648712635040283
n02274259_4941-5,butterfly,A photo of a butterfly,0.3622002601623535,0.3648712635040283
n02274259_5199-2,butterfly,A photo of a butterfly,0.3622002601623535,0.3648712635040283
n02274259_5199-3,butterfly,A photo of a butterfly,0.3660961985588074,0.36657071113586426
n02274259_5199-7,butterfly,A photo of a butterfly,0.3660961985588074,0.36657071113586426
n02274259_5361-2,butterfly,A photo of a butterfly,0.3660961985588074,0.36657071113586426
n02274259_5479-1,butterfly,A photo of a butterfly,0.3660961985588074,0.36657071113586426
n02274259_5479-2,butterfly,A photo of a butterfly,0.3660961985588074,0.36657071113586426
n02274259_5479-3,butterfly,A photo of a butterfly,0.3660961985588074,0.36657071113586426
n02274259_5479-4,butterfly,A photo of a butterfly,0.3660961985588074,0.36657071113586426
n02274259_5517-2,butterfly,A photo of a butterfly,0.3660961985588074,0.36657071113586426
n02274259_5517-4,butterfly,A photo of a butterfly,0.3783230781555176,0.3770456314086914
n02274259_6045-2,butterfly,A photo of a butterfly,0.3783230781555176,0.3770456314086914
n02274259_6045-3,butterfly,A photo of a butterfly,0.3783230781555176,0.3770456314086914
n02274259_6447-4,butterfly,A photo of a butterfly,0.3783230781555176,0.3770456314086914
n02274259_6447-5,butterfly,A photo of a butterfly,0.3783230781555176,0.3770456314086914
n02274259_6495-7,butterfly,A photo of a butterfly,0.3783230781555176,0.3770456314086914
n02274259_6495-9,butterfly,A photo of a butterfly,0.3783230781555176,0.3770456314086914
n02274259_6688-1,butterfly,A photo of a butterfly,0.3783230781555176,0.3770456314086914
n02274259_7999-1,butterfly,A photo of a butterfly,0.34178251028060913,0.34860071539878845
n02274259_7999-2,butterfly,A photo of a butterfly,0.34178251028060913,0.34860071539878845
n02274259_8160-2,butterfly,A photo of a butterfly,0.34178251028060913,0.34860071539878845
n02274259_8160-3,butterfly,A photo of a butterfly,0.34178251028060913,0.34860071539878845
n02274259_8248-1,butterfly,A photo of a butterfly,0.34178251028060913,0.34860071539878845
n02274259_8248-6,butterfly,A photo of a butterfly,0.34178251028060913,0.34860071539878845
n02274259_8298-1,butterfly,A photo of a butterfly,0.34178251028060913,0.34860071539878845
n02274259_8959-2,butterfly,A photo of a butterfly,0.34178251028060913,0.34860071539878845
n02274259_9773-3,butterfly,A photo of a butterfly,0.3521892726421356,0.34947407245635986
n02274259_9828-1,butterfly,A photo of a butterfly,0.3521892726421356,0.34947407245635986
n02274259_9828-2,butterfly,A photo of a butterfly,0.3521892726421356,0.34947407245635986
n02274259_9895-8,butterfly,A photo of a butterfly,0.3521892726421356,0.34947407245635986
n02932400_10327-1,cabin,A photo of a cabin,0.3521892726421356,0.34947407245635986
n02932400_10327-3,cabin,A photo of a cabin,0.3521892726421356,0.34947407245635986
n02932400_111-4,cabin,A photo of a cabin,0.3521892726421356,0.34947407245635986
n02932400_111-6,cabin,A photo of a cabin,0.3521892726421356,0.34947407245635986
n02932400_11264-1,cabin,A photo of a cabin,0.34153953194618225,0.33969876170158386
n02932400_11271-5,cabin,A photo of a cabin,0.34153953194618225,0.33969876170158386
n02932400_11404-6,cabin,A photo of a cabin,0.34153953194618225,0.33969876170158386
n02932400_11675-6,cabin,A photo of a cabin,0.34153953194618225,0.33969876170158386
n02932400_11772-2,cabin,A photo of a cabin,0.34153953194618225,0.33969876170158386
n02932400_1277-3,cabin,A photo of a cabin,0.34153953194618225,0.33969876170158386
n02932400_13135-3,cabin,A photo of a cabin,0.34153953194618225,0.33969876170158386
n02932400_14054-3,cabin,A photo of a cabin,0.34153953194618225,0.33969876170158386
n02932400_14054-4,cabin,A photo of a cabin,0.365656316280365,0.3653549253940582
n02932400_15048-6,cabin,A photo of a cabin,0.365656316280365,0.3653549253940582
n02932400_16005-1,cabin,A photo of a cabin,0.365656316280365,0.3653549253940582
n02932400_16005-5,cabin,A photo of a cabin,0.365656316280365,0.3653549253940582
n02932400_16983-4,cabin,A photo of a cabin,0.365656316280365,0.3653549253940582
n02932400_18934-3,cabin,A photo of a cabin,0.365656316280365,0.3653549253940582
n02932400_18934-5,cabin,A photo of a cabin,0.365656316280365,0.3653549253940582
n02932400_19242-3,cabin,A photo of a cabin,0.365656316280365,0.3653549253940582
n02932400_1945-3,cabin,A photo of a cabin,0.32749778032302856,0.32149460911750793
n02932400_2191-3,cabin,A photo of a cabin,0.32749778032302856,0.32149460911750793
n02932400_2383-3,cabin,A photo of a cabin,0.32749778032302856,0.32149460911750793
n02932400_2383-4,cabin,A photo of a cabin,0.32749778032302856,0.32149460911750793
n02932400_2383-5,cabin,A photo of a cabin,0.32749778032302856,0.32149460911750793
n02932400_2482-4,cabin,A photo of a cabin,0.32749778032302856,0.32149460911750793
n02932400_2482-5,cabin,A photo of a cabin,0.32749778032302856,0.32149460911750793
n02932400_2778-6,cabin,A photo of a cabin,0.32749778032302856,0.32149460911750793
n02932400_3032-4,cabin,A photo of a cabin,0.351044237613678,0.3517264723777771
n02932400_3032-5,cabin,A photo of a cabin,0.351044237613678,0.3517264723777771
n02932400_3366-3,cabin,A photo of a cabin,0.351044237613678,0.3517264723777771
n02932400_3366-6,cabin,A photo of a cabin,0.351044237613678,0.3517264723777771
n02932400_4011-1,cabin,A photo of a cabin,0.351044237613678,0.3517264723777771
n02932400_4011-3,cabin,A photo of a cabin,0.351044237613678,0.3517264723777771
n02932400_4011-4,cabin,A photo of a cabin,0.351044237613678,0.3517264723777771
n02932400_4194-3,cabin,A photo of a cabin,0.351044237613678,0.3517264723777771
n02932400_4567-3,cabin,A photo of a cabin,0.33435866236686707,0.3284670114517212
n02932400_4934-2,cabin,A photo of a cabin,0.33435866236686707,0.3284670114517212
n02932400_4934-4,cabin,A photo of a cabin,0.33435866236686707,0.3284670114517212
n02932400_4934-5,cabin,A photo of a cabin,0.33435866236686707,0.3284670114517212
n02932400_4934-6,cabin,A photo of a cabin,0.33435866236686707,0.3284670114517212
n02932400_4984-3,cabin,A photo of a cabin,0.33435866236686707,0.3284670114517212
n02932400_5191-3,cabin,A photo of a cabin,0.33435866236686707,0.3284670114517212
n02932400_7150-5,cabin,A photo of a cabin,0.33435866236686707,0.3284670114517212
n02932400_7394-5,cabin,A photo of a cabin,0.3428419530391693,0.33529821038246155
n02932400_8018-6,cabin,A photo of a cabin,0.3428419530391693,0.33529821038246155
n02932400_8347-4,cabin,A photo of a cabin,0.3428419530391693,0.33529821038246155
n02932400_866-2,cabin,A photo of a cabin,0.3428419530391693,0.33529821038246155
n02932400_866-5,cabin,A photo of a cabin,0.3428419530391693,0.33529821038246155
n02932400_9179-1,cabin,A photo of a cabin,0.3428419530391693,0.33529821038246155
n02932400_9752-4,cabin,A photo of a cabin,0.3428419530391693,0.33529821038246155
n02932400_9752-5,cabin,A photo of a cabin,0.3428419530391693,0.33529821038246155
n02932400_9752-6,cabin,A photo of a cabin,0.35150671005249023,0.3474368453025818
n03686924_10057-3,cabin,A photo of a cabin,0.35150671005249023,0.3474368453025818
n03686924_10066-2,cabin,A photo of a cabin,0.35150671005249023,0.3474368453025818
n03686924_10150-1,cabin,A photo of a cabin,0.35150671005249023,0.3474368453025818
n03686924_10255-3,cabin,A photo of a cabin,0.35150671005249023,0.3474368453025818
n03686924_11061-1,cabin,A photo of a cabin,0.35150671005249023,0.3474368453025818
n03686924_11825-3,cabin,A photo of a cabin,0.35150671005249023,0.3474368453025818
n03686924_11825-6,cabin,A photo of a cabin,0.35150671005249023,0.3474368453025818
n03686924_1992-2,cabin,A photo of a cabin,0.30587437748908997,0.3008643090724945
n03686924_1992-4,cabin,A photo of a cabin,0.30587437748908997,0.3008643090724945
n03686924_1992-5,cabin,A photo of a cabin,0.30587437748908997,0.3008643090724945
n03686924_1992-6,cabin,A photo of a cabin,0.30587437748908997,0.3008643090724945
n03686924_2211-1,cabin,A photo of a cabin,0.30587437748908997,0.3008643090724945
n03686924_2211-6,cabin,A photo of a cabin,0.30587437748908997,0.3008643090724945
n03686924_2552-4,cabin,A photo of a cabin,0.30587437748908997,0.3008643090724945
n03686924_2552-5,cabin,A photo of a cabin,0.30587437748908997,0.3008643090724945
n03686924_2656-2,cabin,A photo of a cabin,0.35697445273399353,0.35325825214385986
n03686924_2656-5,cabin,A photo of a cabin,0.35697445273399353,0.35325825214385986
n03686924_3096-3,cabin,A photo of a cabin,0.35697445273399353,0.35325825214385986
n03686924_3096-5,cabin,A photo of a cabin,0.35697445273399353,0.35325825214385986
n03686924_3145-2,cabin,A photo of a cabin,0.35697445273399353,0.35325825214385986
n03686924_3270-6,cabin,A photo of a cabin,0.35697445273399353,0.35325825214385986
n03686924_3371-2,cabin,A photo of a cabin,0.35697445273399353,0.35325825214385986
n03686924_3371-3,cabin,A photo of a cabin,0.35697445273399353,0.35325825214385986
n03686924_3451-3,cabin,A photo of a cabin,0.334172785282135,0.3290156424045563
n03686924_3451-5,cabin,A photo of a cabin,0.334172785282135,0.3290156424045563
n03686924_3639-1,cabin,A photo of a cabin,0.334172785282135,0.3290156424045563
n03686924_4151-3,cabin,A photo of a cabin,0.334172785282135,0.3290156424045563
n03686924_4151-4,cabin,A photo of a cabin,0.334172785282135,0.3290156424045563
n03686924_494-4,cabin,A photo of a cabin,0.334172785282135,0.3290156424045563
n03686924_5481-1,cabin,A photo of a cabin,0.334172785282135,0.3290156424045563
n03686924_6712-3,cabin,A photo of a cabin,0.334172785282135,0.3290156424045563
n03686924_6712-4,cabin,A photo of a cabin,0.35168176889419556,0.34543144702911377
n03686924_6868-1,cabin,A photo of a cabin,0.35168176889419556,0.34543144702911377
n03686924_6868-3,cabin,A photo of a cabin,0.35168176889419556,0.34543144702911377
n03686924_6868-4,cabin,A photo of a cabin,0.35168176889419556,0.34543144702911377
n03686924_6959-5,cabin,A photo of a cabin,0.35168176889419556,0.34543144702911377
n03686924_7088-1,cabin,A photo of a cabin,0.35168176889419556,0.34543144702911377
n03686924_718-2,cabin,A photo of a cabin,0.35168176889419556,0.34543144702911377
n03686924_718-4,cabin,A photo of a cabin,0.35168176889419556,0.34543144702911377
n03686924_7593-4,cabin,A photo of a cabin,0.3342334032058716,0.33200347423553467
n03686924_7994-2,cabin,A photo of a cabin,0.3342334032058716,0.33200347423553467
n03686924_7994-3,cabin,A photo of a cabin,0.3342334032058716,0.33200347423553467
n03686924_8237-1,cabin,A photo of a cabin,0.3342334032058716,0.33200347423553467
n03686924_8502-2,cabin,A photo of a cabin,0.3342334032058716,0.33200347423553467
n03686924_8502-4,cabin,A photo of a cabin,0.3342334032058716,0.33200347423553467
n03686924_8617-4,cabin,A photo of a cabin,0.3342334032058716,0.33200347423553467
n03686924_9353-3,cabin,A photo of a cabin,0.3342334032058716,0.33200347423553467
n03686924_9376-4,cabin,A photo of a cabin,0.373691201210022,0.3731956481933594
n02437136_10147-2,camel,A photo of a camel,0.373691201210022,0.3731956481933594
n02437136_10724-1,camel,A photo of a camel,0.373691201210022,0.3731956481933594
n02437136_10724-3,camel,A photo of a camel,0.373691201210022,0.3731956481933594
n02437136_1201-2,camel,A photo of a camel,0.373691201210022,0.3731956481933594
n02437136_12839-1,camel,A photo of a camel,0.373691201210022,0.3731956481933594
n02437136_12839-2,camel,A photo of a camel,0.373691201210022,0.3731956481933594
n02437136_12839-3,camel,A photo of a camel,0.373691201210022,0.3731956481933594
n02437136_14156-4,camel,A photo of a camel,0.3433264493942261,0.3447297513484955
n02437136_1418-4,camel,A photo of a camel,0.3433264493942261,0.3447297513484955
n02437136_152-1,camel,A photo of a camel,0.3433264493942261,0.3447297513484955
n02437136_152-10,camel,A photo of a camel,0.3433264493942261,0.3447297513484955
n02437136_1640-6,camel,A photo of a camel,0.3433264493942261,0.3447297513484955
n02437136_2465-3,camel,A photo of a camel,0.3433264493942261,0.3447297513484955
n02437136_257-2,camel,A photo of a camel,0.3433264493942261,0.3447297513484955
n02437136_257-3,camel,A photo of a camel,0.3433264493942261,0.3447297513484955
n02437136_257-5,camel,A photo of a camel,0.33380186557769775,0.33356761932373047
n02437136_2626-1,camel,A photo of a camel,0.33380186557769775,0.33356761932373047
n02437136_3026-1,camel,A photo of a camel,0.33380186557769775,0.33356761932373047
n02437136_3093-3,camel,A photo of a camel,0.33380186557769775,0.33356761932373047
n02437136_3196-4,camel,A photo of a camel,0.33380186557769775,0.33356761932373047
n02437136_3209-6,camel,A photo of a camel,0.33380186557769775,0.33356761932373047
n02437136_3315-4,camel,A photo of a camel,0.33380186557769775,0.33356761932373047
n02437136_3428-3,camel,A photo of a camel,0.33380186557769775,0.33356761932373047
n02437136_3636-2,camel,A photo of a camel,0.3492022156715393,0.3472852110862732
n02437136_3636-4,camel,A photo of a camel,0.3492022156715393,0.3472852110862732
n02437136_3645-1,camel,A photo of a camel,0.3492022156715393,0.3472852110862732
n02437136_3645-5,camel,A photo of a camel,0.3492022156715393,0.3472852110862732
n02437136_3823-3,camel,A photo of a camel,0.3492022156715393,0.3472852110862732
n02437136_3823-4,camel,A photo of a camel,0.3492022156715393,0.3472852110862732
n02437136_3994-1,camel,A photo of a camel,0.3492022156715393,0.3472852110862732
n02437136_415-2,camel,A photo of a camel,0.3492022156715393,0.3472852110862732
n02437136_4221-4,camel,A photo of a camel,0.3424573540687561,0.34567826986312866
n02437136_4393-8,camel,A photo of a camel,0.3424573540687561,0.34567826986312866
n02437136_4429-4,camel,A photo of a camel,0.3424573540687561,0.34567826986312866
n02437136_4429-8,camel,A photo of a camel,0.3424573540687561,0.34567826986312866
n02437136_4452-4,camel,A photo of a camel,0.3424573540687561,0.34567826986312866
n02437136_4452-6,camel,A photo of a camel,0.3424573540687561,0.34567826986312866
n02437136_4531-2,camel,A photo of a camel,0.3424573540687561,0.34567826986312866
n02437136_4532-6,camel,A photo of a camel,0.3424573540687561,0.34567826986312866
n02437136_4547-4,camel,A photo of a camel,0.3658410608768463,0.3673699200153351
n02437136_4547-6,camel,A photo of a camel,0.3658410608768463,0.3673699200153351
n02437136_4576-1,camel,A photo of a camel,0.3658410608768463,0.3673699200153351
n02437136_4576-4,camel,A photo of a camel,0.3658410608768463,0.3673699200153351
n02437136_4576-6,camel,A photo of a camel,0.3658410608768463,0.3673699200153351
n02437136_4576-7,camel,A photo of a camel,0.3658410608768463,0.3673699200153351
n02437136_4662-1,camel,A photo of a camel,0.3658410608768463,0.3673699200153351
n02437136_4662-2,camel,A photo of a camel,0.3658410608768463,0.3673699200153351
n02437136_4662-6,camel,A photo of a camel,0.3503607511520386,0.354575514793396
n02437136_4689-5,camel,A photo of a camel,0.3503607511520386,0.354575514793396
n02437136_4712-7,camel,A photo of a camel,0.3503607511520386,0.354575514793396
n02437136_4757-5,camel,A photo of a camel,0.3503607511520386,0.354575514793396
n02437136_4757-6,camel,A photo of a camel,0.3503607511520386,0.354575514793396
n02437136_4759-1,camel,A photo of a camel,0.3503607511520386,0.354575514793396
n02437136_4759-4,camel,A photo of a camel,0.3503607511520386,0.354575514793396
n02437136_4759-8,camel,A photo of a camel,0.3503607511520386,0.354575514793396
n02437136_4760-5,camel,A photo of a camel,0.36424750089645386,0.3652011454105377
n02437136_4798-4,camel,A photo of a camel,0.36424750089645386,0.3652011454105377
n02437136_4807-3,camel,A photo of a camel,0.36424750089645386,0.3652011454105377
n02437136_4821-3,camel,A photo of a camel,0.36424750089645386,0.3652011454105377
n02437136_4821-7,camel,A photo of a camel,0.36424750089645386,0.3652011454105377
n02437136_4840-6,camel,A photo of a camel,0.36424750089645386,0.3652011454105377
n02437136_4845-4,camel,A photo of a camel,0.36424750089645386,0.3652011454105377
n02437136_4849-1,camel,A photo of a camel,0.36424750089645386,0.3652011454105377
n02437136_4849-4,camel,A photo of a camel,0.38460561633110046,0.3849427103996277
n02437136_4904-1,camel,A photo of a camel,0.38460561633110046,0.3849427103996277
n02437136_4919-3,camel,A photo of a camel,0.38460561633110046,0.3849427103996277
n02437136_4963-6,camel,A photo of a camel,0.38460561633110046,0.3849427103996277
n02437136_4975-4,camel,A photo of a camel,0.38460561633110046,0.3849427103996277
n02437136_4988-2,camel,A photo of a camel,0.38460561633110046,0.3849427103996277
n02437136_4995-1,camel,A photo of a camel,0.38460561633110046,0.3849427103996277
n02437136_4995-2,camel,A photo of a camel,0.38460561633110046,0.3849427103996277
n02437136_4995-6,camel,A photo of a camel,0.3920348882675171,0.393990159034729
n02437136_5003-3,camel,A photo of a camel,0.3920348882675171,0.393990159034729
n02437136_5007-3,camel,A photo of a camel,0.3920348882675171,0.393990159034729
n02437136_5007-4,camel,A photo of a camel,0.3920348882675171,0.393990159034729
n02437136_5019-3,camel,A photo of a camel,0.3920348882675171,0.393990159034729
n02437136_5019-6,camel,A photo of a camel,0.3920348882675171,0.393990159034729
n02437136_5026-3,camel,A photo of a camel,0.3920348882675171,0.393990159034729
n02437136_5060-1,camel,A photo of a camel,0.3920348882675171,0.393990159034729
n02437136_5113-3,camel,A photo of a camel,0.34999018907546997,0.35075265169143677
n02437136_5207-5,camel,A photo of a camel,0.34999018907546997,0.35075265169143677
n02437136_5207-7,camel,A photo of a camel,0.34999018907546997,0.35075265169143677
n02437136_5277-6,camel,A photo of a camel,0.34999018907546997,0.35075265169143677
n02437136_5392-6,camel,A photo of a camel,0.34999018907546997,0.35075265169143677
n02437136_5405-6,camel,A photo of a camel,0.34999018907546997,0.35075265169143677
n02437136_5999-4,camel,A photo of a camel,0.34999018907546997,0.35075265169143677
n02437136_6141-3,camel,A photo of a camel,0.34999018907546997,0.35075265169143677
n02437136_666-2,camel,A photo of a camel,0.3642662763595581,0.3629096448421478
n02437136_6900-4,camel,A photo of a camel,0.3642662763595581,0.3629096448421478
n02437136_8877-6,camel,A photo of a camel,0.3642662763595581,0.3629096448421478
n02437136_9144-2,camel,A photo of a camel,0.3642662763595581,0.3629096448421478
n02437136_9144-7,camel,A photo of a camel,0.3642662763595581,0.3629096448421478
n02437136_9933-2,camel,A photo of a camel,0.3642662763595581,0.3629096448421478
n02948072_1147-2,candle,A photo of a candle,0.3642662763595581,0.3629096448421478
n02948072_1147-5,candle,A photo of a candle,0.3642662763595581,0.3629096448421478
n02948072_1163-3,candle,A photo of a candle,0.44723960757255554,0.44122248888015747
n02948072_12086-5,candle,A photo of a candle,0.44723960757255554,0.44122248888015747
n02948072_14354-6,candle,A photo of a candle,0.44723960757255554,0.44122248888015747
n02948072_1437-5,candle,A photo of a candle,0.44723960757255554,0.44122248888015747
n02948072_14578-2,candle,A photo of a candle,0.44723960757255554,0.44122248888015747
n02948072_1478-1,candle,A photo of a candle,0.44723960757255554,0.44122248888015747
n02948072_14787-6,candle,A photo of a candle,0.44723960757255554,0.44122248888015747
n02948072_1522-1,candle,A photo of a candle,0.44723960757255554,0.44122248888015747
n02948072_15251-2,candle,A photo of a candle,0.44467905163764954,0.4463641047477722
n02948072_15415-1,candle,A photo of a candle,0.44467905163764954,0.4463641047477722
n02948072_15727-1,candle,A photo of a candle,0.44467905163764954,0.4463641047477722
n02948072_15727-5,candle,A photo of a candle,0.44467905163764954,0.4463641047477722
n02948072_16217-6,candle,A photo of a candle,0.44467905163764954,0.4463641047477722
n02948072_1666-4,candle,A photo of a candle,0.44467905163764954,0.4463641047477722
n02948072_1674-3,candle,A photo of a candle,0.44467905163764954,0.4463641047477722
n02948072_1674-5,candle,A photo of a candle,0.44467905163764954,0.4463641047477722
n02948072_17852-5,candle,A photo of a candle,0.46117883920669556,0.46337443590164185
n02948072_1866-6,candle,A photo of a candle,0.46117883920669556,0.46337443590164185
n02948072_2030-1,candle,A photo of a candle,0.46117883920669556,0.46337443590164185
n02948072_2068-9,candle,A photo of a candle,0.46117883920669556,0.46337443590164185
n02948072_22213-5,candle,A photo of a candle,0.46117883920669556,0.46337443590164185
n02948072_23201-2,candle,A photo of a candle,0.46117883920669556,0.46337443590164185
n02948072_2481-5,candle,A photo of a candle,0.46117883920669556,0.46337443590164185
n02948072_25414-3,candle,A photo of a candle,0.46117883920669556,0.46337443590164185
n02948072_26499-3,candle,A photo of a candle,0.4260029196739197,0.4331306219100952
n02948072_26499-7,candle,A photo of a candle,0.4260029196739197,0.4331306219100952
n02948072_29247-5,candle,A photo of a candle,0.4260029196739197,0.4331306219100952
n02948072_30828-5,candle,A photo of a candle,0.4260029196739197,0.4331306219100952
n02948072_33165-2,candle,A photo of a candle,0.4260029196739197,0.4331306219100952
n02948072_33165-3,candle,A photo of a candle,0.4260029196739197,0.4331306219100952
n02948072_33805-2,candle,A photo of a candle,0.4260029196739197,0.4331306219100952
n02948072_34188-3,candle,A photo of a candle,0.4260029196739197,0.4331306219100952
n02948072_34955-3,candle,A photo of a candle,0.3836901783943176,0.3891605734825134
n02948072_35225-1,candle,A photo of a candle,0.3836901783943176,0.3891605734825134
n02948072_35304-1,candle,A photo of a candle,0.3836901783943176,0.3891605734825134
n02948072_35304-5,candle,A photo of a candle,0.3836901783943176,0.3891605734825134
n02948072_36815-1,candle,A photo of a candle,0.3836901783943176,0.3891605734825134
n02948072_38839-5,candle,A photo of a candle,0.3836901783943176,0.3891605734825134
n02948072_3987-4,candle,A photo of a candle,0.3836901783943176,0.3891605734825134
n02948072_40357-2,candle,A photo of a candle,0.3836901783943176,0.3891605734825134
n02948072_40357-3,candle,A photo of a candle,0.4155614376068115,0.4139779210090637
n02948072_40357-5,candle,A photo of a candle,0.4155614376068115,0.4139779210090637
n02948072_4472-4,candle,A photo of a candle,0.4155614376068115,0.4139779210090637
n02948072_4771-1,candle,A photo of a candle,0.4155614376068115,0.4139779210090637
n02948072_4771-5,candle,A photo of a candle,0.4155614376068115,0.4139779210090637
n02948072_4865-4,candle,A photo of a candle,0.4155614376068115,0.4139779210090637
n02948072_5041-4,candle,A photo of a candle,0.4155614376068115,0.4139779210090637
n02948072_5256-4,candle,A photo of a candle,0.4155614376068115,0.4139779210090637
n02948072_5309-6,candle,A photo of a candle,0.40576547384262085,0.4037543535232544
n02948072_5783-2,candle,A photo of a candle,0.40576547384262085,0.4037543535232544
n02948072_5821-4,candle,A photo of a candle,0.40576547384262085,0.4037543535232544
n02948072_5933-3,candle,A photo of a candle,0.40576547384262085,0.4037543535232544
n02948072_5933-5,candle,A photo of a candle,0.40576547384262085,0.4037543535232544
n02948072_6012-1,candle,A photo of a candle,0.40576547384262085,0.4037543535232544
n02948072_6012-5,candle,A photo of a candle,0.40576547384262085,0.4037543535232544
n02948072_6033-4,candle,A photo of a candle,0.40576547384262085,0.4037543535232544
n02948072_6059-2,candle,A photo of a candle,0.4498485028743744,0.45487338304519653
n02948072_6059-3,candle,A photo of a candle,0.4498485028743744,0.45487338304519653
n02948072_6581-5,candle,A photo of a candle,0.4498485028743744,0.45487338304519653
n02948072_6915-7,candle,A photo of a candle,0.4498485028743744,0.45487338304519653
n02948072_7100-5,candle,A photo of a candle,0.4498485028743744,0.45487338304519653
n02948072_7659-2,candle,A photo of a candle,0.4498485028743744,0.45487338304519653
n02948072_782-1,candle,A photo of a candle,0.4498485028743744,0.45487338304519653
n02948072_782-3,candle,A photo of a candle,0.4498485028743744,0.45487338304519653
n02948072_9-1,candle,A photo of a candle,0.33795273303985596,0.3357805013656616
n02948072_9537-4,candle,A photo of a candle,0.33795273303985596,0.3357805013656616
n02948072_9835-1,candle,A photo of a candle,0.33795273303985596,0.3357805013656616
n02950826_1005-4,cannon,A photo of a cannon,0.33795273303985596,0.3357805013656616
n02950826_10208-1,cannon,A photo of a cannon,0.33795273303985596,0.3357805013656616
n02950826_10208-5,cannon,A photo of a cannon,0.33795273303985596,0.3357805013656616
n02950826_10392-2,cannon,A photo of a cannon,0.33795273303985596,0.3357805013656616
n02950826_10392-3,cannon,A photo of a cannon,0.33795273303985596,0.3357805013656616
n02950826_11786-2,cannon,A photo of a cannon,0.33387768268585205,0.33685895800590515
n02950826_11786-5,cannon,A photo of a cannon,0.33387768268585205,0.33685895800590515
n02950826_11903-1,cannon,A photo of a cannon,0.33387768268585205,0.33685895800590515
n02950826_11903-2,cannon,A photo of a cannon,0.33387768268585205,0.33685895800590515
n02950826_1196-2,cannon,A photo of a cannon,0.33387768268585205,0.33685895800590515
n02950826_12102-4,cannon,A photo of a cannon,0.33387768268585205,0.33685895800590515
n02950826_12133-1,cannon,A photo of a cannon,0.33387768268585205,0.33685895800590515
n02950826_12381-1,cannon,A photo of a cannon,0.33387768268585205,0.33685895800590515
n02950826_12381-2,cannon,A photo of a cannon,0.3605998456478119,0.3588712513446808
n02950826_12381-3,cannon,A photo of a cannon,0.3605998456478119,0.3588712513446808
n02950826_12657-3,cannon,A photo of a cannon,0.3605998456478119,0.3588712513446808
n02950826_12945-5,cannon,A photo of a cannon,0.3605998456478119,0.3588712513446808
n02950826_13137-1,cannon,A photo of a cannon,0.3605998456478119,0.3588712513446808
n02950826_1353-3,cannon,A photo of a cannon,0.3605998456478119,0.3588712513446808
n02950826_13669-1,cannon,A photo of a cannon,0.3605998456478119,0.3588712513446808
n02950826_13669-2,cannon,A photo of a cannon,0.3605998456478119,0.3588712513446808
n02950826_13669-5,cannon,A photo of a cannon,0.3556519150733948,0.3556007146835327
n02950826_14318-2,cannon,A photo of a cannon,0.3556519150733948,0.3556007146835327
n02950826_14318-3,cannon,A photo of a cannon,0.3556519150733948,0.3556007146835327
n02950826_15160-2,cannon,A photo of a cannon,0.3556519150733948,0.3556007146835327
n02950826_16137-1,cannon,A photo of a cannon,0.3556519150733948,0.3556007146835327
n02950826_16137-5,cannon,A photo of a cannon,0.3556519150733948,0.3556007146835327
n02950826_16320-1,cannon,A photo of a cannon,0.3556519150733948,0.3556007146835327
n02950826_16320-5,cannon,A photo of a cannon,0.3556519150733948,0.3556007146835327
n02950826_16494-2,cannon,A photo of a cannon,0.30986854434013367,0.3098016381263733
n02950826_16494-3,cannon,A photo of a cannon,0.30986854434013367,0.3098016381263733
n02950826_16494-4,cannon,A photo of a cannon,0.30986854434013367,0.3098016381263733
n02950826_16590-1,cannon,A photo of a cannon,0.30986854434013367,0.3098016381263733
n02950826_16865-2,cannon,A photo of a cannon,0.30986854434013367,0.3098016381263733
n02950826_16865-4,cannon,A photo of a cannon,0.30986854434013367,0.3098016381263733
n02950826_16990-4,cannon,A photo of a cannon,0.30986854434013367,0.3098016381263733
n02950826_17427-2,cannon,A photo of a cannon,0.30986854434013367,0.3098016381263733
n02950826_17812-1,cannon,A photo of a cannon,0.3254464864730835,0.32838597893714905
n02950826_17812-3,cannon,A photo of a cannon,0.3254464864730835,0.32838597893714905
n02950826_18093-6,cannon,A photo of a cannon,0.3254464864730835,0.32838597893714905
n02950826_18093-7,cannon,A photo of a cannon,0.3254464864730835,0.32838597893714905
n02950826_1847-4,cannon,A photo of a cannon,0.3254464864730835,0.32838597893714905
n02950826_18518-2,cannon,A photo of a cannon,0.3254464864730835,0.32838597893714905
n02950826_18621-2,cannon,A photo of a cannon,0.3254464864730835,0.32838597893714905
n02950826_19057-3,cannon,A photo of a cannon,0.3254464864730835,0.32838597893714905
n02950826_19388-3,cannon,A photo of a cannon,0.33547037839889526,0.33562329411506653
n02950826_19388-4,cannon,A photo of a cannon,0.33547037839889526,0.33562329411506653
n02950826_2018-3,cannon,A photo of a cannon,0.33547037839889526,0.33562329411506653
n02950826_22321-4,cannon,A photo of a cannon,0.33547037839889526,0.33562329411506653
n02950826_22321-5,cannon,A photo of a cannon,0.33547037839889526,0.33562329411506653
n02950826_2536-4,cannon,A photo of a cannon,0.33547037839889526,0.33562329411506653
n02950826_27173-4,cannon,A photo of a cannon,0.33547037839889526,0.33562329411506653
n02950826_27679-3,cannon,A photo of a cannon,0.33547037839889526,0.33562329411506653
n02950826_28683-3,cannon,A photo of a cannon,0.34755995869636536,0.3503611087799072
n02950826_29259-5,cannon,A photo of a cannon,0.34755995869636536,0.3503611087799072
n02950826_30253-3,cannon,A photo of a cannon,0.34755995869636536,0.3503611087799072
n02950826_33377-1,cannon,A photo of a cannon,0.34755995869636536,0.3503611087799072
n02950826_33377-4,cannon,A photo of a cannon,0.34755995869636536,0.3503611087799072
n02950826_33418-5,cannon,A photo of a cannon,0.34755995869636536,0.3503611087799072
n02950826_33653-2,cannon,A photo of a cannon,0.34755995869636536,0.3503611087799072
n02950826_33724-4,cannon,A photo of a cannon,0.34755995869636536,0.3503611087799072
n02950826_35499-2,cannon,A photo of a cannon,0.34790658950805664,0.34674301743507385
n02950826_35499-3,cannon,A photo of a cannon,0.34790658950805664,0.34674301743507385
n02950826_38469-2,cannon,A photo of a cannon,0.34790658950805664,0.34674301743507385
n02950826_4015-4,cannon,A photo of a cannon,0.34790658950805664,0.34674301743507385
n02950826_4457-3,cannon,A photo of a cannon,0.34790658950805664,0.34674301743507385
n02950826_4680-5,cannon,A photo of a cannon,0.34790658950805664,0.34674301743507385
n02950826_5567-2,cannon,A photo of a cannon,0.34790658950805664,0.34674301743507385
n02950826_5567-7,cannon,A photo of a cannon,0.34790658950805664,0.34674301743507385
n02950826_5590-1,cannon,A photo of a cannon,0.32938438653945923,0.33100569248199463
n02950826_5720-3,cannon,A photo of a cannon,0.32938438653945923,0.33100569248199463
n02950826_5720-5,cannon,A photo of a cannon,0.32938438653945923,0.33100569248199463
n02950826_717-1,cannon,A photo of a cannon,0.32938438653945923,0.33100569248199463
n02950826_7346-3,cannon,A photo of a cannon,0.32938438653945923,0.33100569248199463
n02950826_8308-4,cannon,A photo of a cannon,0.32938438653945923,0.33100569248199463
n02950826_9001-5,cannon,A photo of a cannon,0.32938438653945923,0.33100569248199463
n02950826_9216-5,cannon,A photo of a cannon,0.32938438653945923,0.33100569248199463
n02950826_9361-6,cannon,A photo of a cannon,0.3459179401397705,0.34698158502578735
n02950826_9509-1,cannon,A photo of a cannon,0.3459179401397705,0.34698158502578735
n02950826_9583-2,cannon,A photo of a cannon,0.3459179401397705,0.34698158502578735
n02950826_9641-1,cannon,A photo of a cannon,0.3459179401397705,0.34698158502578735
n02950826_9931-3,cannon,A photo of a cannon,0.3459179401397705,0.34698158502578735
n02958343_10187-2,car_(sedan),A photo of a car (sedan),0.3459179401397705,0.34698158502578735
n02958343_10187-3,car_(sedan),A photo of a car (sedan),0.3459179401397705,0.34698158502578735
n02958343_11246-2,car_(sedan),A photo of a car (sedan),0.3459179401397705,0.34698158502578735
n02958343_11246-3,car_(sedan),A photo of a car (sedan),0.3416755199432373,0.34430402517318726
n02958343_11246-4,car_(sedan),A photo of a car (sedan),0.3416755199432373,0.34430402517318726
n02958343_12252-1,car_(sedan),A photo of a car (sedan),0.3416755199432373,0.34430402517318726
n02958343_12557-4,car_(sedan),A photo of a car (sedan),0.3416755199432373,0.34430402517318726
n02958343_13036-5,car_(sedan),A photo of a car (sedan),0.3416755199432373,0.34430402517318726
n02958343_1853-5,car_(sedan),A photo of a car (sedan),0.3416755199432373,0.34430402517318726
n02958343_1853-6,car_(sedan),A photo of a car (sedan),0.3416755199432373,0.34430402517318726
n02958343_20771-1,car_(sedan),A photo of a car (sedan),0.3416755199432373,0.34430402517318726
n02958343_255-1,car_(sedan),A photo of a car (sedan),0.30885446071624756,0.3098479211330414
n02958343_3561-4,car_(sedan),A photo of a car (sedan),0.30885446071624756,0.3098479211330414
n02958343_4120-1,car_(sedan),A photo of a car (sedan),0.30885446071624756,0.3098479211330414
n02958343_4120-4,car_(sedan),A photo of a car (sedan),0.30885446071624756,0.3098479211330414
n02958343_4750-2,car_(sedan),A photo of a car (sedan),0.30885446071624756,0.3098479211330414
n02958343_4750-4,car_(sedan),A photo of a car (sedan),0.30885446071624756,0.3098479211330414
n02958343_494-3,car_(sedan),A photo of a car (sedan),0.30885446071624756,0.3098479211330414
n02958343_494-6,car_(sedan),A photo of a car (sedan),0.30885446071624756,0.3098479211330414
n02958343_5353-3,car_(sedan),A photo of a car (sedan),0.33650198578834534,0.3408261835575104
n02958343_5820-1,car_(sedan),A photo of a car (sedan),0.33650198578834534,0.3408261835575104
n02958343_6233-4,car_(sedan),A photo of a car (sedan),0.33650198578834534,0.3408261835575104
n02958343_6233-6,car_(sedan),A photo of a car (sedan),0.33650198578834534,0.3408261835575104
n02958343_6530-2,car_(sedan),A photo of a car (sedan),0.33650198578834534,0.3408261835575104
n02958343_6586-1,car_(sedan),A photo of a car (sedan),0.33650198578834534,0.3408261835575104
n02958343_8028-3,car_(sedan),A photo of a car (sedan),0.33650198578834534,0.3408261835575104
n04166281_1059-3,car_(sedan),A photo of a car (sedan),0.33650198578834534,0.3408261835575104
n04166281_1303-4,car_(sedan),A photo of a car (sedan),0.32543450593948364,0.32930058240890503
n04166281_13380-4,car_(sedan),A photo of a car (sedan),0.32543450593948364,0.32930058240890503
n04166281_185-3,car_(sedan),A photo of a car (sedan),0.32543450593948364,0.32930058240890503
n04166281_185-7,car_(sedan),A photo of a car (sedan),0.32543450593948364,0.32930058240890503
n04166281_185-8,car_(sedan),A photo of a car (sedan),0.32543450593948364,0.32930058240890503
n04166281_1917-7,car_(sedan),A photo of a car (sedan),0.32543450593948364,0.32930058240890503
n04166281_19230-6,car_(sedan),A photo of a car (sedan),0.32543450593948364,0.32930058240890503
n04166281_1959-3,car_(sedan),A photo of a car (sedan),0.32543450593948364,0.32930058240890503
n04166281_1959-4,car_(sedan),A photo of a car (sedan),0.33488622307777405,0.33538058400154114
n04166281_21492-8,car_(sedan),A photo of a car (sedan),0.33488622307777405,0.33538058400154114
n04166281_22321-6,car_(sedan),A photo of a car (sedan),0.33488622307777405,0.33538058400154114
n04166281_23980-4,car_(sedan),A photo of a car (sedan),0.33488622307777405,0.33538058400154114
n04166281_23980-9,car_(sedan),A photo of a car (sedan),0.33488622307777405,0.33538058400154114
n04166281_241-1,car_(sedan),A photo of a car (sedan),0.33488622307777405,0.33538058400154114
n04166281_241-4,car_(sedan),A photo of a car (sedan),0.33488622307777405,0.33538058400154114
n04166281_263-10,car_(sedan),A photo of a car (sedan),0.33488622307777405,0.33538058400154114
n04166281_263-2,car_(sedan),A photo of a car (sedan),0.30959850549697876,0.30946099758148193
n04166281_263-3,car_(sedan),A photo of a car (sedan),0.30959850549697876,0.30946099758148193
n04166281_28282-2,car_(sedan),A photo of a car (sedan),0.30959850549697876,0.30946099758148193
n04166281_28282-9,car_(sedan),A photo of a car (sedan),0.30959850549697876,0.30946099758148193
n04166281_3840-4,car_(sedan),A photo of a car (sedan),0.30959850549697876,0.30946099758148193
n04166281_388-1,car_(sedan),A photo of a car (sedan),0.30959850549697876,0.30946099758148193
n04166281_388-5,car_(sedan),A photo of a car (sedan),0.30959850549697876,0.30946099758148193
n04166281_4002-3,car_(sedan),A photo of a car (sedan),0.30959850549697876,0.30946099758148193
n04166281_4166-1,car_(sedan),A photo of a car (sedan),0.3310714662075043,0.3324967920780182
n04166281_4401-3,car_(sedan),A photo of a car (sedan),0.3310714662075043,0.3324967920780182
n04166281_4401-4,car_(sedan),A photo of a car (sedan),0.3310714662075043,0.3324967920780182
n04166281_4416-4,car_(sedan),A photo of a car (sedan),0.3310714662075043,0.3324967920780182
n04166281_4661-1,car_(sedan),A photo of a car (sedan),0.3310714662075043,0.3324967920780182
n04166281_4869-2,car_(sedan),A photo of a car (sedan),0.3310714662075043,0.3324967920780182
n04166281_4869-8,car_(sedan),A photo of a car (sedan),0.3310714662075043,0.3324967920780182
n04166281_4915-7,car_(sedan),A photo of a car (sedan),0.3310714662075043,0.3324967920780182
n04166281_4975-4,car_(sedan),A photo of a car (sedan),0.3542117476463318,0.354385107755661
n04166281_5125-9,car_(sedan),A photo of a car (sedan),0.3542117476463318,0.354385107755661
n04166281_5134-1,car_(sedan),A photo of a car (sedan),0.3542117476463318,0.354385107755661
n04166281_5134-2,car_(sedan),A photo of a car (sedan),0.3542117476463318,0.354385107755661
n04166281_5134-4,car_(sedan),A photo of a car (sedan),0.3542117476463318,0.354385107755661
n04166281_5134-5,car_(sedan),A photo of a car (sedan),0.3542117476463318,0.354385107755661
n04166281_534-7,car_(sedan),A photo of a car (sedan),0.3542117476463318,0.354385107755661
n04166281_534-8,car_(sedan),A photo of a car (sedan),0.3542117476463318,0.354385107755661
n04166281_5354-5,car_(sedan),A photo of a car (sedan),0.3159310817718506,0.3141849637031555
n04166281_5438-1,car_(sedan),A photo of a car (sedan),0.3159310817718506,0.3141849637031555
n04166281_5438-3,car_(sedan),A photo of a car (sedan),0.3159310817718506,0.3141849637031555
n04166281_5438-8,car_(sedan),A photo of a car (sedan),0.3159310817718506,0.3141849637031555
n04166281_5506-10,car_(sedan),A photo of a car (sedan),0.3159310817718506,0.3141849637031555
n04166281_5506-9,car_(sedan),A photo of a car (sedan),0.3159310817718506,0.3141849637031555
n04166281_5545-2,car_(sedan),A photo of a car (sedan),0.3159310817718506,0.3141849637031555
n04166281_5545-5,car_(sedan),A photo of a car (sedan),0.3159310817718506,0.3141849637031555
n04166281_5551-7,car_(sedan),A photo of a car (sedan),0.3407968282699585,0.3418149948120117
n04166281_5719-3,car_(sedan),A photo of a car (sedan),0.3407968282699585,0.3418149948120117
n04166281_5846-1,car_(sedan),A photo of a car (sedan),0.3407968282699585,0.3418149948120117
n04166281_5846-2,car_(sedan),A photo of a car (sedan),0.3407968282699585,0.3418149948120117
n04166281_6358-6,car_(sedan),A photo of a car (sedan),0.3407968282699585,0.3418149948120117
n04166281_6358-7,car_(sedan),A photo of a car (sedan),0.3407968282699585,0.3418149948120117
n04166281_6586-5,car_(sedan),A photo of a car (sedan),0.3407968282699585,0.3418149948120117
n04166281_6586-6,car_(sedan),A photo of a car (sedan),0.3407968282699585,0.3418149948120117
n04166281_6586-8,car_(sedan),A photo of a car (sedan),0.33280515670776367,0.33115264773368835
n04166281_6626-4,car_(sedan),A photo of a car (sedan),0.33280515670776367,0.33115264773368835
n04166281_6808-7,car_(sedan),A photo of a car (sedan),0.33280515670776367,0.33115264773368835
n04166281_7105-3,car_(sedan),A photo of a car (sedan),0.33280515670776367,0.33115264773368835
n04166281_7105-5,car_(sedan),A photo of a car (sedan),0.33280515670776367,0.33115264773368835
n04166281_927-1,car_(sedan),A photo of a car (sedan),0.33280515670776367,0.33115264773368835
n04166281_990-4,car_(sedan),A photo of a car (sedan),0.33280515670776367,0.33115264773368835
n02980441_10122-1,castle,A photo of a castle,0.33280515670776367,0.33115264773368835
n02980441_10122-6,castle,A photo of a castle,0.3315184712409973,0.3298504650592804
n02980441_10280-2,castle,A photo of a castle,0.3315184712409973,0.3298504650592804
n02980441_10280-3,castle,A photo of a castle,0.3315184712409973,0.3298504650592804
n02980441_1073-4,castle,A photo of a castle,0.3315184712409973,0.3298504650592804
n02980441_1109-1,castle,A photo of a castle,0.3315184712409973,0.3298504650592804
n02980441_11128-3,castle,A photo of a castle,0.3315184712409973,0.3298504650592804
n02980441_11645-5,castle,A photo of a castle,0.3315184712409973,0.3298504650592804
n02980441_11707-4,castle,A photo of a castle,0.3315184712409973,0.3298504650592804
n02980441_11789-1,castle,A photo of a castle,0.34355419874191284,0.3371753990650177
n02980441_11789-5,castle,A photo of a castle,0.34355419874191284,0.3371753990650177
n02980441_11956-4,castle,A photo of a castle,0.34355419874191284,0.3371753990650177
n02980441_12104-4,castle,A photo of a castle,0.34355419874191284,0.3371753990650177
n02980441_12265-5,castle,A photo of a castle,0.34355419874191284,0.3371753990650177
n02980441_12265-6,castle,A photo of a castle,0.34355419874191284,0.3371753990650177
n02980441_1230-4,castle,A photo of a castle,0.34355419874191284,0.3371753990650177
n02980441_12528-2,castle,A photo of a castle,0.34355419874191284,0.3371753990650177
n02980441_12999-4,castle,A photo of a castle,0.33623945713043213,0.3316859006881714
n02980441_1311-5,castle,A photo of a castle,0.33623945713043213,0.3316859006881714
n02980441_13626-4,castle,A photo of a castle,0.33623945713043213,0.3316859006881714
n02980441_13626-6,castle,A photo of a castle,0.33623945713043213,0.3316859006881714
n02980441_14009-3,castle,A photo of a castle,0.33623945713043213,0.3316859006881714
n02980441_14009-4,castle,A photo of a castle,0.33623945713043213,0.3316859006881714
n02980441_14457-3,castle,A photo of a castle,0.33623945713043213,0.3316859006881714
n02980441_14546-2,castle,A photo of a castle,0.33623945713043213,0.3316859006881714
n02980441_14546-4,castle,A photo of a castle,0.32540106773376465,0.3243793845176697
n02980441_14546-6,castle,A photo of a castle,0.32540106773376465,0.3243793845176697
n02980441_14783-3,castle,A photo of a castle,0.32540106773376465,0.3243793845176697
n02980441_14783-4,castle,A photo of a castle,0.32540106773376465,0.3243793845176697
n02980441_1533-1,castle,A photo of a castle,0.32540106773376465,0.3243793845176697
n02980441_1533-2,castle,A photo of a castle,0.32540106773376465,0.3243793845176697
n02980441_1533-4,castle,A photo of a castle,0.32540106773376465,0.3243793845176697
n02980441_15655-1,castle,A photo of a castle,0.32540106773376465,0.3243793845176697
n02980441_15655-2,castle,A photo of a castle,0.33047735691070557,0.3289361000061035
n02980441_15789-2,castle,A photo of a castle,0.33047735691070557,0.3289361000061035
n02980441_1620-5,castle,A photo of a castle,0.33047735691070557,0.3289361000061035
n02980441_16383-6,castle,A photo of a castle,0.33047735691070557,0.3289361000061035
n02980441_16692-5,castle,A photo of a castle,0.33047735691070557,0.3289361000061035
n02980441_16934-5,castle,A photo of a castle,0.33047735691070557,0.3289361000061035
n02980441_16994-2,castle,A photo of a castle,0.33047735691070557,0.3289361000061035
n02980441_16997-1,castle,A photo of a castle,0.33047735691070557,0.3289361000061035
n02980441_16997-5,castle,A photo of a castle,0.3424765467643738,0.33492204546928406
n02980441_1803-4,castle,A photo of a castle,0.3424765467643738,0.33492204546928406
n02980441_2002-6,castle,A photo of a castle,0.3424765467643738,0.33492204546928406
n02980441_22886-1,castle,A photo of a castle,0.3424765467643738,0.33492204546928406
n02980441_24042-1,castle,A photo of a castle,0.3424765467643738,0.33492204546928406
n02980441_24042-2,castle,A photo of a castle,0.3424765467643738,0.33492204546928406
n02980441_24042-4,castle,A photo of a castle,0.3424765467643738,0.33492204546928406
n02980441_26871-3,castle,A photo of a castle,0.3424765467643738,0.33492204546928406
n02980441_30477-1,castle,A photo of a castle,0.33147498965263367,0.3281489610671997
n02980441_31632-3,castle,A photo of a castle,0.33147498965263367,0.3281489610671997
n02980441_3354-1,castle,A photo of a castle,0.33147498965263367,0.3281489610671997
n02980441_33941-3,castle,A photo of a castle,0.33147498965263367,0.3281489610671997
n02980441_33941-5,castle,A photo of a castle,0.33147498965263367,0.3281489610671997
n02980441_33984-2,castle,A photo of a castle,0.33147498965263367,0.3281489610671997
n02980441_35109-2,castle,A photo of a castle,0.33147498965263367,0.3281489610671997
n02980441_35109-5,castle,A photo of a castle,0.33147498965263367,0.3281489610671997
n02980441_3800-1,castle,A photo of a castle,0.3496570587158203,0.34793156385421753
n02980441_38768-1,castle,A photo of a castle,0.3496570587158203,0.34793156385421753
n02980441_4116-2,castle,A photo of a castle,0.3496570587158203,0.34793156385421753
n02980441_4116-5,castle,A photo of a castle,0.3496570587158203,0.34793156385421753
n02980441_4356-1,castle,A photo of a castle,0.3496570587158203,0.34793156385421753
n02980441_4356-5,castle,A photo of a castle,0.3496570587158203,0.34793156385421753
n02980441_4356-7,castle,A photo of a castle,0.3496570587158203,0.34793156385421753
n02980441_488-2,castle,A photo of a castle,0.3496570587158203,0.34793156385421753
n02980441_53-2,castle,A photo of a castle,0.3527572751045227,0.3530225157737732
n02980441_53-3,castle,A photo of a castle,0.3527572751045227,0.3530225157737732
n02980441_5327-2,castle,A photo of a castle,0.3527572751045227,0.3530225157737732
n02980441_5327-3,castle,A photo of a castle,0.3527572751045227,0.3530225157737732
n02980441_5400-1,castle,A photo of a castle,0.3527572751045227,0.3530225157737732
n02980441_5400-4,castle,A photo of a castle,0.3527572751045227,0.3530225157737732
n02980441_5400-7,castle,A photo of a castle,0.3527572751045227,0.3530225157737732
n02980441_6082-3,castle,A photo of a castle,0.3527572751045227,0.3530225157737732
n02980441_6082-4,castle,A photo of a castle,0.32324251532554626,0.3217613697052002
n02980441_6273-1,castle,A photo of a castle,0.32324251532554626,0.3217613697052002
n02980441_6273-5,castle,A photo of a castle,0.32324251532554626,0.3217613697052002
n02980441_6317-1,castle,A photo of a castle,0.32324251532554626,0.3217613697052002
n02980441_6317-3,castle,A photo of a castle,0.32324251532554626,0.3217613697052002
n02980441_6317-4,castle,A photo of a castle,0.32324251532554626,0.3217613697052002
n02980441_6317-6,castle,A photo of a castle,0.32324251532554626,0.3217613697052002
n02980441_687-4,castle,A photo of a castle,0.32324251532554626,0.3217613697052002
n02980441_687-6,castle,A photo of a castle,0.3602724075317383,0.3577968180179596
n02980441_7815-1,castle,A photo of a castle,0.3602724075317383,0.3577968180179596
n02980441_7969-2,castle,A photo of a castle,0.3602724075317383,0.3577968180179596
n02980441_8524-3,castle,A photo of a castle,0.3602724075317383,0.3577968180179596
n02980441_8547-3,castle,A photo of a castle,0.3602724075317383,0.3577968180179596
n02980441_8585-2,castle,A photo of a castle,0.3602724075317383,0.3577968180179596
n02980441_8875-6,castle,A photo of a castle,0.3602724075317383,0.3577968180179596
n02980441_9169-3,castle,A photo of a castle,0.3602724075317383,0.3577968180179596
n02980441_9862-4,castle,A photo of a castle,0.36625221371650696,0.36789387464523315
n02980441_9862-6,castle,A photo of a castle,0.36625221371650696,0.36789387464523315
n02121620_11090-1,cat,A photo of a cat,0.36625221371650696,0.36789387464523315
n02121620_11995-1,cat,A photo of a cat,0.36625221371650696,0.36789387464523315
n02121620_12185-9,cat,A photo of a cat,0.36625221371650696,0.36789387464523315
n02121620_1256-4,cat,A photo of a cat,0.36625221371650696,0.36789387464523315
n02121620_13437-1,cat,A photo of a cat,0.36625221371650696,0.36789387464523315
n02121620_14221-1,cat,A photo of a cat,0.36625221371650696,0.36789387464523315
n02121620_14221-3,cat,A photo of a cat,0.38675159215927124,0.3913920521736145
n02121620_14221-5,cat,A photo of a cat,0.38675159215927124,0.3913920521736145
n02121620_1506-5,cat,A photo of a cat,0.38675159215927124,0.3913920521736145
n02121620_1506-7,cat,A photo of a cat,0.38675159215927124,0.3913920521736145
n02121620_1566-3,cat,A photo of a cat,0.38675159215927124,0.3913920521736145
n02121620_15974-3,cat,A photo of a cat,0.38675159215927124,0.3913920521736145
n02121620_15974-4,cat,A photo of a cat,0.38675159215927124,0.3913920521736145
n02121620_1627-2,cat,A photo of a cat,0.38675159215927124,0.3913920521736145
n02121620_183-5,cat,A photo of a cat,0.41630423069000244,0.41892483830451965
n02121620_19341-5,cat,A photo of a cat,0.41630423069000244,0.41892483830451965
n02121620_1960-4,cat,A photo of a cat,0.41630423069000244,0.41892483830451965
n02121620_1960-5,cat,A photo of a cat,0.41630423069000244,0.41892483830451965
n02121620_19963-3,cat,A photo of a cat,0.41630423069000244,0.41892483830451965
n02121620_20153-6,cat,A photo of a cat,0.41630423069000244,0.41892483830451965
n02121620_2092-3,cat,A photo of a cat,0.41630423069000244,0.41892483830451965
n02121620_21150-1,cat,A photo of a cat,0.41630423069000244,0.41892483830451965
n02121620_21150-8,cat,A photo of a cat,0.3712059557437897,0.3732839822769165
n02121620_2158-2,cat,A photo of a cat,0.3712059557437897,0.3732839822769165
n02121620_2158-3,cat,A photo of a cat,0.3712059557437897,0.3732839822769165
n02121620_21679-2,cat,A photo of a cat,0.3712059557437897,0.3732839822769165
n02121620_22081-5,cat,A photo of a cat,0.3712059557437897,0.3732839822769165
n02121620_22081-6,cat,A photo of a cat,0.3712059557437897,0.3732839822769165
n02121620_22081-8,cat,A photo of a cat,0.3712059557437897,0.3732839822769165
n02121620_2212-4,cat,A photo of a cat,0.3712059557437897,0.3732839822769165
n02121620_2212-5,cat,A photo of a cat,0.37987953424453735,0.38150086998939514
n02121620_2231-3,cat,A photo of a cat,0.37987953424453735,0.38150086998939514
n02121620_2231-6,cat,A photo of a cat,0.37987953424453735,0.38150086998939514
n02121620_2343-5,cat,A photo of a cat,0.37987953424453735,0.38150086998939514
n02121620_2343-6,cat,A photo of a cat,0.37987953424453735,0.38150086998939514
n02121620_2351-2,cat,A photo of a cat,0.37987953424453735,0.38150086998939514
n02121620_2395-1,cat,A photo of a cat,0.37987953424453735,0.38150086998939514
n02121620_262-6,cat,A photo of a cat,0.37987953424453735,0.38150086998939514
n02121620_26845-2,cat,A photo of a cat,0.3823170065879822,0.38086703419685364
n02121620_26845-4,cat,A photo of a cat,0.3823170065879822,0.38086703419685364
n02121620_26845-5,cat,A photo of a cat,0.3823170065879822,0.38086703419685364
n02121620_26845-7,cat,A photo of a cat,0.3823170065879822,0.38086703419685364
n02121620_27043-2,cat,A photo of a cat,0.3823170065879822,0.38086703419685364
n02121620_27043-5,cat,A photo of a cat,0.3823170065879822,0.38086703419685364
n02121620_2754-3,cat,A photo of a cat,0.3823170065879822,0.38086703419685364
n02121620_2770-2,cat,A photo of a cat,0.3823170065879822,0.38086703419685364
n02121620_2770-3,cat,A photo of a cat,0.39130324125289917,0.39147576689720154
n02121620_27726-2,cat,A photo of a cat,0.39130324125289917,0.39147576689720154
n02121620_28944-2,cat,A photo of a cat,0.39130324125289917,0.39147576689720154
n02121620_29401-6,cat,A photo of a cat,0.39130324125289917,0.39147576689720154
n02121620_29401-9,cat,A photo of a cat,0.39130324125289917,0.39147576689720154
n02121620_30507-5,cat,A photo of a cat,0.39130324125289917,0.39147576689720154
n02121620_31172-1,cat,A photo of a cat,0.39130324125289917,0.39147576689720154
n02121620_31172-4,cat,A photo of a cat,0.39130324125289917,0.39147576689720154
n02121620_31930-1,cat,A photo of a cat,0.3944542407989502,0.3966900110244751
n02121620_3196-4,cat,A photo of a cat,0.3944542407989502,0.3966900110244751
n02121620_3229-2,cat,A photo of a cat,0.3944542407989502,0.3966900110244751
n02121620_3229-4,cat,A photo of a cat,0.3944542407989502,0.3966900110244751
n02121620_33201-1,cat,A photo of a cat,0.3944542407989502,0.3966900110244751
n02121620_3323-2,cat,A photo of a cat,0.3944542407989502,0.3966900110244751
n02121620_33298-10,cat,A photo of a cat,0.3944542407989502,0.3966900110244751
n02121620_3464-1,cat,A photo of a cat,0.3944542407989502,0.3966900110244751
n02121620_3464-7,cat,A photo of a cat,0.3873947858810425,0.38864296674728394
n02121620_3464-9,cat,A photo of a cat,0.3873947858810425,0.38864296674728394
n02121620_3732-1,cat,A photo of a cat,0.3873947858810425,0.38864296674728394
n02121620_3732-4,cat,A photo of a cat,0.3873947858810425,0.38864296674728394
n02121620_4026-7,cat,A photo of a cat,0.3873947858810425,0.38864296674728394
n02121620_424-7,cat,A photo of a cat,0.3873947858810425,0.38864296674728394
n02121620_424-8,cat,A photo of a cat,0.3873947858810425,0.38864296674728394
n02121620_4315-10,cat,A photo of a cat,0.3873947858810425,0.38864296674728394
n02121620_4315-7,cat,A photo of a cat,0.37792348861694336,0.3784654140472412
n02121620_4652-6,cat,A photo of a cat,0.37792348861694336,0.3784654140472412
n02121620_4652-8,cat,A photo of a cat,0.37792348861694336,0.3784654140472412
n02121620_4700-1,cat,A photo of a cat,0.37792348861694336,0.3784654140472412
n02121620_4903-3,cat,A photo of a cat,0.37792348861694336,0.3784654140472412
n02121620_4977-3,cat,A photo of a cat,0.37792348861694336,0.3784654140472412
n02121620_5042-1,cat,A photo of a cat,0.37792348861694336,0.3784654140472412
n02121620_5042-3,cat,A photo of a cat,0.37792348861694336,0.3784654140472412
n02121620_5042-8,cat,A photo of a cat,0.37798288464546204,0.38225021958351135
n02121620_5062-4,cat,A photo of a cat,0.37798288464546204,0.38225021958351135
n02121620_5062-5,cat,A photo of a cat,0.37798288464546204,0.38225021958351135
n02121620_5067-8,cat,A photo of a cat,0.37798288464546204,0.38225021958351135
n02121620_5067-9,cat,A photo of a cat,0.37798288464546204,0.38225021958351135
n02121620_5079-5,cat,A photo of a cat,0.37798288464546204,0.38225021958351135
n02121620_5080-3,cat,A photo of a cat,0.37798288464546204,0.38225021958351135
n02121620_5080-6,cat,A photo of a cat,0.37798288464546204,0.38225021958351135
n02121620_51-8,cat,A photo of a cat,0.34917426109313965,0.35251861810684204
n02121620_5156-2,cat,A photo of a cat,0.34917426109313965,0.35251861810684204
n02121620_5156-3,cat,A photo of a cat,0.34917426109313965,0.35251861810684204
n02121620_5176-1,cat,A photo of a cat,0.34917426109313965,0.35251861810684204
n02121620_5176-9,cat,A photo of a cat,0.34917426109313965,0.35251861810684204
n02121620_5192-5,cat,A photo of a cat,0.34917426109313965,0.35251861810684204
n02121620_5192-6,cat,A photo of a cat,0.34917426109313965,0.35251861810684204
n02121620_5286-4,cat,A photo of a cat,0.34917426109313965,0.35251861810684204
n02121620_5286-7,cat,A photo of a cat,0.3563145697116852,0.3618813157081604
n02121620_531-5,cat,A photo of a cat,0.3563145697116852,0.3618813157081604
n02121620_5319-4,cat,A photo of a cat,0.3563145697116852,0.3618813157081604
n02121620_5361-2,cat,A photo of a cat,0.3563145697116852,0.3618813157081604
n02121620_7221-2,cat,A photo of a cat,0.3563145697116852,0.3618813157081604
n02121620_7221-7,cat,A photo of a cat,0.3563145697116852,0.3618813157081604
n02121620_7530-3,cat,A photo of a cat,0.3563145697116852,0.3618813157081604
n02121620_7719-1,cat,A photo of a cat,0.3563145697116852,0.3618813157081604
n02121620_7719-3,cat,A photo of a cat,0.3765857219696045,0.37861478328704834
n02121620_8873-2,cat,A photo of a cat,0.3765857219696045,0.37861478328704834
n02121620_938-3,cat,A photo of a cat,0.3765857219696045,0.37861478328704834
n02121620_9603-2,cat,A photo of a cat,0.3765857219696045,0.37861478328704834
n02738535_10219-3,chair,A photo of a chair,0.3765857219696045,0.37861478328704834
n02738535_10560-4,chair,A photo of a chair,0.3765857219696045,0.37861478328704834
n02738535_10863-3,chair,A photo of a chair,0.3765857219696045,0.37861478328704834
n02738535_11426-2,chair,A photo of a chair,0.3765857219696045,0.37861478328704834
n02738535_1198-4,chair,A photo of a chair,0.39192506670951843,0.39264070987701416
n02738535_14114-6,chair,A photo of a chair,0.39192506670951843,0.39264070987701416
n02738535_15106-5,chair,A photo of a chair,0.39192506670951843,0.39264070987701416
n02738535_15561-4,chair,A photo of a chair,0.39192506670951843,0.39264070987701416
n02738535_15561-6,chair,A photo of a chair,0.39192506670951843,0.39264070987701416
n02738535_16659-2,chair,A photo of a chair,0.39192506670951843,0.39264070987701416
n02738535_16661-1,chair,A photo of a chair,0.39192506670951843,0.39264070987701416
n02738535_16661-2,chair,A photo of a chair,0.39192506670951843,0.39264070987701416
n02738535_16891-1,chair,A photo of a chair,0.36116883158683777,0.36112332344055176
n02738535_16891-2,chair,A photo of a chair,0.36116883158683777,0.36112332344055176
n02738535_16891-4,chair,A photo of a chair,0.36116883158683777,0.36112332344055176
n02738535_16891-5,chair,A photo of a chair,0.36116883158683777,0.36112332344055176
n02738535_17600-4,chair,A photo of a chair,0.36116883158683777,0.36112332344055176
n02738535_18391-4,chair,A photo of a chair,0.36116883158683777,0.36112332344055176
n02738535_18559-3,chair,A photo of a chair,0.36116883158683777,0.36112332344055176
n02738535_19372-3,chair,A photo of a chair,0.36116883158683777,0.36112332344055176
n02738535_19372-4,chair,A photo of a chair,0.3868701756000519,0.39264053106307983
n02738535_19372-7,chair,A photo of a chair,0.3868701756000519,0.39264053106307983
n02738535_2158-5,chair,A photo of a chair,0.3868701756000519,0.39264053106307983
n02738535_21745-3,chair,A photo of a chair,0.3868701756000519,0.39264053106307983
n02738535_2586-3,chair,A photo of a chair,0.3868701756000519,0.39264053106307983
n02738535_2586-6,chair,A photo of a chair,0.3868701756000519,0.39264053106307983
n02738535_3607-1,chair,A photo of a chair,0.3868701756000519,0.39264053106307983
n02738535_3607-3,chair,A photo of a chair,0.3868701756000519,0.39264053106307983
n02738535_3852-6,chair,A photo of a chair,0.3805372714996338,0.3849107027053833
n02738535_3852-8,chair,A photo of a chair,0.3805372714996338,0.3849107027053833
n02738535_419-1,chair,A photo of a chair,0.3805372714996338,0.3849107027053833
n02738535_419-2,chair,A photo of a chair,0.3805372714996338,0.3849107027053833
n02738535_419-3,chair,A photo of a chair,0.3805372714996338,0.3849107027053833
n02738535_419-5,chair,A photo of a chair,0.3805372714996338,0.3849107027053833
n02738535_419-6,chair,A photo of a chair,0.3805372714996338,0.3849107027053833
n02738535_6308-7,chair,A photo of a chair,0.3805372714996338,0.3849107027053833
n02738535_6444-2,chair,A photo of a chair,0.41803044080734253,0.42151814699172974
n02738535_6505-3,chair,A photo of a chair,0.41803044080734253,0.42151814699172974
n02738535_6821-2,chair,A photo of a chair,0.41803044080734253,0.42151814699172974
n02738535_7130-1,chair,A photo of a chair,0.41803044080734253,0.42151814699172974
n02738535_716-6,chair,A photo of a chair,0.41803044080734253,0.42151814699172974
n02738535_7729-2,chair,A photo of a chair,0.41803044080734253,0.42151814699172974
n02738535_904-5,chair,A photo of a chair,0.41803044080734253,0.42151814699172974
n03001627_1018-4,chair,A photo of a chair,0.41803044080734253,0.42151814699172974
n03001627_121-7,chair,A photo of a chair,0.4055628180503845,0.41054123640060425
n03001627_12243-2,chair,A photo of a chair,0.4055628180503845,0.41054123640060425
n03001627_12243-5,chair,A photo of a chair,0.4055628180503845,0.41054123640060425
n03001627_1449-5,chair,A photo of a chair,0.4055628180503845,0.41054123640060425
n03001627_15080-2,chair,A photo of a chair,0.4055628180503845,0.41054123640060425
n03001627_15080-6,chair,A photo of a chair,0.4055628180503845,0.41054123640060425
n03001627_1556-9,chair,A photo of a chair,0.4055628180503845,0.41054123640060425
n03001627_15880-3,chair,A photo of a chair,0.4055628180503845,0.41054123640060425
n03001627_15880-4,chair,A photo of a chair,0.404754638671875,0.409253865480423
n03001627_15880-8,chair,A photo of a chair,0.404754638671875,0.409253865480423
n03001627_1747-3,chair,A photo of a chair,0.404754638671875,0.409253865480423
n03001627_1776-5,chair,A photo of a chair,0.404754638671875,0.409253865480423
n03001627_18021-9,chair,A photo of a chair,0.404754638671875,0.409253865480423
n03001627_1819-2,chair,A photo of a chair,0.404754638671875,0.409253865480423
n03001627_1819-5,chair,A photo of a chair,0.404754638671875,0.409253865480423
n03001627_1821-5,chair,A photo of a chair,0.404754638671875,0.409253865480423
n03001627_1893-3,chair,A photo of a chair,0.39833691716194153,0.3986062705516815
n03001627_1893-4,chair,A photo of a chair,0.39833691716194153,0.3986062705516815
n03001627_1935-6,chair,A photo of a chair,0.39833691716194153,0.3986062705516815
n03001627_2002-2,chair,A photo of a chair,0.39833691716194153,0.3986062705516815
n03001627_2002-6,chair,A photo of a chair,0.39833691716194153,0.3986062705516815
n03001627_2002-7,chair,A photo of a chair,0.39833691716194153,0.3986062705516815
n03001627_2064-4,chair,A photo of a chair,0.39833691716194153,0.3986062705516815
n03001627_2245-8,chair,A photo of a chair,0.39833691716194153,0.3986062705516815
n03001627_2245-9,chair,A photo of a chair,0.37895822525024414,0.3851560354232788
n03001627_2448-2,chair,A photo of a chair,0.37895822525024414,0.3851560354232788
n03001627_2448-5,chair,A photo of a chair,0.37895822525024414,0.3851560354232788
n03001627_2450-6,chair,A photo of a chair,0.37895822525024414,0.3851560354232788
n03001627_2450-8,chair,A photo of a chair,0.37895822525024414,0.3851560354232788
n03001627_2553-3,chair,A photo of a chair,0.37895822525024414,0.3851560354232788
n03001627_2553-6,chair,A photo of a chair,0.37895822525024414,0.3851560354232788
n03001627_2607-2,chair,A photo of a chair,0.37895822525024414,0.3851560354232788
n03001627_2607-5,chair,A photo of a chair,0.39111989736557007,0.39244645833969116
n03001627_2619-8,chair,A photo of a chair,0.39111989736557007,0.39244645833969116
n03001627_3016-4,chair,A photo of a chair,0.39111989736557007,0.39244645833969116
n03001627_3318-6,chair,A photo of a chair,0.39111989736557007,0.39244645833969116
n03001627_3353-4,chair,A photo of a chair,0.39111989736557007,0.39244645833969116
n03001627_3353-5,chair,A photo of a chair,0.39111989736557007,0.39244645833969116
n03001627_3440-6,chair,A photo of a chair,0.39111989736557007,0.39244645833969116
n03001627_3440-7,chair,A photo of a chair,0.39111989736557007,0.39244645833969116
n03001627_4034-1,chair,A photo of a chair,0.41305261850357056,0.4171685576438904
n03001627_4034-3,chair,A photo of a chair,0.41305261850357056,0.4171685576438904
n03001627_4034-4,chair,A photo of a chair,0.41305261850357056,0.4171685576438904
n03001627_4034-6,chair,A photo of a chair,0.41305261850357056,0.4171685576438904
n03001627_5042-5,chair,A photo of a chair,0.41305261850357056,0.4171685576438904
n03001627_5399-1,chair,A photo of a chair,0.41305261850357056,0.4171685576438904
n03001627_5399-6,chair,A photo of a chair,0.41305261850357056,0.4171685576438904
n03001627_5856-1,chair,A photo of a chair,0.41305261850357056,0.4171685576438904
n03001627_5856-4,chair,A photo of a chair,0.4015665650367737,0.4065179228782654
n03001627_59-5,chair,A photo of a chair,0.4015665650367737,0.4065179228782654
n03001627_6105-6,chair,A photo of a chair,0.4015665650367737,0.4065179228782654
n03001627_6765-5,chair,A photo of a chair,0.4015665650367737,0.4065179228782654
n03001627_679-5,chair,A photo of a chair,0.4015665650367737,0.4065179228782654
n03001627_9013-3,chair,A photo of a chair,0.4015665650367737,0.4065179228782654
n03001627_9075-4,chair,A photo of a chair,0.4015665650367737,0.4065179228782654
n03001627_9075-7,chair,A photo of a chair,0.4015665650367737,0.4065179228782654
n03001627_9142-7,chair,A photo of a chair,0.3886881470680237,0.3920501470565796
n03001627_9271-5,chair,A photo of a chair,0.3886881470680237,0.3920501470565796
n01791625_10056-10,chicken,A photo of a chicken,0.3886881470680237,0.3920501470565796
n01791625_10056-6,chicken,A photo of a chicken,0.3886881470680237,0.3920501470565796
n01791625_10056-9,chicken,A photo of a chicken,0.3886881470680237,0.3920501470565796
n01791625_1012-1,chicken,A photo of a chicken,0.3886881470680237,0.3920501470565796
n01791625_1012-2,chicken,A photo of a chicken,0.3886881470680237,0.3920501470565796
n01791625_10275-9,chicken,A photo of a chicken,0.3886881470680237,0.3920501470565796
n01791625_10664-2,chicken,A photo of a chicken,0.36389923095703125,0.36508631706237793
n01791625_1116-4,chicken,A photo of a chicken,0.36389923095703125,0.36508631706237793
n01791625_11203-3,chicken,A photo of a chicken,0.36389923095703125,0.36508631706237793
n01791625_11203-4,chicken,A photo of a chicken,0.36389923095703125,0.36508631706237793
n01791625_12101-6,chicken,A photo of a chicken,0.36389923095703125,0.36508631706237793
n01791625_12394-4,chicken,A photo of a chicken,0.36389923095703125,0.36508631706237793
n01791625_12567-3,chicken,A photo of a chicken,0.36389923095703125,0.36508631706237793
n01791625_12567-4,chicken,A photo of a chicken,0.36389923095703125,0.36508631706237793
n01791625_12678-1,chicken,A photo of a chicken,0.3602670431137085,0.3636549711227417
n01791625_12678-3,chicken,A photo of a chicken,0.3602670431137085,0.3636549711227417
n01791625_12733-1,chicken,A photo of a chicken,0.3602670431137085,0.3636549711227417
n01791625_12733-5,chicken,A photo of a chicken,0.3602670431137085,0.3636549711227417
n01791625_12864-1,chicken,A photo of a chicken,0.3602670431137085,0.3636549711227417
n01791625_13040-7,chicken,A photo of a chicken,0.3602670431137085,0.3636549711227417
n01791625_13040-9,chicken,A photo of a chicken,0.3602670431137085,0.3636549711227417
n01791625_1550-1,chicken,A photo of a chicken,0.3602670431137085,0.3636549711227417
n01791625_15716-1,chicken,A photo of a chicken,0.3733571767807007,0.3748844265937805
n01791625_15716-6,chicken,A photo of a chicken,0.3733571767807007,0.3748844265937805
n01791625_15770-7,chicken,A photo of a chicken,0.3733571767807007,0.3748844265937805
n01791625_15971-3,chicken,A photo of a chicken,0.3733571767807007,0.3748844265937805
n01791625_16028-6,chicken,A photo of a chicken,0.3733571767807007,0.3748844265937805
n01791625_16100-3,chicken,A photo of a chicken,0.3733571767807007,0.3748844265937805
n01791625_16100-7,chicken,A photo of a chicken,0.3733571767807007,0.3748844265937805
n01791625_16214-5,chicken,A photo of a chicken,0.3733571767807007,0.3748844265937805
n01791625_16219-3,chicken,A photo of a chicken,0.3633284866809845,0.36407825350761414
n01791625_16219-4,chicken,A photo of a chicken,0.3633284866809845,0.36407825350761414
n01791625_16234-3,chicken,A photo of a chicken,0.3633284866809845,0.36407825350761414
n01791625_16327-5,chicken,A photo of a chicken,0.3633284866809845,0.36407825350761414
n01791625_17022-1,chicken,A photo of a chicken,0.3633284866809845,0.36407825350761414
n01791625_17126-7,chicken,A photo of a chicken,0.3633284866809845,0.36407825350761414
n01791625_17448-6,chicken,A photo of a chicken,0.3633284866809845,0.36407825350761414
n01791625_17764-1,chicken,A photo of a chicken,0.3633284866809845,0.36407825350761414
n01791625_17883-6,chicken,A photo of a chicken,0.3745049238204956,0.37636440992355347
n01791625_18086-3,chicken,A photo of a chicken,0.3745049238204956,0.37636440992355347
n01791625_18356-1,chicken,A photo of a chicken,0.3745049238204956,0.37636440992355347
n01791625_1841-4,chicken,A photo of a chicken,0.3745049238204956,0.37636440992355347
n01791625_18587-1,chicken,A photo of a chicken,0.3745049238204956,0.37636440992355347
n01791625_18587-4,chicken,A photo of a chicken,0.3745049238204956,0.37636440992355347
n01791625_18828-7,chicken,A photo of a chicken,0.3745049238204956,0.37636440992355347
n01791625_1914-4,chicken,A photo of a chicken,0.3745049238204956,0.37636440992355347
n01791625_1914-5,chicken,A photo of a chicken,0.3605218529701233,0.3615614175796509
n01791625_19631-1,chicken,A photo of a chicken,0.3605218529701233,0.3615614175796509
n01791625_19631-4,chicken,A photo of a chicken,0.3605218529701233,0.3615614175796509
n01791625_19631-9,chicken,A photo of a chicken,0.3605218529701233,0.3615614175796509
n01791625_19692-3,chicken,A photo of a chicken,0.3605218529701233,0.3615614175796509
n01791625_19692-4,chicken,A photo of a chicken,0.3605218529701233,0.3615614175796509
n01791625_2652-3,chicken,A photo of a chicken,0.3605218529701233,0.3615614175796509
n01791625_3131-3,chicken,A photo of a chicken,0.3605218529701233,0.3615614175796509
n01791625_3391-3,chicken,A photo of a chicken,0.3807832896709442,0.38308292627334595
n01791625_3391-5,chicken,A photo of a chicken,0.3807832896709442,0.38308292627334595
n01791625_3438-4,chicken,A photo of a chicken,0.3807832896709442,0.38308292627334595
n01791625_3438-6,chicken,A photo of a chicken,0.3807832896709442,0.38308292627334595
n01791625_4042-1,chicken,A photo of a chicken,0.3807832896709442,0.38308292627334595
n01791625_4042-6,chicken,A photo of a chicken,0.3807832896709442,0.38308292627334595
n01791625_4044-2,chicken,A photo of a chicken,0.3807832896709442,0.38308292627334595
n01791625_4044-3,chicken,A photo of a chicken,0.3807832896709442,0.38308292627334595
n01791625_4044-4,chicken,A photo of a chicken,0.36995598673820496,0.3667857050895691
n01791625_4044-7,chicken,A photo of a chicken,0.36995598673820496,0.3667857050895691
n01791625_4299-4,chicken,A photo of a chicken,0.36995598673820496,0.3667857050895691
n01791625_4299-5,chicken,A photo of a chicken,0.36995598673820496,0.3667857050895691
n01791625_4567-2,chicken,A photo of a chicken,0.36995598673820496,0.3667857050895691
n01791625_4567-4,chicken,A photo of a chicken,0.36995598673820496,0.3667857050895691
n01791625_4567-6,chicken,A photo of a chicken,0.36995598673820496,0.3667857050895691
n01791625_4681-5,chicken,A photo of a chicken,0.36995598673820496,0.3667857050895691
n01791625_4681-6,chicken,A photo of a chicken,0.38790374994277954,0.38939493894577026
n01791625_4689-5,chicken,A photo of a chicken,0.38790374994277954,0.38939493894577026
n01791625_5499-2,chicken,A photo of a chicken,0.38790374994277954,0.38939493894577026
n01791625_5499-5,chicken,A photo of a chicken,0.38790374994277954,0.38939493894577026
n01791625_57-3,chicken,A photo of a chicken,0.38790374994277954,0.38939493894577026
n01791625_57-4,chicken,A photo of a chicken,0.38790374994277954,0.38939493894577026
n01791625_5911-4,chicken,A photo of a chicken,0.38790374994277954,0.38939493894577026
n01791625_6560-2,chicken,A photo of a chicken,0.38790374994277954,0.38939493894577026
n01791625_6899-5,chicken,A photo of a chicken,0.3799108862876892,0.3805461823940277
n01791625_6899-6,chicken,A photo of a chicken,0.3799108862876892,0.3805461823940277
n01791625_715-2,chicken,A photo of a chicken,0.3799108862876892,0.3805461823940277
n01791625_7180-6,chicken,A photo of a chicken,0.3799108862876892,0.3805461823940277
n01791625_7255-2,chicken,A photo of a chicken,0.3799108862876892,0.3805461823940277
n01791625_7255-3,chicken,A photo of a chicken,0.3799108862876892,0.3805461823940277
n01791625_7354-3,chicken,A photo of a chicken,0.3799108862876892,0.3805461823940277
n01791625_7354-5,chicken,A photo of a chicken,0.3799108862876892,0.3805461823940277
n01791625_8109-3,chicken,A photo of a chicken,0.4117129147052765,0.4108774960041046
n01791625_8109-5,chicken,A photo of a chicken,0.4117129147052765,0.4108774960041046
n01791625_8109-6,chicken,A photo of a chicken,0.4117129147052765,0.4108774960041046
n01791625_8109-7,chicken,A photo of a chicken,0.4117129147052765,0.4108774960041046
n01791625_8328-2,chicken,A photo of a chicken,0.4117129147052765,0.4108774960041046
n01791625_8328-6,chicken,A photo of a chicken,0.4117129147052765,0.4108774960041046
n01791625_833-2,chicken,A photo of a chicken,0.4117129147052765,0.4108774960041046
n01791625_833-3,chicken,A photo of a chicken,0.4117129147052765,0.4108774960041046
n01791625_833-4,chicken,A photo of a chicken,0.39667508006095886,0.3999103903770447
n01791625_8354-3,chicken,A photo of a chicken,0.39667508006095886,0.3999103903770447
n01791625_8908-6,chicken,A photo of a chicken,0.39667508006095886,0.3999103903770447
n01791625_9100-2,chicken,A photo of a chicken,0.39667508006095886,0.3999103903770447
n01791625_9100-5,chicken,A photo of a chicken,0.39667508006095886,0.3999103903770447
n01791625_9135-3,chicken,A photo of a chicken,0.39667508006095886,0.3999103903770447
n01791625_9216-7,chicken,A photo of a chicken,0.39667508006095886,0.3999103903770447
n01791625_9398-6,chicken,A photo of a chicken,0.39667508006095886,0.3999103903770447
n01791625_9398-9,chicken,A photo of a chicken,0.3869611620903015,0.390535444021225
n01791625_9478-1,chicken,A photo of a chicken,0.3869611620903015,0.390535444021225
n01791625_9478-5,chicken,A photo of a chicken,0.3869611620903015,0.390535444021225
n01791625_9478-8,chicken,A photo of a chicken,0.3869611620903015,0.390535444021225
n01791625_9790-2,chicken,A photo of a chicken,0.3869611620903015,0.390535444021225
n01791625_9790-3,chicken,A photo of a chicken,0.3869611620903015,0.390535444021225
n01791625_9790-6,chicken,A photo of a chicken,0.3869611620903015,0.390535444021225
n01791625_9884-4,chicken,A photo of a chicken,0.3869611620903015,0.390535444021225
n01791625_9884-6,chicken,A photo of a chicken,0.35537171363830566,0.35354042053222656
n03028079_10241-3,church,A photo of a church,0.35537171363830566,0.35354042053222656
n03028079_10241-5,church,A photo of a church,0.35537171363830566,0.35354042053222656
n03028079_10287-3,church,A photo of a church,0.35537171363830566,0.35354042053222656
n03028079_10287-6,church,A photo of a church,0.35537171363830566,0.35354042053222656
n03028079_10590-5,church,A photo of a church,0.35537171363830566,0.35354042053222656
n03028079_11250-1,church,A photo of a church,0.35537171363830566,0.35354042053222656
n03028079_11250-2,church,A photo of a church,0.35537171363830566,0.35354042053222656
n03028079_12090-3,church,A photo of a church,0.3417275547981262,0.34050121903419495
n03028079_12090-5,church,A photo of a church,0.3417275547981262,0.34050121903419495
n03028079_12090-8,church,A photo of a church,0.3417275547981262,0.34050121903419495
n03028079_12268-2,church,A photo of a church,0.3417275547981262,0.34050121903419495
n03028079_12732-3,church,A photo of a church,0.3417275547981262,0.34050121903419495
n03028079_13774-5,church,A photo of a church,0.3417275547981262,0.34050121903419495
n03028079_13935-2,church,A photo of a church,0.3417275547981262,0.34050121903419495
n03028079_13935-5,church,A photo of a church,0.3417275547981262,0.34050121903419495
n03028079_13935-6,church,A photo of a church,0.3399720788002014,0.3395610749721527
n03028079_14310-1,church,A photo of a church,0.3399720788002014,0.3395610749721527
n03028079_14677-2,church,A photo of a church,0.3399720788002014,0.3395610749721527
n03028079_14677-4,church,A photo of a church,0.3399720788002014,0.3395610749721527
n03028079_15095-1,church,A photo of a church,0.3399720788002014,0.3395610749721527
n03028079_15095-3,church,A photo of a church,0.3399720788002014,0.3395610749721527
n03028079_15102-4,church,A photo of a church,0.3399720788002014,0.3395610749721527
n03028079_15678-3,church,A photo of a church,0.3399720788002014,0.3395610749721527
n03028079_15678-5,church,A photo of a church,0.337130606174469,0.33597320318222046
n03028079_18438-2,church,A photo of a church,0.337130606174469,0.33597320318222046
n03028079_18438-4,church,A photo of a church,0.337130606174469,0.33597320318222046
n03028079_21044-6,church,A photo of a church,0.337130606174469,0.33597320318222046
n03028079_2154-5,church,A photo of a church,0.337130606174469,0.33597320318222046
n03028079_21713-3,church,A photo of a church,0.337130606174469,0.33597320318222046
n03028079_21763-1,church,A photo of a church,0.337130606174469,0.33597320318222046
n03028079_22390-5,church,A photo of a church,0.337130606174469,0.33597320318222046
n03028079_24642-1,church,A photo of a church,0.3280029296875,0.32461225986480713
n03028079_24642-3,church,A photo of a church,0.3280029296875,0.32461225986480713
n03028079_25516-6,church,A photo of a church,0.3280029296875,0.32461225986480713
n03028079_25542-3,church,A photo of a church,0.3280029296875,0.32461225986480713
n03028079_25754-3,church,A photo of a church,0.3280029296875,0.32461225986480713
n03028079_25989-1,church,A photo of a church,0.3280029296875,0.32461225986480713
n03028079_25989-6,church,A photo of a church,0.3280029296875,0.32461225986480713
n03028079_2617-5,church,A photo of a church,0.3280029296875,0.32461225986480713
n03028079_26180-4,church,A photo of a church,0.3360932767391205,0.337468683719635
n03028079_26180-5,church,A photo of a church,0.3360932767391205,0.337468683719635
n03028079_26219-5,church,A photo of a church,0.3360932767391205,0.337468683719635
n03028079_26479-6,church,A photo of a church,0.3360932767391205,0.337468683719635
n03028079_26940-2,church,A photo of a church,0.3360932767391205,0.337468683719635
n03028079_26940-6,church,A photo of a church,0.3360932767391205,0.337468683719635
n03028079_26984-2,church,A photo of a church,0.3360932767391205,0.337468683719635
n03028079_26984-5,church,A photo of a church,0.3360932767391205,0.337468683719635
n03028079_2718-1,church,A photo of a church,0.3260398805141449,0.3228657841682434
n03028079_2718-5,church,A photo of a church,0.3260398805141449,0.3228657841682434
n03028079_27507-1,church,A photo of a church,0.3260398805141449,0.3228657841682434
n03028079_27507-3,church,A photo of a church,0.3260398805141449,0.3228657841682434
n03028079_27577-3,church,A photo of a church,0.3260398805141449,0.3228657841682434
n03028079_28057-5,church,A photo of a church,0.3260398805141449,0.3228657841682434
n03028079_28505-1,church,A photo of a church,0.3260398805141449,0.3228657841682434
n03028079_28521-1,church,A photo of a church,0.3260398805141449,0.3228657841682434
n03028079_28521-2,church,A photo of a church,0.32903897762298584,0.32869037985801697
n03028079_28758-1,church,A photo of a church,0.32903897762298584,0.32869037985801697
n03028079_28758-6,church,A photo of a church,0.32903897762298584,0.32869037985801697
n03028079_29412-2,church,A photo of a church,0.32903897762298584,0.32869037985801697
n03028079_2952-4,church,A photo of a church,0.32903897762298584,0.32869037985801697
n03028079_30232-3,church,A photo of a church,0.32903897762298584,0.32869037985801697
n03028079_30232-4,church,A photo of a church,0.32903897762298584,0.32869037985801697
n03028079_31995-3,church,A photo of a church,0.32903897762298584,0.32869037985801697
n03028079_32056-3,church,A photo of a church,0.3309739828109741,0.32735204696655273
n03028079_34799-1,church,A photo of a church,0.3309739828109741,0.32735204696655273
n03028079_34799-4,church,A photo of a church,0.3309739828109741,0.32735204696655273
n03028079_364-3,church,A photo of a church,0.3309739828109741,0.32735204696655273
n03028079_364-6,church,A photo of a church,0.3309739828109741,0.32735204696655273
n03028079_3700-1,church,A photo of a church,0.3309739828109741,0.32735204696655273
n03028079_3700-2,church,A photo of a church,0.3309739828109741,0.32735204696655273
n03028079_37888-2,church,A photo of a church,0.3309739828109741,0.32735204696655273
n03028079_3905-2,church,A photo of a church,0.33877137303352356,0.333900511264801
n03028079_3905-6,church,A photo of a church,0.33877137303352356,0.333900511264801
n03028079_4509-1,church,A photo of a church,0.33877137303352356,0.333900511264801
n03028079_4509-5,church,A photo of a church,0.33877137303352356,0.333900511264801
n03028079_4509-7,church,A photo of a church,0.33877137303352356,0.333900511264801
n03028079_46722-3,church,A photo of a church,0.33877137303352356,0.333900511264801
n03028079_46722-5,church,A photo of a church,0.33877137303352356,0.333900511264801
n03028079_46722-8,church,A photo of a church,0.33877137303352356,0.333900511264801
n03028079_47271-6,church,A photo of a church,0.3372623324394226,0.33872050046920776
n03028079_4795-1,church,A photo of a church,0.3372623324394226,0.33872050046920776
n03028079_5432-1,church,A photo of a church,0.3372623324394226,0.33872050046920776
n03028079_54438-2,church,A photo of a church,0.3372623324394226,0.33872050046920776
n03028079_54438-7,church,A photo of a church,0.3372623324394226,0.33872050046920776
n03028079_5547-2,church,A photo of a church,0.3372623324394226,0.33872050046920776
n03028079_56793-5,church,A photo of a church,0.3372623324394226,0.33872050046920776
n03028079_56793-6,church,A photo of a church,0.3372623324394226,0.33872050046920776
n03028079_5829-1,church,A photo of a church,0.31791985034942627,0.3163278102874756
n03028079_5942-3,church,A photo of a church,0.31791985034942627,0.3163278102874756
n03028079_6149-1,church,A photo of a church,0.31791985034942627,0.3163278102874756
n03028079_6501-6,church,A photo of a church,0.31791985034942627,0.3163278102874756
n03028079_6501-8,church,A photo of a church,0.31791985034942627,0.3163278102874756
n03028079_7171-1,church,A photo of a church,0.31791985034942627,0.3163278102874756
n03028079_7171-5,church,A photo of a church,0.31791985034942627,0.3163278102874756
n03028079_7471-1,church,A photo of a church,0.31791985034942627,0.3163278102874756
n03028079_7471-4,church,A photo of a church,0.36102521419525146,0.3604676127433777
n03028079_7595-1,church,A photo of a church,0.36102521419525146,0.3604676127433777
n03028079_7999-1,church,A photo of a church,0.36102521419525146,0.3604676127433777
n03028079_7999-6,church,A photo of a church,0.36102521419525146,0.3604676127433777
n03028079_80-3,church,A photo of a church,0.36102521419525146,0.3604676127433777
n03028079_8027-1,church,A photo of a church,0.36102521419525146,0.3604676127433777
n03028079_8597-6,church,A photo of a church,0.36102521419525146,0.3604676127433777
n03028079_9283-1,church,A photo of a church,0.36102521419525146,0.3604676127433777
n03028079_9283-4,church,A photo of a church,0.3674452304840088,0.36933642625808716
n03028079_9283-5,church,A photo of a church,0.3674452304840088,0.36933642625808716
n03028079_9797-3,church,A photo of a church,0.3674452304840088,0.36933642625808716
n03028079_9810-2,church,A photo of a church,0.3674452304840088,0.36933642625808716
n03028079_9810-3,church,A photo of a church,0.3674452304840088,0.36933642625808716
n04256520_10412-4,couch,A photo of a couch,0.3674452304840088,0.36933642625808716
n04256520_1129-10,couch,A photo of a couch,0.3674452304840088,0.36933642625808716
n04256520_1129-6,couch,A photo of a couch,0.3674452304840088,0.36933642625808716
n04256520_1129-8,couch,A photo of a couch,0.36274996399879456,0.36234718561172485
n04256520_11786-6,couch,A photo of a couch,0.36274996399879456,0.36234718561172485
n04256520_1290-3,couch,A photo of a couch,0.36274996399879456,0.36234718561172485
n04256520_1290-6,couch,A photo of a couch,0.36274996399879456,0.36234718561172485
n04256520_12984-1,couch,A photo of a couch,0.36274996399879456,0.36234718561172485
n04256520_1323-2,couch,A photo of a couch,0.36274996399879456,0.36234718561172485
n04256520_13322-1,couch,A photo of a couch,0.36274996399879456,0.36234718561172485
n04256520_13753-5,couch,A photo of a couch,0.36274996399879456,0.36234718561172485
n04256520_13989-1,couch,A photo of a couch,0.3694852888584137,0.37010374665260315
n04256520_14414-5,couch,A photo of a couch,0.3694852888584137,0.37010374665260315
n04256520_147-4,couch,A photo of a couch,0.3694852888584137,0.37010374665260315
n04256520_147-6,couch,A photo of a couch,0.3694852888584137,0.37010374665260315
n04256520_14736-6,couch,A photo of a couch,0.3694852888584137,0.37010374665260315
n04256520_15272-1,couch,A photo of a couch,0.3694852888584137,0.37010374665260315
n04256520_15272-2,couch,A photo of a couch,0.3694852888584137,0.37010374665260315
n04256520_15272-4,couch,A photo of a couch,0.3694852888584137,0.37010374665260315
n04256520_15272-8,couch,A photo of a couch,0.37166261672973633,0.3735474944114685
n04256520_15272-9,couch,A photo of a couch,0.37166261672973633,0.3735474944114685
n04256520_15295-6,couch,A photo of a couch,0.37166261672973633,0.3735474944114685
n04256520_1542-2,couch,A photo of a couch,0.37166261672973633,0.3735474944114685
n04256520_1593-6,couch,A photo of a couch,0.37166261672973633,0.3735474944114685
n04256520_1621-3,couch,A photo of a couch,0.37166261672973633,0.3735474944114685
n04256520_17592-7,couch,A photo of a couch,0.37166261672973633,0.3735474944114685
n04256520_17904-5,couch,A photo of a couch,0.37166261672973633,0.3735474944114685
n04256520_17997-2,couch,A photo of a couch,0.3382590115070343,0.34281063079833984
n04256520_1817-1,couch,A photo of a couch,0.3382590115070343,0.34281063079833984
n04256520_1817-2,couch,A photo of a couch,0.3382590115070343,0.34281063079833984
n04256520_1817-6,couch,A photo of a couch,0.3382590115070343,0.34281063079833984
n04256520_19282-1,couch,A photo of a couch,0.3382590115070343,0.34281063079833984
n04256520_19521-2,couch,A photo of a couch,0.3382590115070343,0.34281063079833984
n04256520_19834-2,couch,A photo of a couch,0.3382590115070343,0.34281063079833984
n04256520_19962-1,couch,A photo of a couch,0.3382590115070343,0.34281063079833984
n04256520_19962-3,couch,A photo of a couch,0.35458117723464966,0.3575752377510071
n04256520_20048-3,couch,A photo of a couch,0.35458117723464966,0.3575752377510071
n04256520_20048-4,couch,A photo of a couch,0.35458117723464966,0.3575752377510071
n04256520_20116-4,couch,A photo of a couch,0.35458117723464966,0.3575752377510071
n04256520_20131-2,couch,A photo of a couch,0.35458117723464966,0.3575752377510071
n04256520_20131-5,couch,A photo of a couch,0.35458117723464966,0.3575752377510071
n04256520_21098-1,couch,A photo of a couch,0.35458117723464966,0.3575752377510071
n04256520_21098-7,couch,A photo of a couch,0.35458117723464966,0.3575752377510071
n04256520_21189-6,couch,A photo of a couch,0.3995327949523926,0.39907199144363403
n04256520_21600-5,couch,A photo of a couch,0.3995327949523926,0.39907199144363403
n04256520_21637-4,couch,A photo of a couch,0.3995327949523926,0.39907199144363403
n04256520_21637-6,couch,A photo of a couch,0.3995327949523926,0.39907199144363403
n04256520_21875-2,couch,A photo of a couch,0.3995327949523926,0.39907199144363403
n04256520_219-5,couch,A photo of a couch,0.3995327949523926,0.39907199144363403
n04256520_22692-4,couch,A photo of a couch,0.3995327949523926,0.39907199144363403
n04256520_2274-3,couch,A photo of a couch,0.3995327949523926,0.39907199144363403
n04256520_2274-9,couch,A photo of a couch,0.334556519985199,0.33828204870224
n04256520_22840-2,couch,A photo of a couch,0.334556519985199,0.33828204870224
n04256520_23143-1,couch,A photo of a couch,0.334556519985199,0.33828204870224
n04256520_23143-4,couch,A photo of a couch,0.334556519985199,0.33828204870224
n04256520_23179-2,couch,A photo of a couch,0.334556519985199,0.33828204870224
n04256520_23887-5,couch,A photo of a couch,0.334556519985199,0.33828204870224
n04256520_24514-3,couch,A photo of a couch,0.334556519985199,0.33828204870224
n04256520_24514-5,couch,A photo of a couch,0.334556519985199,0.33828204870224
n04256520_24514-6,couch,A photo of a couch,0.3527544140815735,0.352661669254303
n04256520_24514-7,couch,A photo of a couch,0.3527544140815735,0.352661669254303
n04256520_24708-3,couch,A photo of a couch,0.3527544140815735,0.352661669254303
n04256520_26558-5,couch,A photo of a couch,0.3527544140815735,0.352661669254303
n04256520_26835-5,couch,A photo of a couch,0.3527544140815735,0.352661669254303
n04256520_27331-5,couch,A photo of a couch,0.3527544140815735,0.352661669254303
n04256520_27447-3,couch,A photo of a couch,0.3527544140815735,0.352661669254303
n04256520_27447-5,couch,A photo of a couch,0.3527544140815735,0.352661669254303
n04256520_27528-4,couch,A photo of a couch,0.35341066122055054,0.3546321392059326
n04256520_27528-6,couch,A photo of a couch,0.35341066122055054,0.3546321392059326
n04256520_27763-1,couch,A photo of a couch,0.35341066122055054,0.3546321392059326
n04256520_27763-3,couch,A photo of a couch,0.35341066122055054,0.3546321392059326
n04256520_27763-4,couch,A photo of a couch,0.35341066122055054,0.3546321392059326
n04256520_28517-3,couch,A photo of a couch,0.35341066122055054,0.3546321392059326
n04256520_28517-9,couch,A photo of a couch,0.35341066122055054,0.3546321392059326
n04256520_2872-1,couch,A photo of a couch,0.35341066122055054,0.3546321392059326
n04256520_29126-1,couch,A photo of a couch,0.3772848844528198,0.3769257068634033
n04256520_29126-2,couch,A photo of a couch,0.3772848844528198,0.3769257068634033
n04256520_29681-1,couch,A photo of a couch,0.3772848844528198,0.3769257068634033
n04256520_29681-6,couch,A photo of a couch,0.3772848844528198,0.3769257068634033
n04256520_29734-4,couch,A photo of a couch,0.3772848844528198,0.3769257068634033
n04256520_31110-2,couch,A photo of a couch,0.3772848844528198,0.3769257068634033
n04256520_31110-3,couch,A photo of a couch,0.3772848844528198,0.3769257068634033
n04256520_31110-4,couch,A photo of a couch,0.3772848844528198,0.3769257068634033
n04256520_31110-7,couch,A photo of a couch,0.3450463116168976,0.3458970785140991
n04256520_31110-8,couch,A photo of a couch,0.3450463116168976,0.3458970785140991
n04256520_31280-1,couch,A photo of a couch,0.3450463116168976,0.3458970785140991
n04256520_31307-1,couch,A photo of a couch,0.3450463116168976,0.3458970785140991
n04256520_31307-7,couch,A photo of a couch,0.3450463116168976,0.3458970785140991
n04256520_3251-4,couch,A photo of a couch,0.3450463116168976,0.3458970785140991
n04256520_3586-3,couch,A photo of a couch,0.3450463116168976,0.3458970785140991
n04256520_3586-5,couch,A photo of a couch,0.3450463116168976,0.3458970785140991
n04256520_36523-5,couch,A photo of a couch,0.3478194773197174,0.35000336170196533
n04256520_3986-10,couch,A photo of a couch,0.3478194773197174,0.35000336170196533
n04256520_3986-7,couch,A photo of a couch,0.3478194773197174,0.35000336170196533
n04256520_40098-1,couch,A photo of a couch,0.3478194773197174,0.35000336170196533
n04256520_40656-4,couch,A photo of a couch,0.3478194773197174,0.35000336170196533
n04256520_4950-3,couch,A photo of a couch,0.3478194773197174,0.35000336170196533
n04256520_614-2,couch,A photo of a couch,0.3478194773197174,0.35000336170196533
n04256520_8205-3,couch,A photo of a couch,0.3478194773197174,0.35000336170196533
n04256520_8287-2,couch,A photo of a couch,0.3688797950744629,0.3692704737186432
n04256520_8346-1,couch,A photo of a couch,0.3688797950744629,0.3692704737186432
n04256520_8496-3,couch,A photo of a couch,0.3688797950744629,0.3692704737186432
n04256520_8496-4,couch,A photo of a couch,0.3688797950744629,0.3692704737186432
n04256520_8496-5,couch,A photo of a couch,0.3688797950744629,0.3692704737186432
n04256520_88-5,couch,A photo of a couch,0.3688797950744629,0.3692704737186432
n04256520_9811-10,couch,A photo of a couch,0.3688797950744629,0.3692704737186432
n04256520_9811-7,couch,A photo of a couch,0.3688797950744629,0.3692704737186432
n04256520_9811-9,couch,A photo of a couch,0.3286134600639343,0.3242354393005371
n01887787_10513-4,cow,A photo of a cow,0.3286134600639343,0.3242354393005371
n01887787_10513-5,cow,A photo of a cow,0.3286134600639343,0.3242354393005371
n01887787_10513-7,cow,A photo of a cow,0.3286134600639343,0.3242354393005371
n01887787_10763-5,cow,A photo of a cow,0.3286134600639343,0.3242354393005371
n01887787_10796-4,cow,A photo of a cow,0.3286134600639343,0.3242354393005371
n01887787_10796-8,cow,A photo of a cow,0.3286134600639343,0.3242354393005371
n01887787_1093-2,cow,A photo of a cow,0.3286134600639343,0.3242354393005371
n01887787_11242-5,cow,A photo of a cow,0.3548743724822998,0.3525884747505188
n01887787_11242-7,cow,A photo of a cow,0.3548743724822998,0.3525884747505188
n01887787_11762-4,cow,A photo of a cow,0.3548743724822998,0.3525884747505188
n01887787_11762-5,cow,A photo of a cow,0.3548743724822998,0.3525884747505188
n01887787_12281-1,cow,A photo of a cow,0.3548743724822998,0.3525884747505188
n01887787_12281-4,cow,A photo of a cow,0.3548743724822998,0.3525884747505188
n01887787_12593-6,cow,A photo of a cow,0.3548743724822998,0.3525884747505188
n01887787_1272-5,cow,A photo of a cow,0.3548743724822998,0.3525884747505188
n01887787_13148-2,cow,A photo of a cow,0.35095739364624023,0.3509606719017029
n01887787_13148-6,cow,A photo of a cow,0.35095739364624023,0.3509606719017029
n01887787_13233-3,cow,A photo of a cow,0.35095739364624023,0.3509606719017029
n01887787_13289-6,cow,A photo of a cow,0.35095739364624023,0.3509606719017029
n01887787_13446-2,cow,A photo of a cow,0.35095739364624023,0.3509606719017029
n01887787_1489-10,cow,A photo of a cow,0.35095739364624023,0.3509606719017029
n01887787_1737-1,cow,A photo of a cow,0.35095739364624023,0.3509606719017029
n01887787_1737-2,cow,A photo of a cow,0.35095739364624023,0.3509606719017029
n01887787_1737-5,cow,A photo of a cow,0.37172016501426697,0.371637761592865
n01887787_1770-4,cow,A photo of a cow,0.37172016501426697,0.371637761592865
n01887787_1811-1,cow,A photo of a cow,0.37172016501426697,0.371637761592865
n01887787_1811-4,cow,A photo of a cow,0.37172016501426697,0.371637761592865
n01887787_2112-4,cow,A photo of a cow,0.37172016501426697,0.371637761592865
n01887787_2199-8,cow,A photo of a cow,0.37172016501426697,0.371637761592865
n01887787_2199-9,cow,A photo of a cow,0.37172016501426697,0.371637761592865
n01887787_2412-2,cow,A photo of a cow,0.37172016501426697,0.371637761592865
n01887787_2412-3,cow,A photo of a cow,0.37982553243637085,0.3808494508266449
n01887787_3354-3,cow,A photo of a cow,0.37982553243637085,0.3808494508266449
n01887787_4002-1,cow,A photo of a cow,0.37982553243637085,0.3808494508266449
n01887787_4002-7,cow,A photo of a cow,0.37982553243637085,0.3808494508266449
n01887787_4035-2,cow,A photo of a cow,0.37982553243637085,0.3808494508266449
n01887787_4035-6,cow,A photo of a cow,0.37982553243637085,0.3808494508266449
n01887787_4035-7,cow,A photo of a cow,0.37982553243637085,0.3808494508266449
n01887787_4330-3,cow,A photo of a cow,0.37982553243637085,0.3808494508266449
n01887787_4330-5,cow,A photo of a cow,0.3748687207698822,0.37681400775909424
n01887787_4349-1,cow,A photo of a cow,0.3748687207698822,0.37681400775909424
n01887787_4367-3,cow,A photo of a cow,0.3748687207698822,0.37681400775909424
n01887787_4367-4,cow,A photo of a cow,0.3748687207698822,0.37681400775909424
n01887787_4367-6,cow,A photo of a cow,0.3748687207698822,0.37681400775909424
n01887787_4550-6,cow,A photo of a cow,0.3748687207698822,0.37681400775909424
n01887787_4805-1,cow,A photo of a cow,0.3748687207698822,0.37681400775909424
n01887787_4805-2,cow,A photo of a cow,0.3748687207698822,0.37681400775909424
n01887787_4805-5,cow,A photo of a cow,0.3510701060295105,0.35213571786880493
n01887787_4808-2,cow,A photo of a cow,0.3510701060295105,0.35213571786880493
n01887787_4948-6,cow,A photo of a cow,0.3510701060295105,0.35213571786880493
n01887787_4948-8,cow,A photo of a cow,0.3510701060295105,0.35213571786880493
n01887787_5114-5,cow,A photo of a cow,0.3510701060295105,0.35213571786880493
n01887787_5118-1,cow,A photo of a cow,0.3510701060295105,0.35213571786880493
n01887787_5118-2,cow,A photo of a cow,0.3510701060295105,0.35213571786880493
n01887787_5118-6,cow,A photo of a cow,0.3510701060295105,0.35213571786880493
n01887787_5137-5,cow,A photo of a cow,0.3880474269390106,0.3895789384841919
n01887787_519-6,cow,A photo of a cow,0.3880474269390106,0.3895789384841919
n01887787_5589-3,cow,A photo of a cow,0.3880474269390106,0.3895789384841919
n01887787_5847-6,cow,A photo of a cow,0.3880474269390106,0.3895789384841919
n01887787_591-2,cow,A photo of a cow,0.3880474269390106,0.3895789384841919
n01887787_591-8,cow,A photo of a cow,0.3880474269390106,0.3895789384841919
n01887787_591-9,cow,A photo of a cow,0.3880474269390106,0.3895789384841919
n01887787_632-3,cow,A photo of a cow,0.3880474269390106,0.3895789384841919
n01887787_700-5,cow,A photo of a cow,0.3759661316871643,0.3762870132923126
n01887787_7620-4,cow,A photo of a cow,0.3759661316871643,0.3762870132923126
n01887787_7620-7,cow,A photo of a cow,0.3759661316871643,0.3762870132923126
n01887787_7620-8,cow,A photo of a cow,0.3759661316871643,0.3762870132923126
n01887787_7746-5,cow,A photo of a cow,0.3759661316871643,0.3762870132923126
n01887787_8674-18,cow,A photo of a cow,0.3759661316871643,0.3762870132923126
n01887787_8674-6,cow,A photo of a cow,0.3759661316871643,0.3762870132923126
n01887787_8917-2,cow,A photo of a cow,0.3759661316871643,0.3762870132923126
n01887787_9022-4,cow,A photo of a cow,0.3558652400970459,0.35682791471481323
n01887787_923-11,cow,A photo of a cow,0.3558652400970459,0.35682791471481323
n01887787_923-15,cow,A photo of a cow,0.3558652400970459,0.35682791471481323
n01887787_923-3,cow,A photo of a cow,0.3558652400970459,0.35682791471481323
n01887787_9420-1,cow,A photo of a cow,0.3558652400970459,0.35682791471481323
n01887787_9420-6,cow,A photo of a cow,0.3558652400970459,0.35682791471481323
n01887787_956-7,cow,A photo of a cow,0.3558652400970459,0.35682791471481323
n01887787_956-8,cow,A photo of a cow,0.3558652400970459,0.35682791471481323
n01887787_9679-3,cow,A photo of a cow,0.38061702251434326,0.37974023818969727
n01887787_9679-4,cow,A photo of a cow,0.38061702251434326,0.37974023818969727
n01887787_9913-3,cow,A photo of a cow,0.38061702251434326,0.37974023818969727
n02403454_17363-6,cow,A photo of a cow,0.38061702251434326,0.37974023818969727
n02403454_17363-7,cow,A photo of a cow,0.38061702251434326,0.37974023818969727
n02403454_3113-1,cow,A photo of a cow,0.38061702251434326,0.37974023818969727
n02403454_3113-4,cow,A photo of a cow,0.38061702251434326,0.37974023818969727
n02403454_3113-5,cow,A photo of a cow,0.38061702251434326,0.37974023818969727
n02403454_3113-9,cow,A photo of a cow,0.3504036068916321,0.3475824296474457
n02404186_10627-2,cow,A photo of a cow,0.3504036068916321,0.3475824296474457
n02404186_10627-4,cow,A photo of a cow,0.3504036068916321,0.3475824296474457
n02404186_10627-6,cow,A photo of a cow,0.3504036068916321,0.3475824296474457
n02404186_17045-2,cow,A photo of a cow,0.3504036068916321,0.3475824296474457
n02404186_8233-1,cow,A photo of a cow,0.3504036068916321,0.3475824296474457
n02404186_8730-4,cow,A photo of a cow,0.3504036068916321,0.3475824296474457
n02404186_9301-6,cow,A photo of a cow,0.3504036068916321,0.3475824296474457
n02404432_13983-1,cow,A photo of a cow,0.3712047040462494,0.37410205602645874
n02404432_17987-1,cow,A photo of a cow,0.3712047040462494,0.37410205602645874
n02404432_17987-4,cow,A photo of a cow,0.3712047040462494,0.37410205602645874
n02404432_17987-7,cow,A photo of a cow,0.3712047040462494,0.37410205602645874
n02404432_21554-2,cow,A photo of a cow,0.3712047040462494,0.37410205602645874
n02404432_21991-5,cow,A photo of a cow,0.3712047040462494,0.37410205602645874
n02406174_14392-1,cow,A photo of a cow,0.3712047040462494,0.37410205602645874
n02406174_14392-2,cow,A photo of a cow,0.3712047040462494,0.37410205602645874
n02406174_17485-3,cow,A photo of a cow,0.35166114568710327,0.3563196361064911
n02406174_18612-2,cow,A photo of a cow,0.35166114568710327,0.3563196361064911
n01978287_10118-5,crab,A photo of a crab,0.35166114568710327,0.3563196361064911
n01978287_10155-3,crab,A photo of a crab,0.35166114568710327,0.3563196361064911
n01978287_10418-2,crab,A photo of a crab,0.35166114568710327,0.3563196361064911
n01978287_2719-6,crab,A photo of a crab,0.35166114568710327,0.3563196361064911
n01978287_3678-1,crab,A photo of a crab,0.35166114568710327,0.3563196361064911
n01978287_3678-2,crab,A photo of a crab,0.35166114568710327,0.3563196361064911
n01978287_3678-3,crab,A photo of a crab,0.3959469795227051,0.3984105587005615
n01978287_7187-5,crab,A photo of a crab,0.3959469795227051,0.3984105587005615
n01978287_8976-6,crab,A photo of a crab,0.3959469795227051,0.3984105587005615
n01978455_11163-2,crab,A photo of a crab,0.3959469795227051,0.3984105587005615
n01978455_11857-2,crab,A photo of a crab,0.3959469795227051,0.3984105587005615
n01978455_12061-1,crab,A photo of a crab,0.3959469795227051,0.3984105587005615
n01978455_1435-2,crab,A photo of a crab,0.3959469795227051,0.3984105587005615
n01978455_1435-3,crab,A photo of a crab,0.3959469795227051,0.3984105587005615
n01978455_1760-2,crab,A photo of a crab,0.37701064348220825,0.3799537420272827
n01978455_2200-5,crab,A photo of a crab,0.37701064348220825,0.3799537420272827
n01978455_2536-4,crab,A photo of a crab,0.37701064348220825,0.3799537420272827
n01978455_3396-1,crab,A photo of a crab,0.37701064348220825,0.3799537420272827
n01978455_3396-2,crab,A photo of a crab,0.37701064348220825,0.3799537420272827
n01978455_3528-1,crab,A photo of a crab,0.37701064348220825,0.3799537420272827
n01978455_3528-7,crab,A photo of a crab,0.37701064348220825,0.3799537420272827
n01978455_3583-3,crab,A photo of a crab,0.37701064348220825,0.3799537420272827
n01978455_3773-2,crab,A photo of a crab,0.3879252076148987,0.3890790343284607
n01978455_386-5,crab,A photo of a crab,0.3879252076148987,0.3890790343284607
n01978455_4155-2,crab,A photo of a crab,0.3879252076148987,0.3890790343284607
n01978455_4877-4,crab,A photo of a crab,0.3879252076148987,0.3890790343284607
n01978455_5332-3,crab,A photo of a crab,0.3879252076148987,0.3890790343284607
n01978455_7450-5,crab,A photo of a crab,0.3879252076148987,0.3890790343284607
n01978455_795-5,crab,A photo of a crab,0.3879252076148987,0.3890790343284607
n01978455_795-6,crab,A photo of a crab,0.3879252076148987,0.3890790343284607
n01978455_9813-5,crab,A photo of a crab,0.40024223923683167,0.4026385247707367
n01978930_1070-4,crab,A photo of a crab,0.40024223923683167,0.4026385247707367
n01978930_1692-4,crab,A photo of a crab,0.40024223923683167,0.4026385247707367
n01978930_2728-4,crab,A photo of a crab,0.40024223923683167,0.4026385247707367
n01978930_2928-5,crab,A photo of a crab,0.40024223923683167,0.4026385247707367
n01978930_330-1,crab,A photo of a crab,0.40024223923683167,0.4026385247707367
n01978930_335-1,crab,A photo of a crab,0.40024223923683167,0.4026385247707367
n01978930_4125-5,crab,A photo of a crab,0.40024223923683167,0.4026385247707367
n01978930_6529-3,crab,A photo of a crab,0.4169449210166931,0.42243266105651855
n01978930_7089-2,crab,A photo of a crab,0.4169449210166931,0.42243266105651855
n01978930_892-1,crab,A photo of a crab,0.4169449210166931,0.42243266105651855
n01978930_9044-5,crab,A photo of a crab,0.4169449210166931,0.42243266105651855
n01979526_5003-1,crab,A photo of a crab,0.4169449210166931,0.42243266105651855
n01979526_5003-2,crab,A photo of a crab,0.4169449210166931,0.42243266105651855
n01979526_5003-6,crab,A photo of a crab,0.4169449210166931,0.42243266105651855
n01980166_1230-3,crab,A photo of a crab,0.4169449210166931,0.42243266105651855
n01980166_15-1,crab,A photo of a crab,0.40738600492477417,0.42047736048698425
n01980166_15-2,crab,A photo of a crab,0.40738600492477417,0.42047736048698425
n01980166_2228-1,crab,A photo of a crab,0.40738600492477417,0.42047736048698425
n01980166_2228-4,crab,A photo of a crab,0.40738600492477417,0.42047736048698425
n01980166_2797-5,crab,A photo of a crab,0.40738600492477417,0.42047736048698425
n01980166_310-3,crab,A photo of a crab,0.40738600492477417,0.42047736048698425
n01980166_3256-6,crab,A photo of a crab,0.40738600492477417,0.42047736048698425
n01980166_3837-5,crab,A photo of a crab,0.40738600492477417,0.42047736048698425
n01980166_5161-4,crab,A photo of a crab,0.3915621340274811,0.3989686667919159
n01980166_704-7,crab,A photo of a crab,0.3915621340274811,0.3989686667919159
n01980166_704-9,crab,A photo of a crab,0.3915621340274811,0.3989686667919159
n01980166_7269-1,crab,A photo of a crab,0.3915621340274811,0.3989686667919159
n01980166_7279-7,crab,A photo of a crab,0.3915621340274811,0.3989686667919159
n01980166_7778-3,crab,A photo of a crab,0.3915621340274811,0.3989686667919159
n01980166_8123-5,crab,A photo of a crab,0.3915621340274811,0.3989686667919159
n01980166_8525-1,crab,A photo of a crab,0.3915621340274811,0.3989686667919159
n01980166_9179-1,crab,A photo of a crab,0.3864913880825043,0.38794469833374023
n01980166_9208-3,crab,A photo of a crab,0.3864913880825043,0.38794469833374023
n01981276_10306-1,crab,A photo of a crab,0.3864913880825043,0.38794469833374023
n01981276_10306-2,crab,A photo of a crab,0.3864913880825043,0.38794469833374023
n01697457_10968-1,crocodilian,A photo of a crocodilian,0.3864913880825043,0.38794469833374023
n01697457_10968-5,crocodilian,A photo of a crocodilian,0.3864913880825043,0.38794469833374023
n01697457_1463-4,crocodilian,A photo of a crocodilian,0.3864913880825043,0.38794469833374023
n01697457_2452-3,crocodilian,A photo of a crocodilian,0.3864913880825043,0.38794469833374023
n01697457_2452-4,crocodilian,A photo of a crocodilian,0.39341849088668823,0.3846886157989502
n01697457_2473-4,crocodilian,A photo of a crocodilian,0.39341849088668823,0.3846886157989502
n01697457_2473-5,crocodilian,A photo of a crocodilian,0.39341849088668823,0.3846886157989502
n01697457_2737-3,crocodilian,A photo of a crocodilian,0.39341849088668823,0.3846886157989502
n01697457_3089-4,crocodilian,A photo of a crocodilian,0.39341849088668823,0.3846886157989502
n01697457_3101-3,crocodilian,A photo of a crocodilian,0.39341849088668823,0.3846886157989502
n01697457_3101-4,crocodilian,A photo of a crocodilian,0.39341849088668823,0.3846886157989502
n01697457_362-4,crocodilian,A photo of a crocodilian,0.39341849088668823,0.3846886157989502
n01697457_362-6,crocodilian,A photo of a crocodilian,0.3892194330692291,0.3880408704280853
n01697457_3903-4,crocodilian,A photo of a crocodilian,0.3892194330692291,0.3880408704280853
n01697457_4154-4,crocodilian,A photo of a crocodilian,0.3892194330692291,0.3880408704280853
n01697457_488-5,crocodilian,A photo of a crocodilian,0.3892194330692291,0.3880408704280853
n01697457_6205-5,crocodilian,A photo of a crocodilian,0.3892194330692291,0.3880408704280853
n01697457_6402-1,crocodilian,A photo of a crocodilian,0.3892194330692291,0.3880408704280853
n01697457_6402-2,crocodilian,A photo of a crocodilian,0.3892194330692291,0.3880408704280853
n01697457_6402-3,crocodilian,A photo of a crocodilian,0.3892194330692291,0.3880408704280853
n01697457_6457-6,crocodilian,A photo of a crocodilian,0.38441532850265503,0.37925827503204346
n01697457_6577-2,crocodilian,A photo of a crocodilian,0.38441532850265503,0.37925827503204346
n01697457_7003-4,crocodilian,A photo of a crocodilian,0.38441532850265503,0.37925827503204346
n01697457_7111-1,crocodilian,A photo of a crocodilian,0.38441532850265503,0.37925827503204346
n01697457_7228-1,crocodilian,A photo of a crocodilian,0.38441532850265503,0.37925827503204346
n01697457_7228-4,crocodilian,A photo of a crocodilian,0.38441532850265503,0.37925827503204346
n01697457_732-4,crocodilian,A photo of a crocodilian,0.38441532850265503,0.37925827503204346
n01697457_7450-7,crocodilian,A photo of a crocodilian,0.38441532850265503,0.37925827503204346
n01697457_7731-3,crocodilian,A photo of a crocodilian,0.417921781539917,0.41482657194137573
n01697457_8150-6,crocodilian,A photo of a crocodilian,0.417921781539917,0.41482657194137573
n01697457_8714-4,crocodilian,A photo of a crocodilian,0.417921781539917,0.41482657194137573
n01697457_8961-1,crocodilian,A photo of a crocodilian,0.417921781539917,0.41482657194137573
n01697457_911-5,crocodilian,A photo of a crocodilian,0.417921781539917,0.41482657194137573
n01697457_9226-2,crocodilian,A photo of a crocodilian,0.417921781539917,0.41482657194137573
n01697457_997-6,crocodilian,A photo of a crocodilian,0.417921781539917,0.41482657194137573
n01697457_9993-4,crocodilian,A photo of a crocodilian,0.417921781539917,0.41482657194137573
n01697457_9993-5,crocodilian,A photo of a crocodilian,0.39693090319633484,0.3940746784210205
n01698640_10214-4,crocodilian,A photo of a crocodilian,0.39693090319633484,0.3940746784210205
n01698640_10237-4,crocodilian,A photo of a crocodilian,0.39693090319633484,0.3940746784210205
n01698640_10363-3,crocodilian,A photo of a crocodilian,0.39693090319633484,0.3940746784210205
n01698640_1086-4,crocodilian,A photo of a crocodilian,0.39693090319633484,0.3940746784210205
n01698640_146-2,crocodilian,A photo of a crocodilian,0.39693090319633484,0.3940746784210205
n01698640_146-4,crocodilian,A photo of a crocodilian,0.39693090319633484,0.3940746784210205
n01698640_146-5,crocodilian,A photo of a crocodilian,0.39693090319633484,0.3940746784210205
n01698640_146-6,crocodilian,A photo of a crocodilian,0.3907153010368347,0.38493072986602783
n01698640_146-7,crocodilian,A photo of a crocodilian,0.3907153010368347,0.38493072986602783
n01698640_1904-4,crocodilian,A photo of a crocodilian,0.3907153010368347,0.38493072986602783
n01698640_1969-1,crocodilian,A photo of a crocodilian,0.3907153010368347,0.38493072986602783
n01698640_1969-7,crocodilian,A photo of a crocodilian,0.3907153010368347,0.38493072986602783
n01698640_2521-1,crocodilian,A photo of a crocodilian,0.3907153010368347,0.38493072986602783
n01698640_2779-2,crocodilian,A photo of a crocodilian,0.3907153010368347,0.38493072986602783
n01698640_2779-3,crocodilian,A photo of a crocodilian,0.3907153010368347,0.38493072986602783
n01698640_2779-5,crocodilian,A photo of a crocodilian,0.36391541361808777,0.36025893688201904
n01698640_3055-2,crocodilian,A photo of a crocodilian,0.36391541361808777,0.36025893688201904
n01698640_331-4,crocodilian,A photo of a crocodilian,0.36391541361808777,0.36025893688201904
n01698640_3369-3,crocodilian,A photo of a crocodilian,0.36391541361808777,0.36025893688201904
n01698640_3501-2,crocodilian,A photo of a crocodilian,0.36391541361808777,0.36025893688201904
n01698640_3501-3,crocodilian,A photo of a crocodilian,0.36391541361808777,0.36025893688201904
n01698640_4028-1,crocodilian,A photo of a crocodilian,0.36391541361808777,0.36025893688201904
n01698640_4028-3,crocodilian,A photo of a crocodilian,0.36391541361808777,0.36025893688201904
n01698640_4294-2,crocodilian,A photo of a crocodilian,0.39687782526016235,0.3947279453277588
n01698640_4477-3,crocodilian,A photo of a crocodilian,0.39687782526016235,0.3947279453277588
n01698640_4477-7,crocodilian,A photo of a crocodilian,0.39687782526016235,0.3947279453277588
n01698640_552-1,crocodilian,A photo of a crocodilian,0.39687782526016235,0.3947279453277588
n01698640_5581-2,crocodilian,A photo of a crocodilian,0.39687782526016235,0.3947279453277588
n01698640_5581-4,crocodilian,A photo of a crocodilian,0.39687782526016235,0.3947279453277588
n01698640_70-1,crocodilian,A photo of a crocodilian,0.39687782526016235,0.3947279453277588
n01698640_70-5,crocodilian,A photo of a crocodilian,0.39687782526016235,0.3947279453277588
n01698640_7025-1,crocodilian,A photo of a crocodilian,0.3930613398551941,0.3990288972854614
n01698640_7025-5,crocodilian,A photo of a crocodilian,0.3930613398551941,0.3990288972854614
n01698640_7056-4,crocodilian,A photo of a crocodilian,0.3930613398551941,0.3990288972854614
n01698640_7154-2,crocodilian,A photo of a crocodilian,0.3930613398551941,0.3990288972854614
n01698640_7166-1,crocodilian,A photo of a crocodilian,0.3930613398551941,0.3990288972854614
n01698640_7166-6,crocodilian,A photo of a crocodilian,0.3930613398551941,0.3990288972854614
n01698640_7483-1,crocodilian,A photo of a crocodilian,0.3930613398551941,0.3990288972854614
n01698640_7483-5,crocodilian,A photo of a crocodilian,0.3930613398551941,0.3990288972854614
n01698640_7709-6,crocodilian,A photo of a crocodilian,0.3783203363418579,0.3863561451435089
n01698640_8062-2,crocodilian,A photo of a crocodilian,0.3783203363418579,0.3863561451435089
n01698640_8062-4,crocodilian,A photo of a crocodilian,0.3783203363418579,0.3863561451435089
n01698640_8263-4,crocodilian,A photo of a crocodilian,0.3783203363418579,0.3863561451435089
n01698640_8263-7,crocodilian,A photo of a crocodilian,0.3783203363418579,0.3863561451435089
n01698640_8598-1,crocodilian,A photo of a crocodilian,0.3783203363418579,0.3863561451435089
n01698640_8598-3,crocodilian,A photo of a crocodilian,0.3783203363418579,0.3863561451435089
n01698640_8598-5,crocodilian,A photo of a crocodilian,0.3783203363418579,0.3863561451435089
n01698640_905-2,crocodilian,A photo of a crocodilian,0.38515758514404297,0.38596147298812866
n03063073_10319-4,cup,A photo of a cup,0.38515758514404297,0.38596147298812866
n03063073_10444-2,cup,A photo of a cup,0.38515758514404297,0.38596147298812866
n03063073_1337-4,cup,A photo of a cup,0.38515758514404297,0.38596147298812866
n03063073_141-4,cup,A photo of a cup,0.38515758514404297,0.38596147298812866
n03063073_1623-1,cup,A photo of a cup,0.38515758514404297,0.38596147298812866
n03063073_1623-4,cup,A photo of a cup,0.38515758514404297,0.38596147298812866
n03063073_1643-5,cup,A photo of a cup,0.38515758514404297,0.38596147298812866
n03063073_245-2,cup,A photo of a cup,0.38970285654067993,0.3914462924003601
n03063073_2767-1,cup,A photo of a cup,0.38970285654067993,0.3914462924003601
n03063073_2767-4,cup,A photo of a cup,0.38970285654067993,0.3914462924003601
n03063073_2946-1,cup,A photo of a cup,0.38970285654067993,0.3914462924003601
n03063073_2946-2,cup,A photo of a cup,0.38970285654067993,0.3914462924003601
n03063073_3103-3,cup,A photo of a cup,0.38970285654067993,0.3914462924003601
n03063073_3103-5,cup,A photo of a cup,0.38970285654067993,0.3914462924003601
n03063073_3117-5,cup,A photo of a cup,0.38970285654067993,0.3914462924003601
n03063073_3395-8,cup,A photo of a cup,0.36804109811782837,0.3696547746658325
n03063073_3616-5,cup,A photo of a cup,0.36804109811782837,0.3696547746658325
n03063073_4147-4,cup,A photo of a cup,0.36804109811782837,0.3696547746658325
n03063073_4775-1,cup,A photo of a cup,0.36804109811782837,0.3696547746658325
n03063073_4775-2,cup,A photo of a cup,0.36804109811782837,0.3696547746658325
n03063073_4775-3,cup,A photo of a cup,0.36804109811782837,0.3696547746658325
n03063073_4996-7,cup,A photo of a cup,0.36804109811782837,0.3696547746658325
n03063073_505-2,cup,A photo of a cup,0.36804109811782837,0.3696547746658325
n03063073_5651-1,cup,A photo of a cup,0.3878939151763916,0.3884711265563965
n03063073_5651-2,cup,A photo of a cup,0.3878939151763916,0.3884711265563965
n03063073_5868-3,cup,A photo of a cup,0.3878939151763916,0.3884711265563965
n03063073_5868-4,cup,A photo of a cup,0.3878939151763916,0.3884711265563965
n03063073_5868-5,cup,A photo of a cup,0.3878939151763916,0.3884711265563965
n03063073_593-4,cup,A photo of a cup,0.3878939151763916,0.3884711265563965
n03063073_7127-4,cup,A photo of a cup,0.3878939151763916,0.3884711265563965
n03063073_7127-5,cup,A photo of a cup,0.3878939151763916,0.3884711265563965
n03063073_7161-2,cup,A photo of a cup,0.4191918969154358,0.4217691719532013
n03063073_7161-3,cup,A photo of a cup,0.4191918969154358,0.4217691719532013
n03063073_7435-5,cup,A photo of a cup,0.4191918969154358,0.4217691719532013
n03063073_7787-6,cup,A photo of a cup,0.4191918969154358,0.4217691719532013
n03063073_789-14,cup,A photo of a cup,0.4191918969154358,0.4217691719532013
n03063073_789-3,cup,A photo of a cup,0.4191918969154358,0.4217691719532013
n03063073_8017-4,cup,A photo of a cup,0.4191918969154358,0.4217691719532013
n03063073_8439-3,cup,A photo of a cup,0.4191918969154358,0.4217691719532013
n03063073_9265-5,cup,A photo of a cup,0.4050517678260803,0.4087491035461426
n03063073_933-1,cup,A photo of a cup,0.4050517678260803,0.4087491035461426
n03063073_933-2,cup,A photo of a cup,0.4050517678260803,0.4087491035461426
n03063073_933-4,cup,A photo of a cup,0.4050517678260803,0.4087491035461426
n03063073_933-5,cup,A photo of a cup,0.4050517678260803,0.4087491035461426
n03063073_958-1,cup,A photo of a cup,0.4050517678260803,0.4087491035461426
n03147509_10316-6,cup,A photo of a cup,0.4050517678260803,0.4087491035461426
n03147509_10316-8,cup,A photo of a cup,0.4050517678260803,0.4087491035461426
n03147509_10316-9,cup,A photo of a cup,0.4131700098514557,0.4161314368247986
n03147509_11370-7,cup,A photo of a cup,0.4131700098514557,0.4161314368247986
n03147509_11370-9,cup,A photo of a cup,0.4131700098514557,0.4161314368247986
n03147509_11726-5,cup,A photo of a cup,0.4131700098514557,0.4161314368247986
n03147509_11726-6,cup,A photo of a cup,0.4131700098514557,0.4161314368247986
n03147509_11726-8,cup,A photo of a cup,0.4131700098514557,0.4161314368247986
n03147509_12211-1,cup,A photo of a cup,0.4131700098514557,0.4161314368247986
n03147509_12211-4,cup,A photo of a cup,0.4131700098514557,0.4161314368247986
n03147509_12587-7,cup,A photo of a cup,0.37636786699295044,0.3785634934902191
n03147509_12587-8,cup,A photo of a cup,0.37636786699295044,0.3785634934902191
n03147509_12690-1,cup,A photo of a cup,0.37636786699295044,0.3785634934902191
n03147509_12690-8,cup,A photo of a cup,0.37636786699295044,0.3785634934902191
n03147509_13746-1,cup,A photo of a cup,0.37636786699295044,0.3785634934902191
n03147509_13746-3,cup,A photo of a cup,0.37636786699295044,0.3785634934902191
n03147509_13746-9,cup,A photo of a cup,0.37636786699295044,0.3785634934902191
n03147509_13849-6,cup,A photo of a cup,0.37636786699295044,0.3785634934902191
n03147509_13849-7,cup,A photo of a cup,0.3568273186683655,0.36164912581443787
n03147509_14131-10,cup,A photo of a cup,0.3568273186683655,0.36164912581443787
n03147509_14131-9,cup,A photo of a cup,0.3568273186683655,0.36164912581443787
n03147509_15208-3,cup,A photo of a cup,0.3568273186683655,0.36164912581443787
n03147509_15208-4,cup,A photo of a cup,0.3568273186683655,0.36164912581443787
n03147509_17138-4,cup,A photo of a cup,0.3568273186683655,0.36164912581443787
n03147509_17138-8,cup,A photo of a cup,0.3568273186683655,0.36164912581443787
n03147509_17633-2,cup,A photo of a cup,0.3568273186683655,0.36164912581443787
n03147509_18646-1,cup,A photo of a cup,0.4236719310283661,0.4252709746360779
n03147509_18646-4,cup,A photo of a cup,0.4236719310283661,0.4252709746360779
n03147509_1920-12,cup,A photo of a cup,0.4236719310283661,0.4252709746360779
n03147509_1920-4,cup,A photo of a cup,0.4236719310283661,0.4252709746360779
n03147509_1920-7,cup,A photo of a cup,0.4236719310283661,0.4252709746360779
n03147509_19626-3,cup,A photo of a cup,0.4236719310283661,0.4252709746360779
n03147509_19722-3,cup,A photo of a cup,0.4236719310283661,0.4252709746360779
n03147509_20180-7,cup,A photo of a cup,0.4236719310283661,0.4252709746360779
n03147509_20211-3,cup,A photo of a cup,0.4009978771209717,0.4043385684490204
n03147509_20211-4,cup,A photo of a cup,0.4009978771209717,0.4043385684490204
n03147509_20444-2,cup,A photo of a cup,0.4009978771209717,0.4043385684490204
n03147509_20483-1,cup,A photo of a cup,0.4009978771209717,0.4043385684490204
n03147509_20900-3,cup,A photo of a cup,0.4009978771209717,0.4043385684490204
n03147509_21603-6,cup,A photo of a cup,0.4009978771209717,0.4043385684490204
n03147509_21633-2,cup,A photo of a cup,0.4009978771209717,0.4043385684490204
n03147509_21633-3,cup,A photo of a cup,0.4009978771209717,0.4043385684490204
n03147509_21736-3,cup,A photo of a cup,0.4145217537879944,0.41881024837493896
n03147509_21910-7,cup,A photo of a cup,0.4145217537879944,0.41881024837493896
n03147509_319-3,cup,A photo of a cup,0.4145217537879944,0.41881024837493896
n03147509_319-6,cup,A photo of a cup,0.4145217537879944,0.41881024837493896
n03147509_3526-1,cup,A photo of a cup,0.4145217537879944,0.41881024837493896
n03147509_3526-5,cup,A photo of a cup,0.4145217537879944,0.41881024837493896
n03147509_3526-8,cup,A photo of a cup,0.4145217537879944,0.41881024837493896
n03147509_4-2,cup,A photo of a cup,0.4145217537879944,0.41881024837493896
n03147509_4571-7,cup,A photo of a cup,0.4018545150756836,0.4033900499343872
n03147509_4947-1,cup,A photo of a cup,0.4018545150756836,0.4033900499343872
n03147509_4947-2,cup,A photo of a cup,0.4018545150756836,0.4033900499343872
n03147509_4947-4,cup,A photo of a cup,0.4018545150756836,0.4033900499343872
n03147509_529-1,cup,A photo of a cup,0.4018545150756836,0.4033900499343872
n03147509_529-3,cup,A photo of a cup,0.4018545150756836,0.4033900499343872
n03147509_529-5,cup,A photo of a cup,0.4018545150756836,0.4033900499343872
n03147509_529-6,cup,A photo of a cup,0.4018545150756836,0.4033900499343872
n03147509_5639-1,cup,A photo of a cup,0.39447450637817383,0.3966737687587738
n03147509_5639-6,cup,A photo of a cup,0.39447450637817383,0.3966737687587738
n03147509_6569-1,cup,A photo of a cup,0.39447450637817383,0.3966737687587738
n03147509_710-3,cup,A photo of a cup,0.39447450637817383,0.3966737687587738
n03147509_8623-6,cup,A photo of a cup,0.39447450637817383,0.3966737687587738
n03147509_8973-1,cup,A photo of a cup,0.39447450637817383,0.3966737687587738
n03147509_8973-5,cup,A photo of a cup,0.39447450637817383,0.3966737687587738
n03147509_9755-5,cup,A photo of a cup,0.39447450637817383,0.3966737687587738
n03147509_9755-6,cup,A photo of a cup,0.36434850096702576,0.3657502233982086
n02430045_12653-1,deer,A photo of a deer,0.36434850096702576,0.3657502233982086
n02430045_2684-3,deer,A photo of a deer,0.36434850096702576,0.3657502233982086
n02430045_3028-1,deer,A photo of a deer,0.36434850096702576,0.3657502233982086
n02430045_3028-4,deer,A photo of a deer,0.36434850096702576,0.3657502233982086
n02430045_3601-5,deer,A photo of a deer,0.36434850096702576,0.3657502233982086
n02430045_4563-7,deer,A photo of a deer,0.36434850096702576,0.3657502233982086
n02430045_469-5,deer,A photo of a deer,0.36434850096702576,0.3657502233982086
n02430045_4855-2,deer,A photo of a deer,0.36986663937568665,0.3690199851989746
n02430045_7052-6,deer,A photo of a deer,0.36986663937568665,0.3690199851989746
n02430045_7052-7,deer,A photo of a deer,0.36986663937568665,0.3690199851989746
n02431337_11645-2,deer,A photo of a deer,0.36986663937568665,0.3690199851989746
n02431337_13382-4,deer,A photo of a deer,0.36986663937568665,0.3690199851989746
n02431337_13382-6,deer,A photo of a deer,0.36986663937568665,0.3690199851989746
n02431337_18728-2,deer,A photo of a deer,0.36986663937568665,0.3690199851989746
n02431337_26375-3,deer,A photo of a deer,0.36986663937568665,0.3690199851989746
n02431337_5680-1,deer,A photo of a deer,0.39413702487945557,0.389366090297699
n02431337_5680-3,deer,A photo of a deer,0.39413702487945557,0.389366090297699
n02431337_5680-7,deer,A photo of a deer,0.39413702487945557,0.389366090297699
n02431337_6555-5,deer,A photo of a deer,0.39413702487945557,0.389366090297699
n02431441_4277-3,deer,A photo of a deer,0.39413702487945557,0.389366090297699
n02431628_8178-2,deer,A photo of a deer,0.39413702487945557,0.389366090297699
n02431628_8178-3,deer,A photo of a deer,0.39413702487945557,0.389366090297699
n02432983_11144-3,deer,A photo of a deer,0.39413702487945557,0.389366090297699
n02432983_11144-4,deer,A photo of a deer,0.3668363392353058,0.3640245795249939
n02432983_12240-2,deer,A photo of a deer,0.3668363392353058,0.3640245795249939
n02432983_12240-5,deer,A photo of a deer,0.3668363392353058,0.3640245795249939
n02432983_12656-1,deer,A photo of a deer,0.3668363392353058,0.3640245795249939
n02432983_12656-5,deer,A photo of a deer,0.3668363392353058,0.3640245795249939
n02432983_15659-2,deer,A photo of a deer,0.3668363392353058,0.3640245795249939
n02432983_15659-3,deer,A photo of a deer,0.3668363392353058,0.3640245795249939
n02432983_15659-4,deer,A photo of a deer,0.3668363392353058,0.3640245795249939
n02432983_19776-3,deer,A photo of a deer,0.3673447072505951,0.3653724193572998
n02432983_20607-1,deer,A photo of a deer,0.3673447072505951,0.3653724193572998
n02432983_20607-5,deer,A photo of a deer,0.3673447072505951,0.3653724193572998
n02432983_20998-1,deer,A photo of a deer,0.3673447072505951,0.3653724193572998
n02432983_23186-3,deer,A photo of a deer,0.3673447072505951,0.3653724193572998
n02432983_23287-1,deer,A photo of a deer,0.3673447072505951,0.3653724193572998
n02432983_23287-3,deer,A photo of a deer,0.3673447072505951,0.3653724193572998
n02432983_23287-5,deer,A photo of a deer,0.3673447072505951,0.3653724193572998
n02432983_24646-3,deer,A photo of a deer,0.38083165884017944,0.37982118129730225
n02432983_24691-3,deer,A photo of a deer,0.38083165884017944,0.37982118129730225
n02432983_27024-1,deer,A photo of a deer,0.38083165884017944,0.37982118129730225
n02432983_27024-4,deer,A photo of a deer,0.38083165884017944,0.37982118129730225
n02432983_4368-4,deer,A photo of a deer,0.38083165884017944,0.37982118129730225
n02433729_8863-5,deer,A photo of a deer,0.38083165884017944,0.37982118129730225
n02433729_8975-3,deer,A photo of a deer,0.38083165884017944,0.37982118129730225
n02433729_8975-4,deer,A photo of a deer,0.38083165884017944,0.37982118129730225
n02433729_9003-2,deer,A photo of a deer,0.39261001348495483,0.3859749436378479
n02433729_9196-7,deer,A photo of a deer,0.39261001348495483,0.3859749436378479
n02433925_10391-4,deer,A photo of a deer,0.39261001348495483,0.3859749436378479
n02433925_14581-7,deer,A photo of a deer,0.39261001348495483,0.3859749436378479
n02433925_15161-3,deer,A photo of a deer,0.39261001348495483,0.3859749436378479
n02433925_15161-4,deer,A photo of a deer,0.39261001348495483,0.3859749436378479
n02433925_19629-3,deer,A photo of a deer,0.39261001348495483,0.3859749436378479
n02433925_20436-5,deer,A photo of a deer,0.39261001348495483,0.3859749436378479
n02433925_20879-1,deer,A photo of a deer,0.34286731481552124,0.34200865030288696
n02433925_20879-2,deer,A photo of a deer,0.34286731481552124,0.34200865030288696
n02433925_21082-4,deer,A photo of a deer,0.34286731481552124,0.34200865030288696
n02433925_22295-1,deer,A photo of a deer,0.34286731481552124,0.34200865030288696
n02433925_22554-2,deer,A photo of a deer,0.34286731481552124,0.34200865030288696
n02433925_23174-1,deer,A photo of a deer,0.34286731481552124,0.34200865030288696
n02433925_23174-4,deer,A photo of a deer,0.34286731481552124,0.34200865030288696
n02433925_25690-5,deer,A photo of a deer,0.34286731481552124,0.34200865030288696
n02433925_25821-3,deer,A photo of a deer,0.3742111325263977,0.37558072805404663
n02433925_26108-5,deer,A photo of a deer,0.3742111325263977,0.37558072805404663
n02433925_4508-2,deer,A photo of a deer,0.3742111325263977,0.37558072805404663
n02433925_4508-3,deer,A photo of a deer,0.3742111325263977,0.37558072805404663
n02433925_4508-5,deer,A photo of a deer,0.3742111325263977,0.37558072805404663
n02433925_5991-5,deer,A photo of a deer,0.3742111325263977,0.37558072805404663
n02433925_5991-6,deer,A photo of a deer,0.3742111325263977,0.37558072805404663
n02433925_6443-1,deer,A photo of a deer,0.3742111325263977,0.37558072805404663
n02433925_8260-4,deer,A photo of a deer,0.37799006700515747,0.37891823053359985
n02433925_9178-3,deer,A photo of a deer,0.37799006700515747,0.37891823053359985
n02433925_9178-5,deer,A photo of a deer,0.37799006700515747,0.37891823053359985
n02103406_1011-5,dog,A photo of a dog,0.37799006700515747,0.37891823053359985
n02103406_1138-2,dog,A photo of a dog,0.37799006700515747,0.37891823053359985
n02103406_1138-5,dog,A photo of a dog,0.37799006700515747,0.37891823053359985
n02103406_1170-3,dog,A photo of a dog,0.37799006700515747,0.37891823053359985
n02103406_1170-4,dog,A photo of a dog,0.37799006700515747,0.37891823053359985
n02103406_1170-6,dog,A photo of a dog,0.3594256043434143,0.36384013295173645
n02103406_1247-3,dog,A photo of a dog,0.3594256043434143,0.36384013295173645
n02103406_1247-5,dog,A photo of a dog,0.3594256043434143,0.36384013295173645
n02103406_1754-2,dog,A photo of a dog,0.3594256043434143,0.36384013295173645
n02103406_1754-5,dog,A photo of a dog,0.3594256043434143,0.36384013295173645
n02103406_2209-2,dog,A photo of a dog,0.3594256043434143,0.36384013295173645
n02103406_2209-6,dog,A photo of a dog,0.3594256043434143,0.36384013295173645
n02103406_2706-1,dog,A photo of a dog,0.3594256043434143,0.36384013295173645
n02103406_2706-7,dog,A photo of a dog,0.35468950867652893,0.3590051531791687
n02103406_2954-1,dog,A photo of a dog,0.35468950867652893,0.3590051531791687
n02103406_2954-3,dog,A photo of a dog,0.35468950867652893,0.3590051531791687
n02103406_2954-6,dog,A photo of a dog,0.35468950867652893,0.3590051531791687
n02103406_2976-3,dog,A photo of a dog,0.35468950867652893,0.3590051531791687
n02103406_2976-5,dog,A photo of a dog,0.35468950867652893,0.3590051531791687
n02103406_3056-1,dog,A photo of a dog,0.35468950867652893,0.3590051531791687
n02103406_3056-3,dog,A photo of a dog,0.35468950867652893,0.3590051531791687
n02103406_3108-5,dog,A photo of a dog,0.40756285190582275,0.4062129259109497
n02103406_3255-1,dog,A photo of a dog,0.40756285190582275,0.4062129259109497
n02103406_3255-11,dog,A photo of a dog,0.40756285190582275,0.4062129259109497
n02103406_3255-6,dog,A photo of a dog,0.40756285190582275,0.4062129259109497
n02103406_3299-3,dog,A photo of a dog,0.40756285190582275,0.4062129259109497
n02103406_3326-13,dog,A photo of a dog,0.40756285190582275,0.4062129259109497
n02103406_3326-4,dog,A photo of a dog,0.40756285190582275,0.4062129259109497
n02103406_3401-3,dog,A photo of a dog,0.40756285190582275,0.4062129259109497
n02103406_3401-6,dog,A photo of a dog,0.34192731976509094,0.34220433235168457
n02103406_343-2,dog,A photo of a dog,0.34192731976509094,0.34220433235168457
n02103406_343-9,dog,A photo of a dog,0.34192731976509094,0.34220433235168457
n02103406_3750-3,dog,A photo of a dog,0.34192731976509094,0.34220433235168457
n02103406_3750-6,dog,A photo of a dog,0.34192731976509094,0.34220433235168457
n02103406_4068-5,dog,A photo of a dog,0.34192731976509094,0.34220433235168457
n02103406_4068-8,dog,A photo of a dog,0.34192731976509094,0.34220433235168457
n02103406_4849-9,dog,A photo of a dog,0.34192731976509094,0.34220433235168457
n02103406_5456-2,dog,A photo of a dog,0.3830825984477997,0.38250619173049927
n02103406_5456-6,dog,A photo of a dog,0.3830825984477997,0.38250619173049927
n02103406_5505-2,dog,A photo of a dog,0.3830825984477997,0.38250619173049927
n02103406_5563-1,dog,A photo of a dog,0.3830825984477997,0.38250619173049927
n02103406_5601-6,dog,A photo of a dog,0.3830825984477997,0.38250619173049927
n02103406_6274-3,dog,A photo of a dog,0.3830825984477997,0.38250619173049927
n02103406_6274-4,dog,A photo of a dog,0.3830825984477997,0.38250619173049927
n02103406_6274-5,dog,A photo of a dog,0.3830825984477997,0.38250619173049927
n02103406_6530-1,dog,A photo of a dog,0.3912908732891083,0.393321692943573
n02103406_6530-2,dog,A photo of a dog,0.3912908732891083,0.393321692943573
n02103406_6530-4,dog,A photo of a dog,0.3912908732891083,0.393321692943573
n02103406_6530-7,dog,A photo of a dog,0.3912908732891083,0.393321692943573
n02103406_6852-2,dog,A photo of a dog,0.3912908732891083,0.393321692943573
n02103406_6852-3,dog,A photo of a dog,0.3912908732891083,0.393321692943573
n02103406_6852-8,dog,A photo of a dog,0.3912908732891083,0.393321692943573
n02103406_7368-1,dog,A photo of a dog,0.3912908732891083,0.393321692943573
n02103406_7368-9,dog,A photo of a dog,0.365749329328537,0.36672908067703247
n02103406_7521-6,dog,A photo of a dog,0.365749329328537,0.36672908067703247
n02103406_7708-7,dog,A photo of a dog,0.365749329328537,0.36672908067703247
n02103406_7708-8,dog,A photo of a dog,0.365749329328537,0.36672908067703247
n02103406_7708-9,dog,A photo of a dog,0.365749329328537,0.36672908067703247
n02103406_8280-5,dog,A photo of a dog,0.365749329328537,0.36672908067703247
n02103406_8362-3,dog,A photo of a dog,0.365749329328537,0.36672908067703247
n02103406_8362-4,dog,A photo of a dog,0.365749329328537,0.36672908067703247
n02103406_8421-3,dog,A photo of a dog,0.367392361164093,0.37050527334213257
n02103406_865-8,dog,A photo of a dog,0.367392361164093,0.37050527334213257
n02103406_936-5,dog,A photo of a dog,0.367392361164093,0.37050527334213257
n02103406_936-7,dog,A photo of a dog,0.367392361164093,0.37050527334213257
n02103406_995-1,dog,A photo of a dog,0.367392361164093,0.37050527334213257
n02106662_10406-4,dog,A photo of a dog,0.367392361164093,0.37050527334213257
n02106662_11133-4,dog,A photo of a dog,0.367392361164093,0.37050527334213257
n02106662_13178-2,dog,A photo of a dog,0.367392361164093,0.37050527334213257
n02106662_13178-4,dog,A photo of a dog,0.3645051121711731,0.36484062671661377
n02106662_1874-5,dog,A photo of a dog,0.3645051121711731,0.36484062671661377
n02106662_1922-4,dog,A photo of a dog,0.3645051121711731,0.36484062671661377
n02106662_2101-7,dog,A photo of a dog,0.3645051121711731,0.36484062671661377
n02106662_2157-2,dog,A photo of a dog,0.3645051121711731,0.36484062671661377
n02106662_2377-5,dog,A photo of a dog,0.3645051121711731,0.36484062671661377
n02106662_2377-6,dog,A photo of a dog,0.3645051121711731,0.36484062671661377
n02106662_24019-4,dog,A photo of a dog,0.3645051121711731,0.36484062671661377
n02106662_25917-6,dog,A photo of a dog,0.3524415194988251,0.3539872169494629
n02106662_26549-1,dog,A photo of a dog,0.3524415194988251,0.3539872169494629
n02106662_26549-5,dog,A photo of a dog,0.3524415194988251,0.3539872169494629
n02106662_26549-6,dog,A photo of a dog,0.3524415194988251,0.3539872169494629
n02106662_2740-1,dog,A photo of a dog,0.3524415194988251,0.3539872169494629
n02106662_2740-2,dog,A photo of a dog,0.3524415194988251,0.3539872169494629
n02106662_5001-2,dog,A photo of a dog,0.3524415194988251,0.3539872169494629
n02106662_5001-6,dog,A photo of a dog,0.3524415194988251,0.3539872169494629
n02106662_7885-3,dog,A photo of a dog,0.3906775712966919,0.3891347646713257
n02106662_7960-4,dog,A photo of a dog,0.3906775712966919,0.3891347646713257
n02106662_8511-5,dog,A photo of a dog,0.3906775712966919,0.3891347646713257
n02106662_8870-7,dog,A photo of a dog,0.3906775712966919,0.3891347646713257
n02109525_10297-4,dog,A photo of a dog,0.3906775712966919,0.3891347646713257
n02109525_10297-5,dog,A photo of a dog,0.3906775712966919,0.3891347646713257
n02109525_11444-4,dog,A photo of a dog,0.3906775712966919,0.3891347646713257
n02109525_12875-3,dog,A photo of a dog,0.3906775712966919,0.3891347646713257
n02109525_12875-4,dog,A photo of a dog,0.3746333122253418,0.37514007091522217
n02109525_13700-4,dog,A photo of a dog,0.3746333122253418,0.37514007091522217
n02109525_16346-1,dog,A photo of a dog,0.3746333122253418,0.37514007091522217
n02109525_1893-2,dog,A photo of a dog,0.3746333122253418,0.37514007091522217
n02109525_1893-6,dog,A photo of a dog,0.3746333122253418,0.37514007091522217
n02109525_3202-5,dog,A photo of a dog,0.3746333122253418,0.37514007091522217
n02109525_3782-2,dog,A photo of a dog,0.3746333122253418,0.37514007091522217
n02109525_3782-4,dog,A photo of a dog,0.3746333122253418,0.37514007091522217
n02109525_5966-5,dog,A photo of a dog,0.376272588968277,0.37645354866981506
n02109525_7874-5,dog,A photo of a dog,0.376272588968277,0.37645354866981506
n02109525_9037-1,dog,A photo of a dog,0.376272588968277,0.37645354866981506
n02109525_9037-2,dog,A photo of a dog,0.376272588968277,0.37645354866981506
n02068974_1146-3,dolphin,A photo of a dolphin,0.376272588968277,0.37645354866981506
n02068974_12255-1,dolphin,A photo of a dolphin,0.376272588968277,0.37645354866981506
n02068974_12255-9,dolphin,A photo of a dolphin,0.376272588968277,0.37645354866981506
n02068974_14306-1,dolphin,A photo of a dolphin,0.376272588968277,0.37645354866981506
n02068974_14306-5,dolphin,A photo of a dolphin,0.4287980794906616,0.42690718173980713
n02068974_1453-3,dolphin,A photo of a dolphin,0.4287980794906616,0.42690718173980713
n02068974_1474-1,dolphin,A photo of a dolphin,0.4287980794906616,0.42690718173980713
n02068974_1474-3,dolphin,A photo of a dolphin,0.4287980794906616,0.42690718173980713
n02068974_1546-1,dolphin,A photo of a dolphin,0.4287980794906616,0.42690718173980713
n02068974_1550-5,dolphin,A photo of a dolphin,0.4287980794906616,0.42690718173980713
n02068974_15729-6,dolphin,A photo of a dolphin,0.4287980794906616,0.42690718173980713
n02068974_1722-1,dolphin,A photo of a dolphin,0.4287980794906616,0.42690718173980713
n02068974_17502-1,dolphin,A photo of a dolphin,0.41438576579093933,0.41371724009513855
n02068974_2060-2,dolphin,A photo of a dolphin,0.41438576579093933,0.41371724009513855
n02068974_212-2,dolphin,A photo of a dolphin,0.41438576579093933,0.41371724009513855
n02068974_2138-6,dolphin,A photo of a dolphin,0.41438576579093933,0.41371724009513855
n02068974_2208-4,dolphin,A photo of a dolphin,0.41438576579093933,0.41371724009513855
n02068974_2886-2,dolphin,A photo of a dolphin,0.41438576579093933,0.41371724009513855
n02068974_3157-1,dolphin,A photo of a dolphin,0.41438576579093933,0.41371724009513855
n02068974_3178-3,dolphin,A photo of a dolphin,0.41438576579093933,0.41371724009513855
n02068974_335-3,dolphin,A photo of a dolphin,0.4003860056400299,0.39557400345802307
n02068974_3578-1,dolphin,A photo of a dolphin,0.4003860056400299,0.39557400345802307
n02068974_3578-5,dolphin,A photo of a dolphin,0.4003860056400299,0.39557400345802307
n02068974_3743-3,dolphin,A photo of a dolphin,0.4003860056400299,0.39557400345802307
n02068974_3992-1,dolphin,A photo of a dolphin,0.4003860056400299,0.39557400345802307
n02068974_3992-2,dolphin,A photo of a dolphin,0.4003860056400299,0.39557400345802307
n02068974_4066-2,dolphin,A photo of a dolphin,0.4003860056400299,0.39557400345802307
n02068974_4176-4,dolphin,A photo of a dolphin,0.4003860056400299,0.39557400345802307
n02068974_4210-2,dolphin,A photo of a dolphin,0.42144620418548584,0.4227924942970276
n02068974_4533-2,dolphin,A photo of a dolphin,0.42144620418548584,0.4227924942970276
n02068974_4533-3,dolphin,A photo of a dolphin,0.42144620418548584,0.4227924942970276
n02068974_4533-4,dolphin,A photo of a dolphin,0.42144620418548584,0.4227924942970276
n02068974_4779-4,dolphin,A photo of a dolphin,0.42144620418548584,0.4227924942970276
n02068974_4779-5,dolphin,A photo of a dolphin,0.42144620418548584,0.4227924942970276
n02068974_4779-8,dolphin,A photo of a dolphin,0.42144620418548584,0.4227924942970276
n02068974_485-6,dolphin,A photo of a dolphin,0.42144620418548584,0.4227924942970276
n02068974_485-9,dolphin,A photo of a dolphin,0.4275399446487427,0.4232235848903656
n02068974_4879-1,dolphin,A photo of a dolphin,0.4275399446487427,0.4232235848903656
n02068974_4879-4,dolphin,A photo of a dolphin,0.4275399446487427,0.4232235848903656
n02068974_4926-4,dolphin,A photo of a dolphin,0.4275399446487427,0.4232235848903656
n02068974_5097-2,dolphin,A photo of a dolphin,0.4275399446487427,0.4232235848903656
n02068974_5097-5,dolphin,A photo of a dolphin,0.4275399446487427,0.4232235848903656
n02068974_5124-1,dolphin,A photo of a dolphin,0.4275399446487427,0.4232235848903656
n02068974_5124-2,dolphin,A photo of a dolphin,0.4275399446487427,0.4232235848903656
n02068974_513-4,dolphin,A photo of a dolphin,0.4032420814037323,0.39911964535713196
n02068974_5491-4,dolphin,A photo of a dolphin,0.4032420814037323,0.39911964535713196
n02068974_5747-1,dolphin,A photo of a dolphin,0.4032420814037323,0.39911964535713196
n02068974_5747-2,dolphin,A photo of a dolphin,0.4032420814037323,0.39911964535713196
n02068974_5747-5,dolphin,A photo of a dolphin,0.4032420814037323,0.39911964535713196
n02068974_5921-5,dolphin,A photo of a dolphin,0.4032420814037323,0.39911964535713196
n02068974_6064-1,dolphin,A photo of a dolphin,0.4032420814037323,0.39911964535713196
n02068974_6064-2,dolphin,A photo of a dolphin,0.4032420814037323,0.39911964535713196
n02068974_651-6,dolphin,A photo of a dolphin,0.4056032598018646,0.4065265357494354
n02068974_6844-3,dolphin,A photo of a dolphin,0.4056032598018646,0.4065265357494354
n02068974_6844-6,dolphin,A photo of a dolphin,0.4056032598018646,0.4065265357494354
n02068974_6895-5,dolphin,A photo of a dolphin,0.4056032598018646,0.4065265357494354
n02068974_6910-2,dolphin,A photo of a dolphin,0.4056032598018646,0.4065265357494354
n02068974_7122-5,dolphin,A photo of a dolphin,0.4056032598018646,0.4065265357494354
n02068974_7259-1,dolphin,A photo of a dolphin,0.4056032598018646,0.4065265357494354
n02068974_7373-1,dolphin,A photo of a dolphin,0.4056032598018646,0.4065265357494354
n02068974_7394-4,dolphin,A photo of a dolphin,0.38899141550064087,0.3859788775444031
n02068974_7491-1,dolphin,A photo of a dolphin,0.38899141550064087,0.3859788775444031
n02068974_7765-2,dolphin,A photo of a dolphin,0.38899141550064087,0.3859788775444031
n02068974_7843-2,dolphin,A photo of a dolphin,0.38899141550064087,0.3859788775444031
n02068974_912-4,dolphin,A photo of a dolphin,0.38899141550064087,0.3859788775444031
n02068974_912-8,dolphin,A photo of a dolphin,0.38899141550064087,0.3859788775444031
n02068974_924-5,dolphin,A photo of a dolphin,0.38899141550064087,0.3859788775444031
n02068974_927-1,dolphin,A photo of a dolphin,0.38899141550064087,0.3859788775444031
n02068974_966-1,dolphin,A photo of a dolphin,0.39052239060401917,0.3906092941761017
n02068974_9729-2,dolphin,A photo of a dolphin,0.39052239060401917,0.3906092941761017
n02068974_9729-7,dolphin,A photo of a dolphin,0.39052239060401917,0.3906092941761017
n02070430_10309-2,dolphin,A photo of a dolphin,0.39052239060401917,0.3906092941761017
n02070430_11283-1,dolphin,A photo of a dolphin,0.39052239060401917,0.3906092941761017
n02070430_11283-4,dolphin,A photo of a dolphin,0.39052239060401917,0.3906092941761017
n02070430_12550-3,dolphin,A photo of a dolphin,0.39052239060401917,0.3906092941761017
n02070430_13042-3,dolphin,A photo of a dolphin,0.39052239060401917,0.3906092941761017
n02070430_13835-4,dolphin,A photo of a dolphin,0.4092610776424408,0.40598663687705994
n02070430_9233-2,dolphin,A photo of a dolphin,0.4092610776424408,0.40598663687705994
n02070430_9233-6,dolphin,A photo of a dolphin,0.4092610776424408,0.40598663687705994
n02070430_9233-7,dolphin,A photo of a dolphin,0.4092610776424408,0.40598663687705994
n02072040_156-3,dolphin,A photo of a dolphin,0.4092610776424408,0.40598663687705994
n02072040_160-2,dolphin,A photo of a dolphin,0.4092610776424408,0.40598663687705994
n02072040_2349-6,dolphin,A photo of a dolphin,0.4092610776424408,0.40598663687705994
n02072040_5784-5,dolphin,A photo of a dolphin,0.4092610776424408,0.40598663687705994
n03222176_1235-4,door,A photo of a door,0.3958868384361267,0.39528971910476685
n03222176_1235-5,door,A photo of a door,0.3958868384361267,0.39528971910476685
n03222176_13242-3,door,A photo of a door,0.3958868384361267,0.39528971910476685
n03222176_13242-6,door,A photo of a door,0.3958868384361267,0.39528971910476685
n03222176_16166-5,door,A photo of a door,0.3958868384361267,0.39528971910476685
n03222176_2264-2,door,A photo of a door,0.3958868384361267,0.39528971910476685
n03222176_2523-1,door,A photo of a door,0.3958868384361267,0.39528971910476685
n03222176_3296-5,door,A photo of a door,0.3958868384361267,0.39528971910476685
n03222176_6515-3,door,A photo of a door,0.36938178539276123,0.3729754686355591
n03222176_6712-10,door,A photo of a door,0.36938178539276123,0.3729754686355591
n03222176_6712-2,door,A photo of a door,0.36938178539276123,0.3729754686355591
n03222176_6712-8,door,A photo of a door,0.36938178539276123,0.3729754686355591
n03222176_7013-2,door,A photo of a door,0.36938178539276123,0.3729754686355591
n03222176_7013-3,door,A photo of a door,0.36938178539276123,0.3729754686355591
n03222176_8007-4,door,A photo of a door,0.36938178539276123,0.3729754686355591
n03222176_9909-5,door,A photo of a door,0.36938178539276123,0.3729754686355591
n03222318_100-4,door,A photo of a door,0.37852734327316284,0.37818512320518494
n03222318_10058-5,door,A photo of a door,0.37852734327316284,0.37818512320518494
n03222318_10437-2,door,A photo of a door,0.37852734327316284,0.37818512320518494
n03222318_12582-4,door,A photo of a door,0.37852734327316284,0.37818512320518494
n03222318_13211-6,door,A photo of a door,0.37852734327316284,0.37818512320518494
n03222318_13264-2,door,A photo of a door,0.37852734327316284,0.37818512320518494
n03222318_13264-8,door,A photo of a door,0.37852734327316284,0.37818512320518494
n03222318_13609-5,door,A photo of a door,0.37852734327316284,0.37818512320518494
n03222318_14089-4,door,A photo of a door,0.38757532835006714,0.3903537094593048
n03222318_14633-2,door,A photo of a door,0.38757532835006714,0.3903537094593048
n03222318_14633-7,door,A photo of a door,0.38757532835006714,0.3903537094593048
n03222318_14689-5,door,A photo of a door,0.38757532835006714,0.3903537094593048
n03222318_14737-1,door,A photo of a door,0.38757532835006714,0.3903537094593048
n03222318_14737-2,door,A photo of a door,0.38757532835006714,0.3903537094593048
n03222318_14737-4,door,A photo of a door,0.38757532835006714,0.3903537094593048
n03222318_14737-5,door,A photo of a door,0.38757532835006714,0.3903537094593048
n03222318_15190-1,door,A photo of a door,0.38860103487968445,0.3904559314250946
n03222318_15339-5,door,A photo of a door,0.38860103487968445,0.3904559314250946
n03222318_15339-6,door,A photo of a door,0.38860103487968445,0.3904559314250946
n03222318_15987-1,door,A photo of a door,0.38860103487968445,0.3904559314250946
n03222318_16535-2,door,A photo of a door,0.38860103487968445,0.3904559314250946
n03222318_16618-1,door,A photo of a door,0.38860103487968445,0.3904559314250946
n03222318_16618-5,door,A photo of a door,0.38860103487968445,0.3904559314250946
n03222318_2020-2,door,A photo of a door,0.38860103487968445,0.3904559314250946
n03222318_28-2,door,A photo of a door,0.3593592941761017,0.36243391036987305
n03222318_28-3,door,A photo of a door,0.3593592941761017,0.36243391036987305
n03222318_2924-2,door,A photo of a door,0.3593592941761017,0.36243391036987305
n03222318_2924-5,door,A photo of a door,0.3593592941761017,0.36243391036987305
n03222318_3251-4,door,A photo of a door,0.3593592941761017,0.36243391036987305
n03222318_5186-2,door,A photo of a door,0.3593592941761017,0.36243391036987305
n03222318_5186-9,door,A photo of a door,0.3593592941761017,0.36243391036987305
n03222318_5200-1,door,A photo of a door,0.3593592941761017,0.36243391036987305
n03222318_5578-3,door,A photo of a door,0.4335176944732666,0.43658557534217834
n03222318_5671-1,door,A photo of a door,0.4335176944732666,0.43658557534217834
n03222318_5671-4,door,A photo of a door,0.4335176944732666,0.43658557534217834
n03222318_6487-1,door,A photo of a door,0.4335176944732666,0.43658557534217834
n03222318_6487-3,door,A photo of a door,0.4335176944732666,0.43658557534217834
n03222318_6610-5,door,A photo of a door,0.4335176944732666,0.43658557534217834
n03222318_6621-3,door,A photo of a door,0.4335176944732666,0.43658557534217834
n03222318_6621-5,door,A photo of a door,0.4335176944732666,0.43658557534217834
n03222318_7812-2,door,A photo of a door,0.3747750520706177,0.3781282901763916
n03222318_8006-3,door,A photo of a door,0.3747750520706177,0.3781282901763916
n03222318_8042-1,door,A photo of a door,0.3747750520706177,0.3781282901763916
n03222318_8285-3,door,A photo of a door,0.3747750520706177,0.3781282901763916
n03222318_8285-5,door,A photo of a door,0.3747750520706177,0.3781282901763916
n03222318_8285-6,door,A photo of a door,0.3747750520706177,0.3781282901763916
n03222318_8285-7,door,A photo of a door,0.3747750520706177,0.3781282901763916
n03222318_9486-2,door,A photo of a door,0.3747750520706177,0.3781282901763916
n03222318_9525-5,door,A photo of a door,0.38473978638648987,0.3889535665512085
n03222318_9804-1,door,A photo of a door,0.38473978638648987,0.3889535665512085
n03222318_9804-9,door,A photo of a door,0.38473978638648987,0.3889535665512085
n03226880_1027-1,door,A photo of a door,0.38473978638648987,0.3889535665512085
n03226880_1428-2,door,A photo of a door,0.38473978638648987,0.3889535665512085
n03226880_2031-3,door,A photo of a door,0.38473978638648987,0.3889535665512085
n03226880_2189-3,door,A photo of a door,0.38473978638648987,0.3889535665512085
n03226880_2922-3,door,A photo of a door,0.38473978638648987,0.3889535665512085
n03226880_3230-3,door,A photo of a door,0.38382813334465027,0.38235726952552795
n03226880_3328-3,door,A photo of a door,0.38382813334465027,0.38235726952552795
n03226880_3328-4,door,A photo of a door,0.38382813334465027,0.38235726952552795
n03226880_3951-2,door,A photo of a door,0.38382813334465027,0.38235726952552795
n03226880_4452-1,door,A photo of a door,0.38382813334465027,0.38235726952552795
n03226880_5162-1,door,A photo of a door,0.38382813334465027,0.38235726952552795
n03226880_5644-3,door,A photo of a door,0.38382813334465027,0.38235726952552795
n03226880_6513-2,door,A photo of a door,0.38382813334465027,0.38235726952552795
n03226880_6513-3,door,A photo of a door,0.39333879947662354,0.3942089080810547
n03226880_6513-6,door,A photo of a door,0.39333879947662354,0.3942089080810547
n03226880_7115-5,door,A photo of a door,0.39333879947662354,0.3942089080810547
n03226880_7115-6,door,A photo of a door,0.39333879947662354,0.3942089080810547
n03226880_7115-7,door,A photo of a door,0.39333879947662354,0.3942089080810547
n03226880_7620-3,door,A photo of a door,0.39333879947662354,0.3942089080810547
n01846331_10874-1,duck,A photo of a duck,0.39333879947662354,0.3942089080810547
n01846331_10874-2,duck,A photo of a duck,0.39333879947662354,0.3942089080810547
n01846331_10874-4,duck,A photo of a duck,0.38805365562438965,0.39308884739875793
n01846331_10874-5,duck,A photo of a duck,0.38805365562438965,0.39308884739875793
n01846331_10874-6,duck,A photo of a duck,0.38805365562438965,0.39308884739875793
n01846331_10874-7,duck,A photo of a duck,0.38805365562438965,0.39308884739875793
n01846331_11616-2,duck,A photo of a duck,0.38805365562438965,0.39308884739875793
n01846331_11660-5,duck,A photo of a duck,0.38805365562438965,0.39308884739875793
n01846331_11660-6,duck,A photo of a duck,0.38805365562438965,0.39308884739875793
n01846331_1191-3,duck,A photo of a duck,0.38805365562438965,0.39308884739875793
n01846331_12022-5,duck,A photo of a duck,0.3776874542236328,0.37779417634010315
n01846331_12022-6,duck,A photo of a duck,0.3776874542236328,0.37779417634010315
n01846331_12534-1,duck,A photo of a duck,0.3776874542236328,0.37779417634010315
n01846331_12534-7,duck,A photo of a duck,0.3776874542236328,0.37779417634010315
n01846331_12553-11,duck,A photo of a duck,0.3776874542236328,0.37779417634010315
n01846331_12690-2,duck,A photo of a duck,0.3776874542236328,0.37779417634010315
n01846331_12690-7,duck,A photo of a duck,0.3776874542236328,0.37779417634010315
n01846331_12821-6,duck,A photo of a duck,0.3776874542236328,0.37779417634010315
n01846331_1289-2,duck,A photo of a duck,0.40808701515197754,0.4087313413619995
n01846331_1289-7,duck,A photo of a duck,0.40808701515197754,0.4087313413619995
n01846331_12924-4,duck,A photo of a duck,0.40808701515197754,0.4087313413619995
n01846331_1385-6,duck,A photo of a duck,0.40808701515197754,0.4087313413619995
n01846331_13905-3,duck,A photo of a duck,0.40808701515197754,0.4087313413619995
n01846331_13905-4,duck,A photo of a duck,0.40808701515197754,0.4087313413619995
n01846331_13972-1,duck,A photo of a duck,0.40808701515197754,0.4087313413619995
n01846331_13972-3,duck,A photo of a duck,0.40808701515197754,0.4087313413619995
n01846331_13972-4,duck,A photo of a duck,0.39650222659111023,0.3961793780326843
n01846331_13972-5,duck,A photo of a duck,0.39650222659111023,0.3961793780326843
n01846331_13972-6,duck,A photo of a duck,0.39650222659111023,0.3961793780326843
n01846331_13988-4,duck,A photo of a duck,0.39650222659111023,0.3961793780326843
n01846331_14161-7,duck,A photo of a duck,0.39650222659111023,0.3961793780326843
n01846331_14231-6,duck,A photo of a duck,0.39650222659111023,0.3961793780326843
n01846331_14384-4,duck,A photo of a duck,0.39650222659111023,0.3961793780326843
n01846331_14442-2,duck,A photo of a duck,0.39650222659111023,0.3961793780326843
n01846331_14535-5,duck,A photo of a duck,0.41281425952911377,0.4200799763202667
n01846331_14810-1,duck,A photo of a duck,0.41281425952911377,0.4200799763202667
n01846331_14810-4,duck,A photo of a duck,0.41281425952911377,0.4200799763202667
n01846331_15273-1,duck,A photo of a duck,0.41281425952911377,0.4200799763202667
n01846331_15273-2,duck,A photo of a duck,0.41281425952911377,0.4200799763202667
n01846331_15616-1,duck,A photo of a duck,0.41281425952911377,0.4200799763202667
n01846331_1577-4,duck,A photo of a duck,0.41281425952911377,0.4200799763202667
n01846331_15900-4,duck,A photo of a duck,0.41281425952911377,0.4200799763202667
n01846331_15900-8,duck,A photo of a duck,0.42558982968330383,0.4249776303768158
n01846331_15952-3,duck,A photo of a duck,0.42558982968330383,0.4249776303768158
n01846331_15952-6,duck,A photo of a duck,0.42558982968330383,0.4249776303768158
n01846331_16017-4,duck,A photo of a duck,0.42558982968330383,0.4249776303768158
n01846331_16120-6,duck,A photo of a duck,0.42558982968330383,0.4249776303768158
n01846331_16182-1,duck,A photo of a duck,0.42558982968330383,0.4249776303768158
n01846331_16182-10,duck,A photo of a duck,0.42558982968330383,0.4249776303768158
n01846331_16182-3,duck,A photo of a duck,0.42558982968330383,0.4249776303768158
n01846331_16182-8,duck,A photo of a duck,0.385262131690979,0.3871374726295471
n01846331_16270-11,duck,A photo of a duck,0.385262131690979,0.3871374726295471
n01846331_16270-4,duck,A photo of a duck,0.385262131690979,0.3871374726295471
n01846331_16270-5,duck,A photo of a duck,0.385262131690979,0.3871374726295471
n01846331_16375-3,duck,A photo of a duck,0.385262131690979,0.3871374726295471
n01846331_16376-4,duck,A photo of a duck,0.385262131690979,0.3871374726295471
n01846331_16376-8,duck,A photo of a duck,0.385262131690979,0.3871374726295471
n01846331_16376-9,duck,A photo of a duck,0.385262131690979,0.3871374726295471
n01846331_16378-5,duck,A photo of a duck,0.38367462158203125,0.3849526047706604
n01846331_16378-7,duck,A photo of a duck,0.38367462158203125,0.3849526047706604
n01846331_16412-2,duck,A photo of a duck,0.38367462158203125,0.3849526047706604
n01846331_16486-1,duck,A photo of a duck,0.38367462158203125,0.3849526047706604
n01846331_16486-4,duck,A photo of a duck,0.38367462158203125,0.3849526047706604
n01846331_16486-5,duck,A photo of a duck,0.38367462158203125,0.3849526047706604
n01846331_16524-7,duck,A photo of a duck,0.38367462158203125,0.3849526047706604
n01846331_17154-5,duck,A photo of a duck,0.38367462158203125,0.3849526047706604
n01846331_17472-4,duck,A photo of a duck,0.38958972692489624,0.3906780481338501
n01846331_1753-7,duck,A photo of a duck,0.38958972692489624,0.3906780481338501
n01846331_1786-1,duck,A photo of a duck,0.38958972692489624,0.3906780481338501
n01846331_1786-2,duck,A photo of a duck,0.38958972692489624,0.3906780481338501
n01846331_17965-2,duck,A photo of a duck,0.38958972692489624,0.3906780481338501
n01846331_17965-4,duck,A photo of a duck,0.38958972692489624,0.3906780481338501
n01846331_17965-6,duck,A photo of a duck,0.38958972692489624,0.3906780481338501
n01846331_2395-5,duck,A photo of a duck,0.38958972692489624,0.3906780481338501
n01846331_2629-4,duck,A photo of a duck,0.39237645268440247,0.3935726284980774
n01846331_2629-5,duck,A photo of a duck,0.39237645268440247,0.3935726284980774
n01846331_2629-7,duck,A photo of a duck,0.39237645268440247,0.3935726284980774
n01846331_2629-8,duck,A photo of a duck,0.39237645268440247,0.3935726284980774
n01846331_2676-11,duck,A photo of a duck,0.39237645268440247,0.3935726284980774
n01846331_2676-3,duck,A photo of a duck,0.39237645268440247,0.3935726284980774
n01846331_2994-2,duck,A photo of a duck,0.39237645268440247,0.3935726284980774
n01846331_2994-4,duck,A photo of a duck,0.39237645268440247,0.3935726284980774
n01846331_3530-4,duck,A photo of a duck,0.384624183177948,0.3838270902633667
n01846331_3530-7,duck,A photo of a duck,0.384624183177948,0.3838270902633667
n01846331_3530-8,duck,A photo of a duck,0.384624183177948,0.3838270902633667
n01846331_4392-1,duck,A photo of a duck,0.384624183177948,0.3838270902633667
n01846331_4392-5,duck,A photo of a duck,0.384624183177948,0.3838270902633667
n01846331_4392-6,duck,A photo of a duck,0.384624183177948,0.3838270902633667
n01846331_4812-6,duck,A photo of a duck,0.384624183177948,0.3838270902633667
n01846331_501-6,duck,A photo of a duck,0.384624183177948,0.3838270902633667
n01846331_5391-3,duck,A photo of a duck,0.40392494201660156,0.40400800108909607
n01846331_5391-4,duck,A photo of a duck,0.40392494201660156,0.40400800108909607
n01846331_5441-1,duck,A photo of a duck,0.40392494201660156,0.40400800108909607
n01846331_5441-4,duck,A photo of a duck,0.40392494201660156,0.40400800108909607
n01846331_5587-5,duck,A photo of a duck,0.40392494201660156,0.40400800108909607
n01846331_5662-3,duck,A photo of a duck,0.40392494201660156,0.40400800108909607
n01846331_5662-4,duck,A photo of a duck,0.40392494201660156,0.40400800108909607
n01846331_5951-3,duck,A photo of a duck,0.40392494201660156,0.40400800108909607
n01846331_6072-5,duck,A photo of a duck,0.40218386054039,0.4067569673061371
n01846331_6199-9,duck,A photo of a duck,0.40218386054039,0.4067569673061371
n01846331_649-4,duck,A photo of a duck,0.40218386054039,0.4067569673061371
n01846331_649-5,duck,A photo of a duck,0.40218386054039,0.4067569673061371
n01846331_6615-1,duck,A photo of a duck,0.40218386054039,0.4067569673061371
n01846331_6615-5,duck,A photo of a duck,0.40218386054039,0.4067569673061371
n01846331_7001-9,duck,A photo of a duck,0.40218386054039,0.4067569673061371
n01846331_7092-3,duck,A photo of a duck,0.40218386054039,0.4067569673061371
n01846331_7092-4,duck,A photo of a duck,0.38996225595474243,0.39203599095344543
n01846331_7092-5,duck,A photo of a duck,0.38996225595474243,0.39203599095344543
n01846331_7092-6,duck,A photo of a duck,0.38996225595474243,0.39203599095344543
n01846331_7292-2,duck,A photo of a duck,0.38996225595474243,0.39203599095344543
n01846331_7292-3,duck,A photo of a duck,0.38996225595474243,0.39203599095344543
n01846331_7759-6,duck,A photo of a duck,0.38996225595474243,0.39203599095344543
n01846331_7952-4,duck,A photo of a duck,0.38996225595474243,0.39203599095344543
n01846331_7965-6,duck,A photo of a duck,0.38996225595474243,0.39203599095344543
n01846331_7965-7,duck,A photo of a duck,0.3924390375614166,0.395368754863739
n01846331_8038-1,duck,A photo of a duck,0.3924390375614166,0.395368754863739
n01846331_8038-3,duck,A photo of a duck,0.3924390375614166,0.395368754863739
n01846331_8038-4,duck,A photo of a duck,0.3924390375614166,0.395368754863739
n01846331_8038-9,duck,A photo of a duck,0.3924390375614166,0.395368754863739
n01846331_8240-5,duck,A photo of a duck,0.3924390375614166,0.395368754863739
n01846331_8268-4,duck,A photo of a duck,0.3924390375614166,0.395368754863739
n01846331_8268-6,duck,A photo of a duck,0.3924390375614166,0.395368754863739
n01846331_8268-7,duck,A photo of a duck,0.4143795073032379,0.4147946536540985
n01846331_8545-4,duck,A photo of a duck,0.4143795073032379,0.4147946536540985
n01846331_8545-7,duck,A photo of a duck,0.4143795073032379,0.4147946536540985
n01846331_8650-4,duck,A photo of a duck,0.4143795073032379,0.4147946536540985
n01846331_8938-1,duck,A photo of a duck,0.4143795073032379,0.4147946536540985
n01846331_8946-1,duck,A photo of a duck,0.4143795073032379,0.4147946536540985
n01846331_9095-1,duck,A photo of a duck,0.4143795073032379,0.4147946536540985
n01846331_9747-1,duck,A photo of a duck,0.4143795073032379,0.4147946536540985
n02503517_10036-8,elephant,A photo of a elephant,0.32411274313926697,0.3186558485031128
n02503517_10075-4,elephant,A photo of a elephant,0.32411274313926697,0.3186558485031128
n02503517_10193-3,elephant,A photo of a elephant,0.32411274313926697,0.3186558485031128
n02503517_10259-1,elephant,A photo of a elephant,0.32411274313926697,0.3186558485031128
n02503517_10275-5,elephant,A photo of a elephant,0.32411274313926697,0.3186558485031128
n02503517_10300-2,elephant,A photo of a elephant,0.32411274313926697,0.3186558485031128
n02503517_10300-4,elephant,A photo of a elephant,0.32411274313926697,0.3186558485031128
n02503517_10439-3,elephant,A photo of a elephant,0.32411274313926697,0.3186558485031128
n02503517_10439-6,elephant,A photo of a elephant,0.34654414653778076,0.3421061038970947
n02503517_10440-1,elephant,A photo of a elephant,0.34654414653778076,0.3421061038970947
n02503517_10528-3,elephant,A photo of a elephant,0.34654414653778076,0.3421061038970947
n02503517_11873-4,elephant,A photo of a elephant,0.34654414653778076,0.3421061038970947
n02503517_11873-6,elephant,A photo of a elephant,0.34654414653778076,0.3421061038970947
n02503517_12688-4,elephant,A photo of a elephant,0.34654414653778076,0.3421061038970947
n02503517_1292-2,elephant,A photo of a elephant,0.34654414653778076,0.3421061038970947
n02503517_1292-3,elephant,A photo of a elephant,0.34654414653778076,0.3421061038970947
n02503517_1292-5,elephant,A photo of a elephant,0.3633650541305542,0.36109036207199097
n02503517_1292-7,elephant,A photo of a elephant,0.3633650541305542,0.36109036207199097
n02503517_1359-1,elephant,A photo of a elephant,0.3633650541305542,0.36109036207199097
n02503517_1359-5,elephant,A photo of a elephant,0.3633650541305542,0.36109036207199097
n02503517_1453-5,elephant,A photo of a elephant,0.3633650541305542,0.36109036207199097
n02503517_1583-5,elephant,A photo of a elephant,0.3633650541305542,0.36109036207199097
n02503517_1829-2,elephant,A photo of a elephant,0.3633650541305542,0.36109036207199097
n02503517_1829-4,elephant,A photo of a elephant,0.3633650541305542,0.36109036207199097
n02503517_1852-3,elephant,A photo of a elephant,0.32109853625297546,0.3184488117694855
n02503517_194-1,elephant,A photo of a elephant,0.32109853625297546,0.3184488117694855
n02503517_1984-1,elephant,A photo of a elephant,0.32109853625297546,0.3184488117694855
n02503517_2444-2,elephant,A photo of a elephant,0.32109853625297546,0.3184488117694855
n02503517_2444-3,elephant,A photo of a elephant,0.32109853625297546,0.3184488117694855
n02503517_2547-9,elephant,A photo of a elephant,0.32109853625297546,0.3184488117694855
n02503517_2802-2,elephant,A photo of a elephant,0.32109853625297546,0.3184488117694855
n02503517_2925-2,elephant,A photo of a elephant,0.32109853625297546,0.3184488117694855
n02503517_2925-5,elephant,A photo of a elephant,0.3473166227340698,0.34323471784591675
n02503517_2993-10,elephant,A photo of a elephant,0.3473166227340698,0.34323471784591675
n02503517_2993-5,elephant,A photo of a elephant,0.3473166227340698,0.34323471784591675
n02503517_3037-5,elephant,A photo of a elephant,0.3473166227340698,0.34323471784591675
n02503517_3037-7,elephant,A photo of a elephant,0.3473166227340698,0.34323471784591675
n02503517_3108-5,elephant,A photo of a elephant,0.3473166227340698,0.34323471784591675
n02503517_3803-3,elephant,A photo of a elephant,0.3473166227340698,0.34323471784591675
n02503517_3803-5,elephant,A photo of a elephant,0.3473166227340698,0.34323471784591675
n02503517_3803-6,elephant,A photo of a elephant,0.35074305534362793,0.34832116961479187
n02503517_3808-10,elephant,A photo of a elephant,0.35074305534362793,0.34832116961479187
n02503517_3808-3,elephant,A photo of a elephant,0.35074305534362793,0.34832116961479187
n02503517_3879-1,elephant,A photo of a elephant,0.35074305534362793,0.34832116961479187
n02503517_3879-5,elephant,A photo of a elephant,0.35074305534362793,0.34832116961479187
n02503517_4221-3,elephant,A photo of a elephant,0.35074305534362793,0.34832116961479187
n02503517_4247-1,elephant,A photo of a elephant,0.35074305534362793,0.34832116961479187
n02503517_4253-2,elephant,A photo of a elephant,0.35074305534362793,0.34832116961479187
n02503517_4413-6,elephant,A photo of a elephant,0.3557756841182709,0.3581922650337219
n02503517_4687-1,elephant,A photo of a elephant,0.3557756841182709,0.3581922650337219
n02503517_4687-3,elephant,A photo of a elephant,0.3557756841182709,0.3581922650337219
n02503517_4687-4,elephant,A photo of a elephant,0.3557756841182709,0.3581922650337219
n02503517_5117-4,elephant,A photo of a elephant,0.3557756841182709,0.3581922650337219
n02503517_5267-3,elephant,A photo of a elephant,0.3557756841182709,0.3581922650337219
n02503517_5267-4,elephant,A photo of a elephant,0.3557756841182709,0.3581922650337219
n02503517_5287-3,elephant,A photo of a elephant,0.3557756841182709,0.3581922650337219
n02503517_5418-3,elephant,A photo of a elephant,0.355485200881958,0.3522782027721405
n02503517_5418-4,elephant,A photo of a elephant,0.355485200881958,0.3522782027721405
n02503517_5418-5,elephant,A photo of a elephant,0.355485200881958,0.3522782027721405
n02503517_564-3,elephant,A photo of a elephant,0.355485200881958,0.3522782027721405
n02503517_5892-1,elephant,A photo of a elephant,0.355485200881958,0.3522782027721405
n02503517_5892-4,elephant,A photo of a elephant,0.355485200881958,0.3522782027721405
n02503517_5892-5,elephant,A photo of a elephant,0.355485200881958,0.3522782027721405
n02503517_5905-6,elephant,A photo of a elephant,0.355485200881958,0.3522782027721405
n02503517_5905-8,elephant,A photo of a elephant,0.35544395446777344,0.35456007719039917
n02503517_5909-3,elephant,A photo of a elephant,0.35544395446777344,0.35456007719039917
n02503517_5909-5,elephant,A photo of a elephant,0.35544395446777344,0.35456007719039917
n02503517_6032-6,elephant,A photo of a elephant,0.35544395446777344,0.35456007719039917
n02503517_6043-2,elephant,A photo of a elephant,0.35544395446777344,0.35456007719039917
n02503517_6232-2,elephant,A photo of a elephant,0.35544395446777344,0.35456007719039917
n02503517_6396-2,elephant,A photo of a elephant,0.35544395446777344,0.35456007719039917
n02503517_6511-1,elephant,A photo of a elephant,0.35544395446777344,0.35456007719039917
n02503517_6511-5,elephant,A photo of a elephant,0.3553273677825928,0.3551989793777466
n02503517_6613-2,elephant,A photo of a elephant,0.3553273677825928,0.3551989793777466
n02503517_6661-5,elephant,A photo of a elephant,0.3553273677825928,0.3551989793777466
n02503517_6784-1,elephant,A photo of a elephant,0.3553273677825928,0.3551989793777466
n02503517_7173-3,elephant,A photo of a elephant,0.3553273677825928,0.3551989793777466
n02503517_753-4,elephant,A photo of a elephant,0.3553273677825928,0.3551989793777466
n02503517_7592-6,elephant,A photo of a elephant,0.3553273677825928,0.3551989793777466
n02503517_792-3,elephant,A photo of a elephant,0.3553273677825928,0.3551989793777466
n02503517_8222-4,elephant,A photo of a elephant,0.35790032148361206,0.35711729526519775
n02503517_8265-1,elephant,A photo of a elephant,0.35790032148361206,0.35711729526519775
n02503517_8292-1,elephant,A photo of a elephant,0.35790032148361206,0.35711729526519775
n02503517_8518-1,elephant,A photo of a elephant,0.35790032148361206,0.35711729526519775
n02503517_8571-4,elephant,A photo of a elephant,0.35790032148361206,0.35711729526519775
n02503517_86-1,elephant,A photo of a elephant,0.35790032148361206,0.35711729526519775
n02503517_86-3,elephant,A photo of a elephant,0.35790032148361206,0.35711729526519775
n02503517_86-6,elephant,A photo of a elephant,0.35790032148361206,0.35711729526519775
n02503517_8757-6,elephant,A photo of a elephant,0.35708382725715637,0.3536091446876526
n02503517_8901-4,elephant,A photo of a elephant,0.35708382725715637,0.3536091446876526
n02503517_8901-7,elephant,A photo of a elephant,0.35708382725715637,0.3536091446876526
n02503517_8904-3,elephant,A photo of a elephant,0.35708382725715637,0.3536091446876526
n02503517_8904-6,elephant,A photo of a elephant,0.35708382725715637,0.3536091446876526
n02503517_8938-2,elephant,A photo of a elephant,0.35708382725715637,0.3536091446876526
n02503517_9043-6,elephant,A photo of a elephant,0.35708382725715637,0.3536091446876526
n02503517_9237-6,elephant,A photo of a elephant,0.35708382725715637,0.3536091446876526
n02503517_9237-7,elephant,A photo of a elephant,0.33487340807914734,0.3316193222999573
n02503517_9241-2,elephant,A photo of a elephant,0.33487340807914734,0.3316193222999573
n02503517_9241-3,elephant,A photo of a elephant,0.33487340807914734,0.3316193222999573
n02503517_9241-4,elephant,A photo of a elephant,0.33487340807914734,0.3316193222999573
n02503517_9241-5,elephant,A photo of a elephant,0.33487340807914734,0.3316193222999573
n02503517_9421-6,elephant,A photo of a elephant,0.33487340807914734,0.3316193222999573
n04272054_10772-6,eyeglasses,A photo of a eyeglasses,0.33487340807914734,0.3316193222999573
n04272054_10877-1,eyeglasses,A photo of a eyeglasses,0.33487340807914734,0.3316193222999573
n04272054_10877-2,eyeglasses,A photo of a eyeglasses,0.406125545501709,0.406623512506485
n04272054_12751-4,eyeglasses,A photo of a eyeglasses,0.406125545501709,0.406623512506485
n04272054_13085-3,eyeglasses,A photo of a eyeglasses,0.406125545501709,0.406623512506485
n04272054_13921-3,eyeglasses,A photo of a eyeglasses,0.406125545501709,0.406623512506485
n04272054_14771-5,eyeglasses,A photo of a eyeglasses,0.406125545501709,0.406623512506485
n04272054_16293-3,eyeglasses,A photo of a eyeglasses,0.406125545501709,0.406623512506485
n04272054_16967-3,eyeglasses,A photo of a eyeglasses,0.406125545501709,0.406623512506485
n04272054_16967-5,eyeglasses,A photo of a eyeglasses,0.406125545501709,0.406623512506485
n04272054_17451-3,eyeglasses,A photo of a eyeglasses,0.4279378652572632,0.4288579225540161
n04272054_17451-5,eyeglasses,A photo of a eyeglasses,0.4279378652572632,0.4288579225540161
n04272054_17582-2,eyeglasses,A photo of a eyeglasses,0.4279378652572632,0.4288579225540161
n04272054_17582-3,eyeglasses,A photo of a eyeglasses,0.4279378652572632,0.4288579225540161
n04272054_32074-1,eyeglasses,A photo of a eyeglasses,0.4279378652572632,0.4288579225540161
n04272054_33553-3,eyeglasses,A photo of a eyeglasses,0.4279378652572632,0.4288579225540161
n04272054_33553-5,eyeglasses,A photo of a eyeglasses,0.4279378652572632,0.4288579225540161
n04272054_3524-3,eyeglasses,A photo of a eyeglasses,0.4279378652572632,0.4288579225540161
n04272054_373-2,eyeglasses,A photo of a eyeglasses,0.3930678069591522,0.3952309787273407
n04272054_373-3,eyeglasses,A photo of a eyeglasses,0.3930678069591522,0.3952309787273407
n04272054_373-4,eyeglasses,A photo of a eyeglasses,0.3930678069591522,0.3952309787273407
n04272054_373-5,eyeglasses,A photo of a eyeglasses,0.3930678069591522,0.3952309787273407
n04272054_3940-5,eyeglasses,A photo of a eyeglasses,0.3930678069591522,0.3952309787273407
n04272054_54518-3,eyeglasses,A photo of a eyeglasses,0.3930678069591522,0.3952309787273407
n04272054_5548-2,eyeglasses,A photo of a eyeglasses,0.3930678069591522,0.3952309787273407
n04272054_5548-4,eyeglasses,A photo of a eyeglasses,0.3930678069591522,0.3952309787273407
n04272054_6470-3,eyeglasses,A photo of a eyeglasses,0.372204452753067,0.3743751049041748
n04272054_6470-5,eyeglasses,A photo of a eyeglasses,0.372204452753067,0.3743751049041748
n04272054_769-4,eyeglasses,A photo of a eyeglasses,0.372204452753067,0.3743751049041748
n04356056_1056-3,eyeglasses,A photo of a eyeglasses,0.372204452753067,0.3743751049041748
n04356056_1056-4,eyeglasses,A photo of a eyeglasses,0.372204452753067,0.3743751049041748
n04356056_1083-6,eyeglasses,A photo of a eyeglasses,0.372204452753067,0.3743751049041748
n04356056_13292-4,eyeglasses,A photo of a eyeglasses,0.372204452753067,0.3743751049041748
n04356056_2192-4,eyeglasses,A photo of a eyeglasses,0.372204452753067,0.3743751049041748
n04356056_2406-5,eyeglasses,A photo of a eyeglasses,0.373224139213562,0.3758232891559601
n04356056_2509-1,eyeglasses,A photo of a eyeglasses,0.373224139213562,0.3758232891559601
n04356056_2753-4,eyeglasses,A photo of a eyeglasses,0.373224139213562,0.3758232891559601
n04356056_3037-1,eyeglasses,A photo of a eyeglasses,0.373224139213562,0.3758232891559601
n04356056_3037-2,eyeglasses,A photo of a eyeglasses,0.373224139213562,0.3758232891559601
n04356056_31136-2,eyeglasses,A photo of a eyeglasses,0.373224139213562,0.3758232891559601
n04356056_3372-1,eyeglasses,A photo of a eyeglasses,0.373224139213562,0.3758232891559601
n04356056_3372-2,eyeglasses,A photo of a eyeglasses,0.373224139213562,0.3758232891559601
n04356056_3372-5,eyeglasses,A photo of a eyeglasses,0.37258180975914,0.374447226524353
n04356056_3372-7,eyeglasses,A photo of a eyeglasses,0.37258180975914,0.374447226524353
n04356056_3589-2,eyeglasses,A photo of a eyeglasses,0.37258180975914,0.374447226524353
n04356056_4289-1,eyeglasses,A photo of a eyeglasses,0.37258180975914,0.374447226524353
n04356056_4289-7,eyeglasses,A photo of a eyeglasses,0.37258180975914,0.374447226524353
n04356056_4867-4,eyeglasses,A photo of a eyeglasses,0.37258180975914,0.374447226524353
n04356056_5025-1,eyeglasses,A photo of a eyeglasses,0.37258180975914,0.374447226524353
n04356056_5025-5,eyeglasses,A photo of a eyeglasses,0.37258180975914,0.374447226524353
n04356056_5120-5,eyeglasses,A photo of a eyeglasses,0.39572975039482117,0.3959972858428955
n04356056_514-2,eyeglasses,A photo of a eyeglasses,0.39572975039482117,0.3959972858428955
n04356056_5147-2,eyeglasses,A photo of a eyeglasses,0.39572975039482117,0.3959972858428955
n04356056_5337-3,eyeglasses,A photo of a eyeglasses,0.39572975039482117,0.3959972858428955
n04356056_5534-5,eyeglasses,A photo of a eyeglasses,0.39572975039482117,0.3959972858428955
n04356056_5808-3,eyeglasses,A photo of a eyeglasses,0.39572975039482117,0.3959972858428955
n04356056_6298-4,eyeglasses,A photo of a eyeglasses,0.39572975039482117,0.3959972858428955
n04356056_6436-1,eyeglasses,A photo of a eyeglasses,0.39572975039482117,0.3959972858428955
n04356056_6436-3,eyeglasses,A photo of a eyeglasses,0.3424704074859619,0.34108811616897583
n04356056_6436-4,eyeglasses,A photo of a eyeglasses,0.3424704074859619,0.34108811616897583
n04356056_6454-1,eyeglasses,A photo of a eyeglasses,0.3424704074859619,0.34108811616897583
n04356056_6454-4,eyeglasses,A photo of a eyeglasses,0.3424704074859619,0.34108811616897583
n04356056_6508-3,eyeglasses,A photo of a eyeglasses,0.3424704074859619,0.34108811616897583
n04356056_7516-4,eyeglasses,A photo of a eyeglasses,0.3424704074859619,0.34108811616897583
n04356056_7594-1,eyeglasses,A photo of a eyeglasses,0.3424704074859619,0.34108811616897583
n04356056_7594-2,eyeglasses,A photo of a eyeglasses,0.3424704074859619,0.34108811616897583
n04356056_7594-5,eyeglasses,A photo of a eyeglasses,0.39413216710090637,0.3954598009586334
n04356056_8044-6,eyeglasses,A photo of a eyeglasses,0.39413216710090637,0.3954598009586334
n04356056_8675-4,eyeglasses,A photo of a eyeglasses,0.39413216710090637,0.3954598009586334
n04356056_8675-6,eyeglasses,A photo of a eyeglasses,0.39413216710090637,0.3954598009586334
n04356056_883-3,eyeglasses,A photo of a eyeglasses,0.39413216710090637,0.3954598009586334
n04356056_9055-3,eyeglasses,A photo of a eyeglasses,0.39413216710090637,0.3954598009586334
n04356056_9413-2,eyeglasses,A photo of a eyeglasses,0.39413216710090637,0.3954598009586334
n04356056_9556-4,eyeglasses,A photo of a eyeglasses,0.39413216710090637,0.3954598009586334
n04356056_9556-5,eyeglasses,A photo of a eyeglasses,0.3785984218120575,0.3797997236251831
n03271574_10041-1,fan,A photo of a fan,0.3785984218120575,0.3797997236251831
n03271574_10041-2,fan,A photo of a fan,0.3785984218120575,0.3797997236251831
n03271574_11432-4,fan,A photo of a fan,0.3785984218120575,0.3797997236251831
n03271574_11644-1,fan,A photo of a fan,0.3785984218120575,0.3797997236251831
n03271574_11691-6,fan,A photo of a fan,0.3785984218120575,0.3797997236251831
n03271574_118-1,fan,A photo of a fan,0.3785984218120575,0.3797997236251831
n03271574_118-2,fan,A photo of a fan,0.3785984218120575,0.3797997236251831
n03271574_11916-2,fan,A photo of a fan,0.32487648725509644,0.32486802339553833
n03271574_11916-3,fan,A photo of a fan,0.32487648725509644,0.32486802339553833
n03271574_11934-3,fan,A photo of a fan,0.32487648725509644,0.32486802339553833
n03271574_12669-1,fan,A photo of a fan,0.32487648725509644,0.32486802339553833
n03271574_12669-2,fan,A photo of a fan,0.32487648725509644,0.32486802339553833
n03271574_12669-3,fan,A photo of a fan,0.32487648725509644,0.32486802339553833
n03271574_12669-4,fan,A photo of a fan,0.32487648725509644,0.32486802339553833
n03271574_12669-5,fan,A photo of a fan,0.32487648725509644,0.32486802339553833
n03271574_12689-6,fan,A photo of a fan,0.3449294865131378,0.34430956840515137
n03271574_13372-2,fan,A photo of a fan,0.3449294865131378,0.34430956840515137
n03271574_13837-4,fan,A photo of a fan,0.3449294865131378,0.34430956840515137
n03271574_13837-6,fan,A photo of a fan,0.3449294865131378,0.34430956840515137
n03271574_14023-3,fan,A photo of a fan,0.3449294865131378,0.34430956840515137
n03271574_14023-5,fan,A photo of a fan,0.3449294865131378,0.34430956840515137
n03271574_14045-6,fan,A photo of a fan,0.3449294865131378,0.34430956840515137
n03271574_14700-2,fan,A photo of a fan,0.3449294865131378,0.34430956840515137
n03271574_1484-3,fan,A photo of a fan,0.392069011926651,0.3962419629096985
n03271574_15124-3,fan,A photo of a fan,0.392069011926651,0.3962419629096985
n03271574_15662-1,fan,A photo of a fan,0.392069011926651,0.3962419629096985
n03271574_15823-5,fan,A photo of a fan,0.392069011926651,0.3962419629096985
n03271574_16047-1,fan,A photo of a fan,0.392069011926651,0.3962419629096985
n03271574_16047-3,fan,A photo of a fan,0.392069011926651,0.3962419629096985
n03271574_18340-4,fan,A photo of a fan,0.392069011926651,0.3962419629096985
n03271574_21512-5,fan,A photo of a fan,0.392069011926651,0.3962419629096985
n03271574_21861-2,fan,A photo of a fan,0.3365402817726135,0.33773159980773926
n03271574_22990-2,fan,A photo of a fan,0.3365402817726135,0.33773159980773926
n03271574_22990-5,fan,A photo of a fan,0.3365402817726135,0.33773159980773926
n03271574_23461-3,fan,A photo of a fan,0.3365402817726135,0.33773159980773926
n03271574_23877-2,fan,A photo of a fan,0.3365402817726135,0.33773159980773926
n03271574_23877-4,fan,A photo of a fan,0.3365402817726135,0.33773159980773926
n03271574_24294-5,fan,A photo of a fan,0.3365402817726135,0.33773159980773926
n03271574_24536-2,fan,A photo of a fan,0.3365402817726135,0.33773159980773926
n03271574_24536-5,fan,A photo of a fan,0.3615695834159851,0.3613613247871399
n03271574_24765-2,fan,A photo of a fan,0.3615695834159851,0.3613613247871399
n03271574_24765-5,fan,A photo of a fan,0.3615695834159851,0.3613613247871399
n03271574_24963-1,fan,A photo of a fan,0.3615695834159851,0.3613613247871399
n03271574_24963-4,fan,A photo of a fan,0.3615695834159851,0.3613613247871399
n03271574_24980-2,fan,A photo of a fan,0.3615695834159851,0.3613613247871399
n03271574_2512-5,fan,A photo of a fan,0.3615695834159851,0.3613613247871399
n03271574_25974-1,fan,A photo of a fan,0.3615695834159851,0.3613613247871399
n03271574_25974-5,fan,A photo of a fan,0.36644411087036133,0.3692674934864044
n03271574_26340-4,fan,A photo of a fan,0.36644411087036133,0.3692674934864044
n03271574_26340-5,fan,A photo of a fan,0.36644411087036133,0.3692674934864044
n03271574_26384-3,fan,A photo of a fan,0.36644411087036133,0.3692674934864044
n03271574_26384-5,fan,A photo of a fan,0.36644411087036133,0.3692674934864044
n03271574_27194-1,fan,A photo of a fan,0.36644411087036133,0.3692674934864044
n03271574_27194-5,fan,A photo of a fan,0.36644411087036133,0.3692674934864044
n03271574_27393-1,fan,A photo of a fan,0.36644411087036133,0.3692674934864044
n03271574_27393-5,fan,A photo of a fan,0.34779730439186096,0.34919673204421997
n03271574_2764-3,fan,A photo of a fan,0.34779730439186096,0.34919673204421997
n03271574_27897-3,fan,A photo of a fan,0.34779730439186096,0.34919673204421997
n03271574_2814-1,fan,A photo of a fan,0.34779730439186096,0.34919673204421997
n03271574_3369-2,fan,A photo of a fan,0.34779730439186096,0.34919673204421997
n03271574_3853-1,fan,A photo of a fan,0.34779730439186096,0.34919673204421997
n03271574_4061-1,fan,A photo of a fan,0.34779730439186096,0.34919673204421997
n03271574_4061-2,fan,A photo of a fan,0.34779730439186096,0.34919673204421997
n03271574_418-4,fan,A photo of a fan,0.379686176776886,0.3791852295398712
n03271574_4483-4,fan,A photo of a fan,0.379686176776886,0.3791852295398712
n03271574_4483-5,fan,A photo of a fan,0.379686176776886,0.3791852295398712
n03271574_4558-5,fan,A photo of a fan,0.379686176776886,0.3791852295398712
n03271574_4803-2,fan,A photo of a fan,0.379686176776886,0.3791852295398712
n03271574_4803-5,fan,A photo of a fan,0.379686176776886,0.3791852295398712
n03271574_4932-2,fan,A photo of a fan,0.379686176776886,0.3791852295398712
n03271574_4932-5,fan,A photo of a fan,0.379686176776886,0.3791852295398712
n03271574_5173-1,fan,A photo of a fan,0.37372609972953796,0.37396395206451416
n03271574_5174-4,fan,A photo of a fan,0.37372609972953796,0.37396395206451416
n03271574_5403-2,fan,A photo of a fan,0.37372609972953796,0.37396395206451416
n03271574_5403-3,fan,A photo of a fan,0.37372609972953796,0.37396395206451416
n03271574_5702-1,fan,A photo of a fan,0.37372609972953796,0.37396395206451416
n03271574_5702-3,fan,A photo of a fan,0.37372609972953796,0.37396395206451416
n03271574_5730-1,fan,A photo of a fan,0.37372609972953796,0.37396395206451416
n03271574_5730-5,fan,A photo of a fan,0.37372609972953796,0.37396395206451416
n03271574_617-3,fan,A photo of a fan,0.3331497013568878,0.3306068480014801
n03271574_6304-2,fan,A photo of a fan,0.3331497013568878,0.3306068480014801
n03271574_6304-5,fan,A photo of a fan,0.3331497013568878,0.3306068480014801
n03271574_6313-5,fan,A photo of a fan,0.3331497013568878,0.3306068480014801
n03271574_6608-5,fan,A photo of a fan,0.3331497013568878,0.3306068480014801
n03271574_6713-6,fan,A photo of a fan,0.3331497013568878,0.3306068480014801
n03271574_7435-4,fan,A photo of a fan,0.3331497013568878,0.3306068480014801
n03271574_7629-2,fan,A photo of a fan,0.3331497013568878,0.3306068480014801
n03271574_7889-2,fan,A photo of a fan,0.3890395164489746,0.3892165422439575
n03271574_7947-1,fan,A photo of a fan,0.3890395164489746,0.3892165422439575
n03271574_8695-3,fan,A photo of a fan,0.3890395164489746,0.3892165422439575
n03271574_8961-4,fan,A photo of a fan,0.3890395164489746,0.3892165422439575
n03271574_903-2,fan,A photo of a fan,0.3890395164489746,0.3892165422439575
n03271574_9298-2,fan,A photo of a fan,0.3890395164489746,0.3892165422439575
n03271574_9298-4,fan,A photo of a fan,0.3890395164489746,0.3892165422439575
n03271574_9355-3,fan,A photo of a fan,0.3890395164489746,0.3892165422439575
n03271574_9446-2,fan,A photo of a fan,0.3974302113056183,0.3986896276473999
n03271574_9446-3,fan,A photo of a fan,0.3974302113056183,0.3986896276473999
n03271574_9446-4,fan,A photo of a fan,0.3974302113056183,0.3986896276473999
n03271574_9842-1,fan,A photo of a fan,0.3974302113056183,0.3986896276473999
n03271574_9842-2,fan,A photo of a fan,0.3974302113056183,0.3986896276473999
n01440764_2043-2,fish,A photo of a fish,0.3974302113056183,0.3986896276473999
n01440764_2043-5,fish,A photo of a fish,0.3974302113056183,0.3986896276473999
n01447331_2001-5,fish,A photo of a fish,0.3974302113056183,0.3986896276473999
n02512053_13059-1,fish,A photo of a fish,0.4475243091583252,0.44753220677375793
n02512053_3950-5,fish,A photo of a fish,0.4475243091583252,0.44753220677375793
n02513560_1911-4,fish,A photo of a fish,0.4475243091583252,0.44753220677375793
n02513560_5604-4,fish,A photo of a fish,0.4475243091583252,0.44753220677375793
n02513560_5946-2,fish,A photo of a fish,0.4475243091583252,0.44753220677375793
n02514041_1715-3,fish,A photo of a fish,0.4475243091583252,0.44753220677375793
n02514041_5398-1,fish,A photo of a fish,0.4475243091583252,0.44753220677375793
n02537525_1180-1,fish,A photo of a fish,0.4475243091583252,0.44753220677375793
n02537525_1180-5,fish,A photo of a fish,0.43779224157333374,0.4397892951965332
n02537525_548-3,fish,A photo of a fish,0.43779224157333374,0.4397892951965332
n02542958_6642-2,fish,A photo of a fish,0.43779224157333374,0.4397892951965332
n02542958_6642-3,fish,A photo of a fish,0.43779224157333374,0.4397892951965332
n02564403_10517-6,fish,A photo of a fish,0.43779224157333374,0.4397892951965332
n02564403_864-5,fish,A photo of a fish,0.43779224157333374,0.4397892951965332
n02567633_3552-2,fish,A photo of a fish,0.43779224157333374,0.4397892951965332
n02567633_3552-5,fish,A photo of a fish,0.43779224157333374,0.4397892951965332
n02567633_4761-2,fish,A photo of a fish,0.361537367105484,0.3639748990535736
n02567633_6593-5,fish,A photo of a fish,0.361537367105484,0.3639748990535736
n02605316_1663-2,fish,A photo of a fish,0.361537367105484,0.3639748990535736
n02605316_1736-4,fish,A photo of a fish,0.361537367105484,0.3639748990535736
n02605316_1964-1,fish,A photo of a fish,0.361537367105484,0.3639748990535736
n02605316_1968-5,fish,A photo of a fish,0.361537367105484,0.3639748990535736
n02605316_2350-3,fish,A photo of a fish,0.361537367105484,0.3639748990535736
n02605316_2404-2,fish,A photo of a fish,0.361537367105484,0.3639748990535736
n02605316_3170-1,fish,A photo of a fish,0.34580594301223755,0.34574005007743835
n02605316_3754-3,fish,A photo of a fish,0.34580594301223755,0.34574005007743835
n02605316_499-5,fish,A photo of a fish,0.34580594301223755,0.34574005007743835
n02605316_5120-3,fish,A photo of a fish,0.34580594301223755,0.34574005007743835
n02605316_5214-1,fish,A photo of a fish,0.34580594301223755,0.34574005007743835
n02605316_5480-3,fish,A photo of a fish,0.34580594301223755,0.34574005007743835
n02605316_5480-4,fish,A photo of a fish,0.34580594301223755,0.34574005007743835
n02605316_6101-1,fish,A photo of a fish,0.34580594301223755,0.34574005007743835
n02605316_6101-5,fish,A photo of a fish,0.3499341607093811,0.3510384261608124
n02605316_6549-1,fish,A photo of a fish,0.3499341607093811,0.3510384261608124
n02605316_6837-3,fish,A photo of a fish,0.3499341607093811,0.3510384261608124
n02605316_6959-4,fish,A photo of a fish,0.3499341607093811,0.3510384261608124
n02605316_6959-5,fish,A photo of a fish,0.3499341607093811,0.3510384261608124
n02605316_777-1,fish,A photo of a fish,0.3499341607093811,0.3510384261608124
n02605316_989-3,fish,A photo of a fish,0.3499341607093811,0.3510384261608124
n02606052_1126-1,fish,A photo of a fish,0.3499341607093811,0.3510384261608124
n02606052_1379-1,fish,A photo of a fish,0.3464166224002838,0.34843572974205017
n02606052_2605-1,fish,A photo of a fish,0.3464166224002838,0.34843572974205017
n02606052_2605-4,fish,A photo of a fish,0.3464166224002838,0.34843572974205017
n02606052_346-5,fish,A photo of a fish,0.3464166224002838,0.34843572974205017
n02606052_4099-2,fish,A photo of a fish,0.3464166224002838,0.34843572974205017
n02606052_4099-5,fish,A photo of a fish,0.3464166224002838,0.34843572974205017
n02606052_4252-2,fish,A photo of a fish,0.3464166224002838,0.34843572974205017
n02606052_4252-4,fish,A photo of a fish,0.3464166224002838,0.34843572974205017
n02606052_5120-4,fish,A photo of a fish,0.3719959855079651,0.37375932931900024
n02607072_1446-2,fish,A photo of a fish,0.3719959855079651,0.37375932931900024
n02607072_1446-4,fish,A photo of a fish,0.3719959855079651,0.37375932931900024
n02607072_1585-3,fish,A photo of a fish,0.3719959855079651,0.37375932931900024
n02607072_1846-3,fish,A photo of a fish,0.3719959855079651,0.37375932931900024
n02607072_463-2,fish,A photo of a fish,0.3719959855079651,0.37375932931900024
n02607072_4784-5,fish,A photo of a fish,0.3719959855079651,0.37375932931900024
n02607072_4957-7,fish,A photo of a fish,0.3719959855079651,0.37375932931900024
n02607072_503-5,fish,A photo of a fish,0.39200347661972046,0.39412352442741394
n02607072_503-6,fish,A photo of a fish,0.39200347661972046,0.39412352442741394
n02607072_503-9,fish,A photo of a fish,0.39200347661972046,0.39412352442741394
n02607072_729-6,fish,A photo of a fish,0.39200347661972046,0.39412352442741394
n02607470_2565-2,fish,A photo of a fish,0.39200347661972046,0.39412352442741394
n02607470_5757-4,fish,A photo of a fish,0.39200347661972046,0.39412352442741394
n02607470_8421-3,fish,A photo of a fish,0.39200347661972046,0.39412352442741394
n02631628_358-1,fish,A photo of a fish,0.39200347661972046,0.39412352442741394
n02631628_358-3,fish,A photo of a fish,0.4292370080947876,0.4285140931606293
n02641379_8109-3,fish,A photo of a fish,0.4292370080947876,0.4285140931606293
n02643566_1192-2,fish,A photo of a fish,0.4292370080947876,0.4285140931606293
n02643566_1706-2,fish,A photo of a fish,0.4292370080947876,0.4285140931606293
n02643566_1706-6,fish,A photo of a fish,0.4292370080947876,0.4285140931606293
n02643566_1808-2,fish,A photo of a fish,0.4292370080947876,0.4285140931606293
n02643566_2380-3,fish,A photo of a fish,0.4292370080947876,0.4285140931606293
n02643566_671-5,fish,A photo of a fish,0.4292370080947876,0.4285140931606293
n02655020_12359-4,fish,A photo of a fish,0.4147464334964752,0.4167308211326599
n02655020_17738-3,fish,A photo of a fish,0.4147464334964752,0.4167308211326599
n02655020_17738-4,fish,A photo of a fish,0.4147464334964752,0.4167308211326599
n02655020_6995-2,fish,A photo of a fish,0.4147464334964752,0.4167308211326599
n02655020_6995-4,fish,A photo of a fish,0.4147464334964752,0.4167308211326599
n02655020_6995-7,fish,A photo of a fish,0.4147464334964752,0.4167308211326599
n11669921_15545-1,flower,A photo of a flower,0.4147464334964752,0.4167308211326599
n11669921_15798-4,flower,A photo of a flower,0.4147464334964752,0.4167308211326599
n11669921_16908-1,flower,A photo of a flower,0.41836294531822205,0.4169394373893738
n11669921_16908-3,flower,A photo of a flower,0.41836294531822205,0.4169394373893738
n11669921_20035-5,flower,A photo of a flower,0.41836294531822205,0.4169394373893738
n11669921_20376-2,flower,A photo of a flower,0.41836294531822205,0.4169394373893738
n11669921_20438-4,flower,A photo of a flower,0.41836294531822205,0.4169394373893738
n11669921_20817-2,flower,A photo of a flower,0.41836294531822205,0.4169394373893738
n11669921_22380-1,flower,A photo of a flower,0.41836294531822205,0.4169394373893738
n11669921_22380-4,flower,A photo of a flower,0.41836294531822205,0.4169394373893738
n11669921_22603-3,flower,A photo of a flower,0.38950201869010925,0.3911122977733612
n11669921_22753-2,flower,A photo of a flower,0.38950201869010925,0.3911122977733612
n11669921_22753-3,flower,A photo of a flower,0.38950201869010925,0.3911122977733612
n11669921_23083-2,flower,A photo of a flower,0.38950201869010925,0.3911122977733612
n11669921_24149-6,flower,A photo of a flower,0.38950201869010925,0.3911122977733612
n11669921_24636-5,flower,A photo of a flower,0.38950201869010925,0.3911122977733612
n11669921_24884-3,flower,A photo of a flower,0.38950201869010925,0.3911122977733612
n11669921_25077-1,flower,A photo of a flower,0.38950201869010925,0.3911122977733612
n11669921_25077-3,flower,A photo of a flower,0.4127010703086853,0.41059303283691406
n11669921_25089-4,flower,A photo of a flower,0.4127010703086853,0.41059303283691406
n11669921_25300-1,flower,A photo of a flower,0.4127010703086853,0.41059303283691406
n11669921_25300-4,flower,A photo of a flower,0.4127010703086853,0.41059303283691406
n11669921_25691-3,flower,A photo of a flower,0.4127010703086853,0.41059303283691406
n11669921_25804-1,flower,A photo of a flower,0.4127010703086853,0.41059303283691406
n11669921_25804-5,flower,A photo of a flower,0.4127010703086853,0.41059303283691406
n11669921_26824-3,flower,A photo of a flower,0.4127010703086853,0.41059303283691406
n11669921_26824-5,flower,A photo of a flower,0.4192636013031006,0.4223465025424957
n11669921_27188-2,flower,A photo of a flower,0.4192636013031006,0.4223465025424957
n11669921_27425-1,flower,A photo of a flower,0.4192636013031006,0.4223465025424957
n11669921_28074-4,flower,A photo of a flower,0.4192636013031006,0.4223465025424957
n11669921_28487-3,flower,A photo of a flower,0.4192636013031006,0.4223465025424957
n11669921_29410-2,flower,A photo of a flower,0.4192636013031006,0.4223465025424957
n11669921_29410-3,flower,A photo of a flower,0.4192636013031006,0.4223465025424957
n11669921_29931-3,flower,A photo of a flower,0.4192636013031006,0.4223465025424957
n11669921_30420-1,flower,A photo of a flower,0.4051626920700073,0.41023218631744385
n11669921_30420-2,flower,A photo of a flower,0.4051626920700073,0.41023218631744385
n11669921_30420-4,flower,A photo of a flower,0.4051626920700073,0.41023218631744385
n11669921_30660-2,flower,A photo of a flower,0.4051626920700073,0.41023218631744385
n11669921_30660-3,flower,A photo of a flower,0.4051626920700073,0.41023218631744385
n11669921_31140-1,flower,A photo of a flower,0.4051626920700073,0.41023218631744385
n11669921_38135-1,flower,A photo of a flower,0.4051626920700073,0.41023218631744385
n11669921_38135-4,flower,A photo of a flower,0.4051626920700073,0.41023218631744385
n11669921_38200-3,flower,A photo of a flower,0.36796560883522034,0.3732609152793884
n11669921_42606-1,flower,A photo of a flower,0.36796560883522034,0.3732609152793884
n11669921_42606-5,flower,A photo of a flower,0.36796560883522034,0.3732609152793884
n11939491_10777-2,flower,A photo of a flower,0.36796560883522034,0.3732609152793884
n11939491_10777-3,flower,A photo of a flower,0.36796560883522034,0.3732609152793884
n11939491_11208-2,flower,A photo of a flower,0.36796560883522034,0.3732609152793884
n11939491_14760-3,flower,A photo of a flower,0.36796560883522034,0.3732609152793884
n11939491_18255-3,flower,A photo of a flower,0.36796560883522034,0.3732609152793884
n11939491_19282-1,flower,A photo of a flower,0.35854673385620117,0.3613976538181305
n11939491_19282-4,flower,A photo of a flower,0.35854673385620117,0.3613976538181305
n11939491_19987-2,flower,A photo of a flower,0.35854673385620117,0.3613976538181305
n11939491_19987-5,flower,A photo of a flower,0.35854673385620117,0.3613976538181305
n11939491_20075-3,flower,A photo of a flower,0.35854673385620117,0.3613976538181305
n11939491_20212-3,flower,A photo of a flower,0.35854673385620117,0.3613976538181305
n11939491_23333-4,flower,A photo of a flower,0.35854673385620117,0.3613976538181305
n11939491_24864-3,flower,A photo of a flower,0.35854673385620117,0.3613976538181305
n11939491_25550-5,flower,A photo of a flower,0.381395548582077,0.37976953387260437
n11939491_35516-4,flower,A photo of a flower,0.381395548582077,0.37976953387260437
n11939491_43188-1,flower,A photo of a flower,0.381395548582077,0.37976953387260437
n11939491_44353-4,flower,A photo of a flower,0.381395548582077,0.37976953387260437
n11939491_5196-1,flower,A photo of a flower,0.381395548582077,0.37976953387260437
n11939491_5196-4,flower,A photo of a flower,0.381395548582077,0.37976953387260437
n11939491_54167-1,flower,A photo of a flower,0.381395548582077,0.37976953387260437
n11939491_54167-5,flower,A photo of a flower,0.381395548582077,0.37976953387260437
n11939491_55149-1,flower,A photo of a flower,0.4128117263317108,0.4126704931259155
n11939491_56962-2,flower,A photo of a flower,0.4128117263317108,0.4126704931259155
n11939491_57160-4,flower,A photo of a flower,0.4128117263317108,0.4126704931259155
n11939491_57171-1,flower,A photo of a flower,0.4128117263317108,0.4126704931259155
n11939491_6380-5,flower,A photo of a flower,0.4128117263317108,0.4126704931259155
n11939491_6750-2,flower,A photo of a flower,0.4128117263317108,0.4126704931259155
n11939491_7907-3,flower,A photo of a flower,0.4128117263317108,0.4126704931259155
n11939491_8127-3,flower,A photo of a flower,0.4128117263317108,0.4126704931259155
n11939491_8731-4,flower,A photo of a flower,0.39886948466300964,0.40327298641204834
n11978713_14468-2,flower,A photo of a flower,0.39886948466300964,0.40327298641204834
n11978713_1811-2,flower,A photo of a flower,0.39886948466300964,0.40327298641204834
n11978713_1811-4,flower,A photo of a flower,0.39886948466300964,0.40327298641204834
n11978713_18203-1,flower,A photo of a flower,0.39886948466300964,0.40327298641204834
n11978713_18203-4,flower,A photo of a flower,0.39886948466300964,0.40327298641204834
n11978713_2596-4,flower,A photo of a flower,0.39886948466300964,0.40327298641204834
n11978713_2596-5,flower,A photo of a flower,0.39886948466300964,0.40327298641204834
n11978713_3875-1,flower,A photo of a flower,0.39325329661369324,0.39864757657051086
n11978713_4406-3,flower,A photo of a flower,0.39325329661369324,0.39864757657051086
n11978713_4406-4,flower,A photo of a flower,0.39325329661369324,0.39864757657051086
n11978713_6477-2,flower,A photo of a flower,0.39325329661369324,0.39864757657051086
n01639765_10465-1,frog,A photo of a frog,0.39325329661369324,0.39864757657051086
n01639765_10465-6,frog,A photo of a frog,0.39325329661369324,0.39864757657051086
n01639765_105-4,frog,A photo of a frog,0.39325329661369324,0.39864757657051086
n01639765_10652-1,frog,A photo of a frog,0.39325329661369324,0.39864757657051086
n01639765_12383-3,frog,A photo of a frog,0.3773432672023773,0.3798259496688843
n01639765_12383-6,frog,A photo of a frog,0.3773432672023773,0.3798259496688843
n01639765_14434-3,frog,A photo of a frog,0.3773432672023773,0.3798259496688843
n01639765_15566-1,frog,A photo of a frog,0.3773432672023773,0.3798259496688843
n01639765_15566-3,frog,A photo of a frog,0.3773432672023773,0.3798259496688843
n01639765_1567-1,frog,A photo of a frog,0.3773432672023773,0.3798259496688843
n01639765_18062-4,frog,A photo of a frog,0.3773432672023773,0.3798259496688843
n01639765_18062-5,frog,A photo of a frog,0.3773432672023773,0.3798259496688843
n01639765_18394-2,frog,A photo of a frog,0.4182797968387604,0.4199957251548767
n01639765_18394-3,frog,A photo of a frog,0.4182797968387604,0.4199957251548767
n01639765_19379-7,frog,A photo of a frog,0.4182797968387604,0.4199957251548767
n01639765_19550-1,frog,A photo of a frog,0.4182797968387604,0.4199957251548767
n01639765_19552-2,frog,A photo of a frog,0.4182797968387604,0.4199957251548767
n01639765_20082-3,frog,A photo of a frog,0.4182797968387604,0.4199957251548767
n01639765_20156-8,frog,A photo of a frog,0.4182797968387604,0.4199957251548767
n01639765_2074-1,frog,A photo of a frog,0.4182797968387604,0.4199957251548767
n01639765_3069-5,frog,A photo of a frog,0.3768968880176544,0.3773382306098938
n01639765_412-5,frog,A photo of a frog,0.3768968880176544,0.3773382306098938
n01639765_4415-5,frog,A photo of a frog,0.3768968880176544,0.3773382306098938
n01639765_5199-6,frog,A photo of a frog,0.3768968880176544,0.3773382306098938
n01639765_5346-4,frog,A photo of a frog,0.3768968880176544,0.3773382306098938
n01639765_5755-3,frog,A photo of a frog,0.3768968880176544,0.3773382306098938
n01639765_7344-2,frog,A photo of a frog,0.3768968880176544,0.3773382306098938
n01639765_7945-1,frog,A photo of a frog,0.3768968880176544,0.3773382306098938
n01639765_7945-3,frog,A photo of a frog,0.37251797318458557,0.37396174669265747
n01639765_7945-4,frog,A photo of a frog,0.37251797318458557,0.37396174669265747
n01639765_9291-2,frog,A photo of a frog,0.37251797318458557,0.37396174669265747
n01639765_9291-5,frog,A photo of a frog,0.37251797318458557,0.37396174669265747
n01641391_10287-4,frog,A photo of a frog,0.37251797318458557,0.37396174669265747
n01641391_11123-3,frog,A photo of a frog,0.37251797318458557,0.37396174669265747
n01641391_11123-6,frog,A photo of a frog,0.37251797318458557,0.37396174669265747
n01641391_1535-3,frog,A photo of a frog,0.37251797318458557,0.37396174669265747
n01641391_1682-3,frog,A photo of a frog,0.35917001962661743,0.36190783977508545
n01641391_2693-4,frog,A photo of a frog,0.35917001962661743,0.36190783977508545
n01641391_3262-3,frog,A photo of a frog,0.35917001962661743,0.36190783977508545
n01641391_3262-5,frog,A photo of a frog,0.35917001962661743,0.36190783977508545
n01641391_3262-8,frog,A photo of a frog,0.35917001962661743,0.36190783977508545
n01641391_3311-1,frog,A photo of a frog,0.35917001962661743,0.36190783977508545
n01641391_3311-5,frog,A photo of a frog,0.35917001962661743,0.36190783977508545
n01641391_3977-3,frog,A photo of a frog,0.35917001962661743,0.36190783977508545
n01641391_6567-1,frog,A photo of a frog,0.35960692167282104,0.3576638102531433
n01641391_6567-3,frog,A photo of a frog,0.35960692167282104,0.3576638102531433
n01641391_6567-4,frog,A photo of a frog,0.35960692167282104,0.3576638102531433
n01641391_7089-4,frog,A photo of a frog,0.35960692167282104,0.3576638102531433
n01641391_9236-2,frog,A photo of a frog,0.35960692167282104,0.3576638102531433
n01641391_9443-2,frog,A photo of a frog,0.35960692167282104,0.3576638102531433
n01641577_12327-2,frog,A photo of a frog,0.35960692167282104,0.3576638102531433
n01641577_12327-3,frog,A photo of a frog,0.35960692167282104,0.3576638102531433
n01641577_13703-1,frog,A photo of a frog,0.36282870173454285,0.3639128804206848
n01641577_13958-3,frog,A photo of a frog,0.36282870173454285,0.3639128804206848
n01641577_14315-4,frog,A photo of a frog,0.36282870173454285,0.3639128804206848
n01641577_14510-10,frog,A photo of a frog,0.36282870173454285,0.3639128804206848
n01641577_14510-9,frog,A photo of a frog,0.36282870173454285,0.3639128804206848
n01641577_218-6,frog,A photo of a frog,0.36282870173454285,0.3639128804206848
n01641577_3022-5,frog,A photo of a frog,0.36282870173454285,0.3639128804206848
n01641577_3260-2,frog,A photo of a frog,0.36282870173454285,0.3639128804206848
n01641577_3260-4,frog,A photo of a frog,0.36387404799461365,0.3648691773414612
n01641577_3260-5,frog,A photo of a frog,0.36387404799461365,0.3648691773414612
n01641577_356-1,frog,A photo of a frog,0.36387404799461365,0.3648691773414612
n01641577_356-3,frog,A photo of a frog,0.36387404799461365,0.3648691773414612
n01641577_356-4,frog,A photo of a frog,0.36387404799461365,0.3648691773414612
n01641577_356-6,frog,A photo of a frog,0.36387404799461365,0.3648691773414612
n01641577_3731-4,frog,A photo of a frog,0.36387404799461365,0.3648691773414612
n01641577_433-4,frog,A photo of a frog,0.36387404799461365,0.3648691773414612
n01641577_5958-3,frog,A photo of a frog,0.3802940249443054,0.3839694857597351
n01641577_6365-4,frog,A photo of a frog,0.3802940249443054,0.3839694857597351
n01641577_6365-5,frog,A photo of a frog,0.3802940249443054,0.3839694857597351
n01641577_6615-3,frog,A photo of a frog,0.3802940249443054,0.3839694857597351
n01641577_7754-3,frog,A photo of a frog,0.3802940249443054,0.3839694857597351
n01641577_7754-4,frog,A photo of a frog,0.3802940249443054,0.3839694857597351
n01641577_8322-2,frog,A photo of a frog,0.3802940249443054,0.3839694857597351
n01641577_8322-4,frog,A photo of a frog,0.3802940249443054,0.3839694857597351
n01641577_8646-7,frog,A photo of a frog,0.3507370352745056,0.3533360958099365
n09288635_1007-5,geyser,A photo of a geyser,0.3507370352745056,0.3533360958099365
n09288635_10209-4,geyser,A photo of a geyser,0.3507370352745056,0.3533360958099365
n09288635_1022-1,geyser,A photo of a geyser,0.3507370352745056,0.3533360958099365
n09288635_10240-3,geyser,A photo of a geyser,0.3507370352745056,0.3533360958099365
n09288635_10274-2,geyser,A photo of a geyser,0.3507370352745056,0.3533360958099365
n09288635_10274-6,geyser,A photo of a geyser,0.3507370352745056,0.3533360958099365
n09288635_10423-2,geyser,A photo of a geyser,0.3507370352745056,0.3533360958099365
n09288635_11016-3,geyser,A photo of a geyser,0.3058958053588867,0.3053494989871979
n09288635_11230-4,geyser,A photo of a geyser,0.3058958053588867,0.3053494989871979
n09288635_11237-3,geyser,A photo of a geyser,0.3058958053588867,0.3053494989871979
n09288635_11393-5,geyser,A photo of a geyser,0.3058958053588867,0.3053494989871979
n09288635_11557-1,geyser,A photo of a geyser,0.3058958053588867,0.3053494989871979
n09288635_11557-4,geyser,A photo of a geyser,0.3058958053588867,0.3053494989871979
n09288635_11612-3,geyser,A photo of a geyser,0.3058958053588867,0.3053494989871979
n09288635_11614-6,geyser,A photo of a geyser,0.3058958053588867,0.3053494989871979
n09288635_11801-4,geyser,A photo of a geyser,0.32005995512008667,0.31770917773246765
n09288635_12089-1,geyser,A photo of a geyser,0.32005995512008667,0.31770917773246765
n09288635_12103-6,geyser,A photo of a geyser,0.32005995512008667,0.31770917773246765
n09288635_12146-3,geyser,A photo of a geyser,0.32005995512008667,0.31770917773246765
n09288635_12191-3,geyser,A photo of a geyser,0.32005995512008667,0.31770917773246765
n09288635_12191-4,geyser,A photo of a geyser,0.32005995512008667,0.31770917773246765
n09288635_12191-5,geyser,A photo of a geyser,0.32005995512008667,0.31770917773246765
n09288635_12748-2,geyser,A photo of a geyser,0.32005995512008667,0.31770917773246765
n09288635_12748-4,geyser,A photo of a geyser,0.3212868571281433,0.3218250870704651
n09288635_12929-3,geyser,A photo of a geyser,0.3212868571281433,0.3218250870704651
n09288635_13205-1,geyser,A photo of a geyser,0.3212868571281433,0.3218250870704651
n09288635_13247-3,geyser,A photo of a geyser,0.3212868571281433,0.3218250870704651
n09288635_13283-3,geyser,A photo of a geyser,0.3212868571281433,0.3218250870704651
n09288635_13306-3,geyser,A photo of a geyser,0.3212868571281433,0.3218250870704651
n09288635_13458-4,geyser,A photo of a geyser,0.3212868571281433,0.3218250870704651
n09288635_13479-5,geyser,A photo of a geyser,0.3212868571281433,0.3218250870704651
n09288635_13651-1,geyser,A photo of a geyser,0.32593345642089844,0.32714077830314636
n09288635_13651-3,geyser,A photo of a geyser,0.32593345642089844,0.32714077830314636
n09288635_13886-10,geyser,A photo of a geyser,0.32593345642089844,0.32714077830314636
n09288635_13949-3,geyser,A photo of a geyser,0.32593345642089844,0.32714077830314636
n09288635_14209-1,geyser,A photo of a geyser,0.32593345642089844,0.32714077830314636
n09288635_14239-1,geyser,A photo of a geyser,0.32593345642089844,0.32714077830314636
n09288635_14239-5,geyser,A photo of a geyser,0.32593345642089844,0.32714077830314636
n09288635_14337-4,geyser,A photo of a geyser,0.32593345642089844,0.32714077830314636
n09288635_14431-1,geyser,A photo of a geyser,0.3157428503036499,0.31100788712501526
n09288635_15105-3,geyser,A photo of a geyser,0.3157428503036499,0.31100788712501526
n09288635_15251-5,geyser,A photo of a geyser,0.3157428503036499,0.31100788712501526
n09288635_1532-2,geyser,A photo of a geyser,0.3157428503036499,0.31100788712501526
n09288635_1532-4,geyser,A photo of a geyser,0.3157428503036499,0.31100788712501526
n09288635_15785-7,geyser,A photo of a geyser,0.3157428503036499,0.31100788712501526
n09288635_1655-2,geyser,A photo of a geyser,0.3157428503036499,0.31100788712501526
n09288635_1655-5,geyser,A photo of a geyser,0.3157428503036499,0.31100788712501526
n09288635_1672-4,geyser,A photo of a geyser,0.33302822709083557,0.33083590865135193
n09288635_1929-2,geyser,A photo of a geyser,0.33302822709083557,0.33083590865135193
n09288635_1929-3,geyser,A photo of a geyser,0.33302822709083557,0.33083590865135193
n09288635_1929-4,geyser,A photo of a geyser,0.33302822709083557,0.33083590865135193
n09288635_2055-5,geyser,A photo of a geyser,0.33302822709083557,0.33083590865135193
n09288635_23582-4,geyser,A photo of a geyser,0.33302822709083557,0.33083590865135193
n09288635_23652-4,geyser,A photo of a geyser,0.33302822709083557,0.33083590865135193
n09288635_2641-1,geyser,A photo of a geyser,0.33302822709083557,0.33083590865135193
n09288635_2641-4,geyser,A photo of a geyser,0.3346225619316101,0.3346898853778839
n09288635_26807-2,geyser,A photo of a geyser,0.3346225619316101,0.3346898853778839
n09288635_2772-1,geyser,A photo of a geyser,0.3346225619316101,0.3346898853778839
n09288635_2772-3,geyser,A photo of a geyser,0.3346225619316101,0.3346898853778839
n09288635_27753-4,geyser,A photo of a geyser,0.3346225619316101,0.3346898853778839
n09288635_28076-5,geyser,A photo of a geyser,0.3346225619316101,0.3346898853778839
n09288635_28076-7,geyser,A photo of a geyser,0.3346225619316101,0.3346898853778839
n09288635_29220-1,geyser,A photo of a geyser,0.3346225619316101,0.3346898853778839
n09288635_29239-5,geyser,A photo of a geyser,0.3203667998313904,0.3204173147678375
n09288635_307-1,geyser,A photo of a geyser,0.3203667998313904,0.3204173147678375
n09288635_3172-3,geyser,A photo of a geyser,0.3203667998313904,0.3204173147678375
n09288635_3172-5,geyser,A photo of a geyser,0.3203667998313904,0.3204173147678375
n09288635_3313-2,geyser,A photo of a geyser,0.3203667998313904,0.3204173147678375
n09288635_3313-5,geyser,A photo of a geyser,0.3203667998313904,0.3204173147678375
n09288635_371-3,geyser,A photo of a geyser,0.3203667998313904,0.3204173147678375
n09288635_3752-4,geyser,A photo of a geyser,0.3203667998313904,0.3204173147678375
n09288635_3752-5,geyser,A photo of a geyser,0.32286056876182556,0.3201122581958771
n09288635_3817-3,geyser,A photo of a geyser,0.32286056876182556,0.3201122581958771
n09288635_3817-5,geyser,A photo of a geyser,0.32286056876182556,0.3201122581958771
n09288635_3897-4,geyser,A photo of a geyser,0.32286056876182556,0.3201122581958771
n09288635_5072-5,geyser,A photo of a geyser,0.32286056876182556,0.3201122581958771
n09288635_6235-2,geyser,A photo of a geyser,0.32286056876182556,0.3201122581958771
n09288635_6235-5,geyser,A photo of a geyser,0.32286056876182556,0.3201122581958771
n09288635_756-3,geyser,A photo of a geyser,0.32286056876182556,0.3201122581958771
n09288635_8395-3,geyser,A photo of a geyser,0.32148101925849915,0.3233511447906494
n09288635_9654-2,geyser,A photo of a geyser,0.32148101925849915,0.3233511447906494
n09288635_9654-3,geyser,A photo of a geyser,0.32148101925849915,0.3233511447906494
n02439033_10130-1,giraffe,A photo of a giraffe,0.32148101925849915,0.3233511447906494
n02439033_10130-3,giraffe,A photo of a giraffe,0.32148101925849915,0.3233511447906494
n02439033_10164-2,giraffe,A photo of a giraffe,0.32148101925849915,0.3233511447906494
n02439033_10164-4,giraffe,A photo of a giraffe,0.32148101925849915,0.3233511447906494
n02439033_10295-3,giraffe,A photo of a giraffe,0.32148101925849915,0.3233511447906494
n02439033_10453-6,giraffe,A photo of a giraffe,0.38737452030181885,0.3852669298648834
n02439033_10491-5,giraffe,A photo of a giraffe,0.38737452030181885,0.3852669298648834
n02439033_10541-6,giraffe,A photo of a giraffe,0.38737452030181885,0.3852669298648834
n02439033_10616-1,giraffe,A photo of a giraffe,0.38737452030181885,0.3852669298648834
n02439033_10803-5,giraffe,A photo of a giraffe,0.38737452030181885,0.3852669298648834
n02439033_10811-6,giraffe,A photo of a giraffe,0.38737452030181885,0.3852669298648834
n02439033_10811-7,giraffe,A photo of a giraffe,0.38737452030181885,0.3852669298648834
n02439033_10839-5,giraffe,A photo of a giraffe,0.38737452030181885,0.3852669298648834
n02439033_10919-3,giraffe,A photo of a giraffe,0.35737788677215576,0.35593968629837036
n02439033_11059-3,giraffe,A photo of a giraffe,0.35737788677215576,0.35593968629837036
n02439033_11114-3,giraffe,A photo of a giraffe,0.35737788677215576,0.35593968629837036
n02439033_11130-2,giraffe,A photo of a giraffe,0.35737788677215576,0.35593968629837036
n02439033_11130-3,giraffe,A photo of a giraffe,0.35737788677215576,0.35593968629837036
n02439033_11273-4,giraffe,A photo of a giraffe,0.35737788677215576,0.35593968629837036
n02439033_11328-4,giraffe,A photo of a giraffe,0.35737788677215576,0.35593968629837036
n02439033_11486-4,giraffe,A photo of a giraffe,0.35737788677215576,0.35593968629837036
n02439033_11486-5,giraffe,A photo of a giraffe,0.3720727562904358,0.3733670711517334
n02439033_11487-2,giraffe,A photo of a giraffe,0.3720727562904358,0.3733670711517334
n02439033_11504-6,giraffe,A photo of a giraffe,0.3720727562904358,0.3733670711517334
n02439033_11666-1,giraffe,A photo of a giraffe,0.3720727562904358,0.3733670711517334
n02439033_11666-3,giraffe,A photo of a giraffe,0.3720727562904358,0.3733670711517334
n02439033_11666-6,giraffe,A photo of a giraffe,0.3720727562904358,0.3733670711517334
n02439033_11715-2,giraffe,A photo of a giraffe,0.3720727562904358,0.3733670711517334
n02439033_11845-3,giraffe,A photo of a giraffe,0.3720727562904358,0.3733670711517334
n02439033_11894-3,giraffe,A photo of a giraffe,0.3922683596611023,0.38625991344451904
n02439033_12413-1,giraffe,A photo of a giraffe,0.3922683596611023,0.38625991344451904
n02439033_12413-6,giraffe,A photo of a giraffe,0.3922683596611023,0.38625991344451904
n02439033_12485-4,giraffe,A photo of a giraffe,0.3922683596611023,0.38625991344451904
n02439033_12485-5,giraffe,A photo of a giraffe,0.3922683596611023,0.38625991344451904
n02439033_12485-6,giraffe,A photo of a giraffe,0.3922683596611023,0.38625991344451904
n02439033_12987-3,giraffe,A photo of a giraffe,0.3922683596611023,0.38625991344451904
n02439033_13236-2,giraffe,A photo of a giraffe,0.3922683596611023,0.38625991344451904
n02439033_13430-2,giraffe,A photo of a giraffe,0.3585473895072937,0.35111546516418457
n02439033_13602-7,giraffe,A photo of a giraffe,0.3585473895072937,0.35111546516418457
n02439033_14040-2,giraffe,A photo of a giraffe,0.3585473895072937,0.35111546516418457
n02439033_14121-1,giraffe,A photo of a giraffe,0.3585473895072937,0.35111546516418457
n02439033_14121-6,giraffe,A photo of a giraffe,0.3585473895072937,0.35111546516418457
n02439033_14148-4,giraffe,A photo of a giraffe,0.3585473895072937,0.35111546516418457
n02439033_14148-8,giraffe,A photo of a giraffe,0.3585473895072937,0.35111546516418457
n02439033_14148-9,giraffe,A photo of a giraffe,0.3585473895072937,0.35111546516418457
n02439033_14184-2,giraffe,A photo of a giraffe,0.37347543239593506,0.37195199728012085
n02439033_14322-2,giraffe,A photo of a giraffe,0.37347543239593506,0.37195199728012085
n02439033_14554-4,giraffe,A photo of a giraffe,0.37347543239593506,0.37195199728012085
n02439033_14580-1,giraffe,A photo of a giraffe,0.37347543239593506,0.37195199728012085
n02439033_14580-2,giraffe,A photo of a giraffe,0.37347543239593506,0.37195199728012085
n02439033_14600-6,giraffe,A photo of a giraffe,0.37347543239593506,0.37195199728012085
n02439033_14609-2,giraffe,A photo of a giraffe,0.37347543239593506,0.37195199728012085
n02439033_14724-2,giraffe,A photo of a giraffe,0.37347543239593506,0.37195199728012085
n02439033_14724-3,giraffe,A photo of a giraffe,0.35203635692596436,0.35156357288360596
n02439033_14764-4,giraffe,A photo of a giraffe,0.35203635692596436,0.35156357288360596
n02439033_14764-5,giraffe,A photo of a giraffe,0.35203635692596436,0.35156357288360596
n02439033_14781-3,giraffe,A photo of a giraffe,0.35203635692596436,0.35156357288360596
n02439033_14784-3,giraffe,A photo of a giraffe,0.35203635692596436,0.35156357288360596
n02439033_14962-4,giraffe,A photo of a giraffe,0.35203635692596436,0.35156357288360596
n02439033_14962-5,giraffe,A photo of a giraffe,0.35203635692596436,0.35156357288360596
n02439033_15005-4,giraffe,A photo of a giraffe,0.35203635692596436,0.35156357288360596
n02439033_15005-8,giraffe,A photo of a giraffe,0.34171169996261597,0.3348901867866516
n02439033_15005-9,giraffe,A photo of a giraffe,0.34171169996261597,0.3348901867866516
n02439033_1508-2,giraffe,A photo of a giraffe,0.34171169996261597,0.3348901867866516
n02439033_1508-7,giraffe,A photo of a giraffe,0.34171169996261597,0.3348901867866516
n02439033_15384-5,giraffe,A photo of a giraffe,0.34171169996261597,0.3348901867866516
n02439033_15453-6,giraffe,A photo of a giraffe,0.34171169996261597,0.3348901867866516
n02439033_15540-2,giraffe,A photo of a giraffe,0.34171169996261597,0.3348901867866516
n02439033_15936-5,giraffe,A photo of a giraffe,0.34171169996261597,0.3348901867866516
n02439033_16085-5,giraffe,A photo of a giraffe,0.3542671501636505,0.3477300703525543
n02439033_221-2,giraffe,A photo of a giraffe,0.3542671501636505,0.3477300703525543
n02439033_2677-3,giraffe,A photo of a giraffe,0.3542671501636505,0.3477300703525543
n02439033_2677-4,giraffe,A photo of a giraffe,0.3542671501636505,0.3477300703525543
n02439033_2677-6,giraffe,A photo of a giraffe,0.3542671501636505,0.3477300703525543
n02439033_3944-4,giraffe,A photo of a giraffe,0.3542671501636505,0.3477300703525543
n02439033_3944-5,giraffe,A photo of a giraffe,0.3542671501636505,0.3477300703525543
n02439033_4601-4,giraffe,A photo of a giraffe,0.3542671501636505,0.3477300703525543
n02439033_5004-1,giraffe,A photo of a giraffe,0.3625341057777405,0.36012402176856995
n02439033_5004-2,giraffe,A photo of a giraffe,0.3625341057777405,0.36012402176856995
n02439033_5004-4,giraffe,A photo of a giraffe,0.3625341057777405,0.36012402176856995
n02439033_5652-1,giraffe,A photo of a giraffe,0.3625341057777405,0.36012402176856995
n02439033_5652-3,giraffe,A photo of a giraffe,0.3625341057777405,0.36012402176856995
n02439033_569-2,giraffe,A photo of a giraffe,0.3625341057777405,0.36012402176856995
n02439033_569-3,giraffe,A photo of a giraffe,0.3625341057777405,0.36012402176856995
n02439033_628-10,giraffe,A photo of a giraffe,0.3625341057777405,0.36012402176856995
n02439033_67-7,giraffe,A photo of a giraffe,0.34645694494247437,0.3451860845088959
n02439033_8875-6,giraffe,A photo of a giraffe,0.34645694494247437,0.3451860845088959
n02439033_9261-5,giraffe,A photo of a giraffe,0.34645694494247437,0.3451860845088959
n02439033_9398-1,giraffe,A photo of a giraffe,0.34645694494247437,0.3451860845088959
n02439033_9398-3,giraffe,A photo of a giraffe,0.34645694494247437,0.3451860845088959
n02439033_9398-4,giraffe,A photo of a giraffe,0.34645694494247437,0.3451860845088959
n02439033_9398-5,giraffe,A photo of a giraffe,0.34645694494247437,0.3451860845088959
n02439033_9472-4,giraffe,A photo of a giraffe,0.34645694494247437,0.3451860845088959
n02439033_9598-3,giraffe,A photo of a giraffe,0.34262409806251526,0.33784744143486023
n02439033_9598-5,giraffe,A photo of a giraffe,0.34262409806251526,0.33784744143486023
n02439033_9598-6,giraffe,A photo of a giraffe,0.34262409806251526,0.33784744143486023
n02439033_9598-9,giraffe,A photo of a giraffe,0.34262409806251526,0.33784744143486023
n02439033_9604-3,giraffe,A photo of a giraffe,0.34262409806251526,0.33784744143486023
n02439033_9679-2,giraffe,A photo of a giraffe,0.34262409806251526,0.33784744143486023
n02439033_9679-3,giraffe,A photo of a giraffe,0.34262409806251526,0.33784744143486023
n02439033_9719-3,giraffe,A photo of a giraffe,0.34262409806251526,0.33784744143486023
n02439033_991-1,giraffe,A photo of a giraffe,0.3870224952697754,0.39074963331222534
n02439033_991-4,giraffe,A photo of a giraffe,0.3870224952697754,0.39074963331222534
n02676566_11377-1,guitar,A photo of a guitar,0.3870224952697754,0.39074963331222534
n02676566_11573-2,guitar,A photo of a guitar,0.3870224952697754,0.39074963331222534
n02676566_12344-1,guitar,A photo of a guitar,0.3870224952697754,0.39074963331222534
n02676566_1324-2,guitar,A photo of a guitar,0.3870224952697754,0.39074963331222534
n02676566_2380-2,guitar,A photo of a guitar,0.3870224952697754,0.39074963331222534
n02676566_2380-5,guitar,A photo of a guitar,0.3870224952697754,0.39074963331222534
n02676566_2866-1,guitar,A photo of a guitar,0.3810926675796509,0.38927531242370605
n02676566_3360-3,guitar,A photo of a guitar,0.3810926675796509,0.38927531242370605
n02676566_3360-6,guitar,A photo of a guitar,0.3810926675796509,0.38927531242370605
n02676566_4058-5,guitar,A photo of a guitar,0.3810926675796509,0.38927531242370605
n02676566_4189-2,guitar,A photo of a guitar,0.3810926675796509,0.38927531242370605
n02676566_4699-1,guitar,A photo of a guitar,0.3810926675796509,0.38927531242370605
n02676566_5735-1,guitar,A photo of a guitar,0.3810926675796509,0.38927531242370605
n02676566_6402-1,guitar,A photo of a guitar,0.3810926675796509,0.38927531242370605
n02676566_6430-2,guitar,A photo of a guitar,0.38634854555130005,0.39413130283355713
n02676566_6560-2,guitar,A photo of a guitar,0.38634854555130005,0.39413130283355713
n02676566_659-2,guitar,A photo of a guitar,0.38634854555130005,0.39413130283355713
n02676566_6914-2,guitar,A photo of a guitar,0.38634854555130005,0.39413130283355713
n02676566_7844-1,guitar,A photo of a guitar,0.38634854555130005,0.39413130283355713
n02676566_8309-4,guitar,A photo of a guitar,0.38634854555130005,0.39413130283355713
n02676566_8467-1,guitar,A photo of a guitar,0.38634854555130005,0.39413130283355713
n02676566_8618-6,guitar,A photo of a guitar,0.38634854555130005,0.39413130283355713
n02676566_9062-1,guitar,A photo of a guitar,0.3883589804172516,0.3852611780166626
n02676566_9062-3,guitar,A photo of a guitar,0.3883589804172516,0.3852611780166626
n02676566_9243-5,guitar,A photo of a guitar,0.3883589804172516,0.3852611780166626
n02676566_9243-6,guitar,A photo of a guitar,0.3883589804172516,0.3852611780166626
n02676566_9451-3,guitar,A photo of a guitar,0.3883589804172516,0.3852611780166626
n02676566_9612-2,guitar,A photo of a guitar,0.3883589804172516,0.3852611780166626
n02676566_970-4,guitar,A photo of a guitar,0.3883589804172516,0.3852611780166626
n03272010_10441-1,guitar,A photo of a guitar,0.3883589804172516,0.3852611780166626
n03272010_12151-2,guitar,A photo of a guitar,0.3906789720058441,0.39407116174697876
n03272010_12151-4,guitar,A photo of a guitar,0.3906789720058441,0.39407116174697876
n03272010_1708-3,guitar,A photo of a guitar,0.3906789720058441,0.39407116174697876
n03272010_1708-4,guitar,A photo of a guitar,0.3906789720058441,0.39407116174697876
n03272010_392-4,guitar,A photo of a guitar,0.3906789720058441,0.39407116174697876
n03272010_5483-3,guitar,A photo of a guitar,0.3906789720058441,0.39407116174697876
n03272010_5875-1,guitar,A photo of a guitar,0.3906789720058441,0.39407116174697876
n03272010_6152-3,guitar,A photo of a guitar,0.3906789720058441,0.39407116174697876
n03272010_6650-4,guitar,A photo of a guitar,0.36171019077301025,0.36430424451828003
n03272010_6650-5,guitar,A photo of a guitar,0.36171019077301025,0.36430424451828003
n03272010_6662-1,guitar,A photo of a guitar,0.36171019077301025,0.36430424451828003
n03272010_6718-1,guitar,A photo of a guitar,0.36171019077301025,0.36430424451828003
n03272010_6727-1,guitar,A photo of a guitar,0.36171019077301025,0.36430424451828003
n03272010_6737-3,guitar,A photo of a guitar,0.36171019077301025,0.36430424451828003
n03272010_6737-5,guitar,A photo of a guitar,0.36171019077301025,0.36430424451828003
n03272010_6737-6,guitar,A photo of a guitar,0.36171019077301025,0.36430424451828003
n03272010_6809-3,guitar,A photo of a guitar,0.39001747965812683,0.39282745122909546
n03272010_6809-4,guitar,A photo of a guitar,0.39001747965812683,0.39282745122909546
n03272010_7092-3,guitar,A photo of a guitar,0.39001747965812683,0.39282745122909546
n03272010_7383-3,guitar,A photo of a guitar,0.39001747965812683,0.39282745122909546
n03272010_7635-1,guitar,A photo of a guitar,0.39001747965812683,0.39282745122909546
n03272010_7635-5,guitar,A photo of a guitar,0.39001747965812683,0.39282745122909546
n03272010_9557-3,guitar,A photo of a guitar,0.39001747965812683,0.39282745122909546
n03272010_9858-3,guitar,A photo of a guitar,0.39001747965812683,0.39282745122909546
n03467517_11020-2,guitar,A photo of a guitar,0.3988744914531708,0.40331554412841797
n03467517_12925-4,guitar,A photo of a guitar,0.3988744914531708,0.40331554412841797
n03467517_19701-5,guitar,A photo of a guitar,0.3988744914531708,0.40331554412841797
n03467517_21782-4,guitar,A photo of a guitar,0.3988744914531708,0.40331554412841797
n03467517_22246-3,guitar,A photo of a guitar,0.3988744914531708,0.40331554412841797
n03467517_22374-3,guitar,A photo of a guitar,0.3988744914531708,0.40331554412841797
n03467517_22785-1,guitar,A photo of a guitar,0.3988744914531708,0.40331554412841797
n03467517_22871-1,guitar,A photo of a guitar,0.3988744914531708,0.40331554412841797
n03467517_22871-2,guitar,A photo of a guitar,0.37768957018852234,0.3794053792953491
n03467517_22871-3,guitar,A photo of a guitar,0.37768957018852234,0.3794053792953491
n03467517_23229-2,guitar,A photo of a guitar,0.37768957018852234,0.3794053792953491
n03467517_24525-4,guitar,A photo of a guitar,0.37768957018852234,0.3794053792953491
n03467517_3203-2,guitar,A photo of a guitar,0.37768957018852234,0.3794053792953491
n03467517_3203-4,guitar,A photo of a guitar,0.37768957018852234,0.3794053792953491
n03467517_6423-2,guitar,A photo of a guitar,0.37768957018852234,0.3794053792953491
n03467517_8929-1,guitar,A photo of a guitar,0.37768957018852234,0.3794053792953491
n03467517_8929-4,guitar,A photo of a guitar,0.34959667921066284,0.35659655928611755
n07697100_13646-1,hamburger,A photo of a hamburger,0.34959667921066284,0.35659655928611755
n07697100_13646-5,hamburger,A photo of a hamburger,0.34959667921066284,0.35659655928611755
n07697100_13721-4,hamburger,A photo of a hamburger,0.34959667921066284,0.35659655928611755
n07697100_25900-5,hamburger,A photo of a hamburger,0.34959667921066284,0.35659655928611755
n07697100_523-3,hamburger,A photo of a hamburger,0.34959667921066284,0.35659655928611755
n07697100_7016-1,hamburger,A photo of a hamburger,0.34959667921066284,0.35659655928611755
n07697100_7016-3,hamburger,A photo of a hamburger,0.34959667921066284,0.35659655928611755
n07697313_10367-5,hamburger,A photo of a hamburger,0.3141885995864868,0.3177686929702759
n07697313_1039-2,hamburger,A photo of a hamburger,0.3141885995864868,0.3177686929702759
n07697313_1039-3,hamburger,A photo of a hamburger,0.3141885995864868,0.3177686929702759
n07697313_10682-3,hamburger,A photo of a hamburger,0.3141885995864868,0.3177686929702759
n07697313_11264-1,hamburger,A photo of a hamburger,0.3141885995864868,0.3177686929702759
n07697313_11264-2,hamburger,A photo of a hamburger,0.3141885995864868,0.3177686929702759
n07697313_12369-1,hamburger,A photo of a hamburger,0.3141885995864868,0.3177686929702759
n07697313_12369-3,hamburger,A photo of a hamburger,0.3141885995864868,0.3177686929702759
n07697313_12432-2,hamburger,A photo of a hamburger,0.3246091306209564,0.3269343972206116
n07697313_12711-2,hamburger,A photo of a hamburger,0.3246091306209564,0.3269343972206116
n07697313_12711-4,hamburger,A photo of a hamburger,0.3246091306209564,0.3269343972206116
n07697313_1329-2,hamburger,A photo of a hamburger,0.3246091306209564,0.3269343972206116
n07697313_1329-4,hamburger,A photo of a hamburger,0.3246091306209564,0.3269343972206116
n07697313_13398-1,hamburger,A photo of a hamburger,0.3246091306209564,0.3269343972206116
n07697313_1392-2,hamburger,A photo of a hamburger,0.3246091306209564,0.3269343972206116
n07697313_1392-3,hamburger,A photo of a hamburger,0.3246091306209564,0.3269343972206116
n07697313_14416-1,hamburger,A photo of a hamburger,0.3192041516304016,0.32351577281951904
n07697313_14416-5,hamburger,A photo of a hamburger,0.3192041516304016,0.32351577281951904
n07697313_14453-2,hamburger,A photo of a hamburger,0.3192041516304016,0.32351577281951904
n07697313_14453-3,hamburger,A photo of a hamburger,0.3192041516304016,0.32351577281951904
n07697313_14514-1,hamburger,A photo of a hamburger,0.3192041516304016,0.32351577281951904
n07697313_14514-5,hamburger,A photo of a hamburger,0.3192041516304016,0.32351577281951904
n07697313_14916-5,hamburger,A photo of a hamburger,0.3192041516304016,0.32351577281951904
n07697313_1506-1,hamburger,A photo of a hamburger,0.3192041516304016,0.32351577281951904
n07697313_1506-6,hamburger,A photo of a hamburger,0.32748275995254517,0.3315867781639099
n07697313_15081-1,hamburger,A photo of a hamburger,0.32748275995254517,0.3315867781639099
n07697313_16131-2,hamburger,A photo of a hamburger,0.32748275995254517,0.3315867781639099
n07697313_16232-3,hamburger,A photo of a hamburger,0.32748275995254517,0.3315867781639099
n07697313_16232-4,hamburger,A photo of a hamburger,0.32748275995254517,0.3315867781639099
n07697313_1666-4,hamburger,A photo of a hamburger,0.32748275995254517,0.3315867781639099
n07697313_169-3,hamburger,A photo of a hamburger,0.32748275995254517,0.3315867781639099
n07697313_169-5,hamburger,A photo of a hamburger,0.32748275995254517,0.3315867781639099
n07697313_1965-4,hamburger,A photo of a hamburger,0.3177368938922882,0.32138827443122864
n07697313_2145-4,hamburger,A photo of a hamburger,0.3177368938922882,0.32138827443122864
n07697313_2172-1,hamburger,A photo of a hamburger,0.3177368938922882,0.32138827443122864
n07697313_2172-3,hamburger,A photo of a hamburger,0.3177368938922882,0.32138827443122864
n07697313_2191-2,hamburger,A photo of a hamburger,0.3177368938922882,0.32138827443122864
n07697313_2197-1,hamburger,A photo of a hamburger,0.3177368938922882,0.32138827443122864
n07697313_2220-3,hamburger,A photo of a hamburger,0.3177368938922882,0.32138827443122864
n07697313_2269-4,hamburger,A photo of a hamburger,0.3177368938922882,0.32138827443122864
n07697313_2494-3,hamburger,A photo of a hamburger,0.3293605446815491,0.33283066749572754
n07697313_2695-4,hamburger,A photo of a hamburger,0.3293605446815491,0.33283066749572754
n07697313_2708-1,hamburger,A photo of a hamburger,0.3293605446815491,0.33283066749572754
n07697313_2708-2,hamburger,A photo of a hamburger,0.3293605446815491,0.33283066749572754
n07697313_2708-5,hamburger,A photo of a hamburger,0.3293605446815491,0.33283066749572754
n07697313_2730-1,hamburger,A photo of a hamburger,0.3293605446815491,0.33283066749572754
n07697313_2752-2,hamburger,A photo of a hamburger,0.3293605446815491,0.33283066749572754
n07697313_2793-3,hamburger,A photo of a hamburger,0.3293605446815491,0.33283066749572754
n07697313_295-5,hamburger,A photo of a hamburger,0.31936174631118774,0.3242226839065552
n07697313_3122-2,hamburger,A photo of a hamburger,0.31936174631118774,0.3242226839065552
n07697313_3122-3,hamburger,A photo of a hamburger,0.31936174631118774,0.3242226839065552
n07697313_4367-3,hamburger,A photo of a hamburger,0.31936174631118774,0.3242226839065552
n07697313_4367-5,hamburger,A photo of a hamburger,0.31936174631118774,0.3242226839065552
n07697313_4532-4,hamburger,A photo of a hamburger,0.31936174631118774,0.3242226839065552
n07697313_5026-2,hamburger,A photo of a hamburger,0.31936174631118774,0.3242226839065552
n07697313_5026-5,hamburger,A photo of a hamburger,0.31936174631118774,0.3242226839065552
n07697313_5026-6,hamburger,A photo of a hamburger,0.3089486360549927,0.31275641918182373
n07697313_5288-3,hamburger,A photo of a hamburger,0.3089486360549927,0.31275641918182373
n07697313_5288-5,hamburger,A photo of a hamburger,0.3089486360549927,0.31275641918182373
n07697313_541-1,hamburger,A photo of a hamburger,0.3089486360549927,0.31275641918182373
n07697313_541-4,hamburger,A photo of a hamburger,0.3089486360549927,0.31275641918182373
n07697313_5440-5,hamburger,A photo of a hamburger,0.3089486360549927,0.31275641918182373
n07697313_5726-1,hamburger,A photo of a hamburger,0.3089486360549927,0.31275641918182373
n07697313_6653-4,hamburger,A photo of a hamburger,0.3089486360549927,0.31275641918182373
n07697313_6705-1,hamburger,A photo of a hamburger,0.31139856576919556,0.31452515721321106
n07697313_7326-4,hamburger,A photo of a hamburger,0.31139856576919556,0.31452515721321106
n07697313_8076-1,hamburger,A photo of a hamburger,0.31139856576919556,0.31452515721321106
n07697313_8076-3,hamburger,A photo of a hamburger,0.31139856576919556,0.31452515721321106
n07697313_8771-3,hamburger,A photo of a hamburger,0.31139856576919556,0.31452515721321106
n07697313_8771-5,hamburger,A photo of a hamburger,0.31139856576919556,0.31452515721321106
n07697313_8952-3,hamburger,A photo of a hamburger,0.31139856576919556,0.31452515721321106
n07697313_8952-5,hamburger,A photo of a hamburger,0.31139856576919556,0.31452515721321106
n07697313_9135-2,hamburger,A photo of a hamburger,0.3779194951057434,0.3858356475830078
n07697313_9135-4,hamburger,A photo of a hamburger,0.3779194951057434,0.3858356475830078
n07697313_929-2,hamburger,A photo of a hamburger,0.3779194951057434,0.3858356475830078
n07697313_9789-1,hamburger,A photo of a hamburger,0.3779194951057434,0.3858356475830078
n07697313_9789-4,hamburger,A photo of a hamburger,0.3779194951057434,0.3858356475830078
n03481172_10354-6,hammer,A photo of a hammer,0.3779194951057434,0.3858356475830078
n03481172_10498-6,hammer,A photo of a hammer,0.3779194951057434,0.3858356475830078
n03481172_1092-6,hammer,A photo of a hammer,0.3779194951057434,0.3858356475830078
n03481172_11250-4,hammer,A photo of a hammer,0.4018724858760834,0.408035546541214
n03481172_11270-9,hammer,A photo of a hammer,0.4018724858760834,0.408035546541214
n03481172_11394-1,hammer,A photo of a hammer,0.4018724858760834,0.408035546541214
n03481172_11589-1,hammer,A photo of a hammer,0.4018724858760834,0.408035546541214
n03481172_11589-4,hammer,A photo of a hammer,0.4018724858760834,0.408035546541214
n03481172_11589-6,hammer,A photo of a hammer,0.4018724858760834,0.408035546541214
n03481172_11672-2,hammer,A photo of a hammer,0.4018724858760834,0.408035546541214
n03481172_11672-4,hammer,A photo of a hammer,0.4018724858760834,0.408035546541214
n03481172_11672-5,hammer,A photo of a hammer,0.42348071932792664,0.42909955978393555
n03481172_11871-5,hammer,A photo of a hammer,0.42348071932792664,0.42909955978393555
n03481172_12093-1,hammer,A photo of a hammer,0.42348071932792664,0.42909955978393555
n03481172_12383-2,hammer,A photo of a hammer,0.42348071932792664,0.42909955978393555
n03481172_12383-5,hammer,A photo of a hammer,0.42348071932792664,0.42909955978393555
n03481172_12902-5,hammer,A photo of a hammer,0.42348071932792664,0.42909955978393555
n03481172_12992-5,hammer,A photo of a hammer,0.42348071932792664,0.42909955978393555
n03481172_1304-4,hammer,A photo of a hammer,0.42348071932792664,0.42909955978393555
n03481172_13199-6,hammer,A photo of a hammer,0.41343486309051514,0.42187416553497314
n03481172_13702-4,hammer,A photo of a hammer,0.41343486309051514,0.42187416553497314
n03481172_14418-1,hammer,A photo of a hammer,0.41343486309051514,0.42187416553497314
n03481172_14749-1,hammer,A photo of a hammer,0.41343486309051514,0.42187416553497314
n03481172_14749-2,hammer,A photo of a hammer,0.41343486309051514,0.42187416553497314
n03481172_14749-3,hammer,A photo of a hammer,0.41343486309051514,0.42187416553497314
n03481172_15211-1,hammer,A photo of a hammer,0.41343486309051514,0.42187416553497314
n03481172_15468-1,hammer,A photo of a hammer,0.41343486309051514,0.42187416553497314
n03481172_15468-5,hammer,A photo of a hammer,0.39377984404563904,0.4017861783504486
n03481172_15547-1,hammer,A photo of a hammer,0.39377984404563904,0.4017861783504486
n03481172_15547-3,hammer,A photo of a hammer,0.39377984404563904,0.4017861783504486
n03481172_1561-1,hammer,A photo of a hammer,0.39377984404563904,0.4017861783504486
n03481172_1561-9,hammer,A photo of a hammer,0.39377984404563904,0.4017861783504486
n03481172_1565-3,hammer,A photo of a hammer,0.39377984404563904,0.4017861783504486
n03481172_1565-4,hammer,A photo of a hammer,0.39377984404563904,0.4017861783504486
n03481172_16198-3,hammer,A photo of a hammer,0.39377984404563904,0.4017861783504486
n03481172_16198-5,hammer,A photo of a hammer,0.3820977807044983,0.39279282093048096
n03481172_16541-1,hammer,A photo of a hammer,0.3820977807044983,0.39279282093048096
n03481172_16541-2,hammer,A photo of a hammer,0.3820977807044983,0.39279282093048096
n03481172_16559-2,hammer,A photo of a hammer,0.3820977807044983,0.39279282093048096
n03481172_16571-4,hammer,A photo of a hammer,0.3820977807044983,0.39279282093048096
n03481172_17201-1,hammer,A photo of a hammer,0.3820977807044983,0.39279282093048096
n03481172_1739-1,hammer,A photo of a hammer,0.3820977807044983,0.39279282093048096
n03481172_1739-10,hammer,A photo of a hammer,0.3820977807044983,0.39279282093048096
n03481172_1739-7,hammer,A photo of a hammer,0.4142131209373474,0.42514827847480774
n03481172_18745-1,hammer,A photo of a hammer,0.4142131209373474,0.42514827847480774
n03481172_18745-3,hammer,A photo of a hammer,0.4142131209373474,0.42514827847480774
n03481172_18745-8,hammer,A photo of a hammer,0.4142131209373474,0.42514827847480774
n03481172_19458-1,hammer,A photo of a hammer,0.4142131209373474,0.42514827847480774
n03481172_19458-2,hammer,A photo of a hammer,0.4142131209373474,0.42514827847480774
n03481172_20244-5,hammer,A photo of a hammer,0.4142131209373474,0.42514827847480774
n03481172_20527-3,hammer,A photo of a hammer,0.4142131209373474,0.42514827847480774
n03481172_20527-7,hammer,A photo of a hammer,0.3958238363265991,0.3997766971588135
n03481172_20527-9,hammer,A photo of a hammer,0.3958238363265991,0.3997766971588135
n03481172_23324-1,hammer,A photo of a hammer,0.3958238363265991,0.3997766971588135
n03481172_23324-5,hammer,A photo of a hammer,0.3958238363265991,0.3997766971588135
n03481172_23324-7,hammer,A photo of a hammer,0.3958238363265991,0.3997766971588135
n03481172_23802-4,hammer,A photo of a hammer,0.3958238363265991,0.3997766971588135
n03481172_25899-1,hammer,A photo of a hammer,0.3958238363265991,0.3997766971588135
n03481172_25899-2,hammer,A photo of a hammer,0.3958238363265991,0.3997766971588135
n03481172_26239-1,hammer,A photo of a hammer,0.4134504497051239,0.4208694100379944
n03481172_26239-5,hammer,A photo of a hammer,0.4134504497051239,0.4208694100379944
n03481172_26271-1,hammer,A photo of a hammer,0.4134504497051239,0.4208694100379944
n03481172_26492-1,hammer,A photo of a hammer,0.4134504497051239,0.4208694100379944
n03481172_26492-2,hammer,A photo of a hammer,0.4134504497051239,0.4208694100379944
n03481172_26492-4,hammer,A photo of a hammer,0.4134504497051239,0.4208694100379944
n03481172_26495-4,hammer,A photo of a hammer,0.4134504497051239,0.4208694100379944
n03481172_2690-2,hammer,A photo of a hammer,0.4134504497051239,0.4208694100379944
n03481172_26915-1,hammer,A photo of a hammer,0.40419310331344604,0.4116828441619873
n03481172_27975-4,hammer,A photo of a hammer,0.40419310331344604,0.4116828441619873
n03481172_29852-6,hammer,A photo of a hammer,0.40419310331344604,0.4116828441619873
n03481172_3060-3,hammer,A photo of a hammer,0.40419310331344604,0.4116828441619873
n03481172_30708-1,hammer,A photo of a hammer,0.40419310331344604,0.4116828441619873
n03481172_3096-6,hammer,A photo of a hammer,0.40419310331344604,0.4116828441619873
n03481172_31273-4,hammer,A photo of a hammer,0.40419310331344604,0.4116828441619873
n03481172_33093-4,hammer,A photo of a hammer,0.40419310331344604,0.4116828441619873
n03481172_33093-8,hammer,A photo of a hammer,0.3992384076118469,0.40661346912384033
n03481172_33156-1,hammer,A photo of a hammer,0.3992384076118469,0.40661346912384033
n03481172_3462-2,hammer,A photo of a hammer,0.3992384076118469,0.40661346912384033
n03481172_34783-5,hammer,A photo of a hammer,0.3992384076118469,0.40661346912384033
n03481172_35560-7,hammer,A photo of a hammer,0.3992384076118469,0.40661346912384033
n03481172_35560-9,hammer,A photo of a hammer,0.3992384076118469,0.40661346912384033
n03481172_3588-3,hammer,A photo of a hammer,0.3992384076118469,0.40661346912384033
n03481172_4260-4,hammer,A photo of a hammer,0.3992384076118469,0.40661346912384033
n03481172_4260-5,hammer,A photo of a hammer,0.4155799150466919,0.4204696714878082
n03481172_4260-8,hammer,A photo of a hammer,0.4155799150466919,0.4204696714878082
n03481172_427-2,hammer,A photo of a hammer,0.4155799150466919,0.4204696714878082
n03481172_427-3,hammer,A photo of a hammer,0.4155799150466919,0.4204696714878082
n03481172_427-5,hammer,A photo of a hammer,0.4155799150466919,0.4204696714878082
n03481172_4466-4,hammer,A photo of a hammer,0.4155799150466919,0.4204696714878082
n03481172_4584-1,hammer,A photo of a hammer,0.4155799150466919,0.4204696714878082
n03481172_4584-3,hammer,A photo of a hammer,0.4155799150466919,0.4204696714878082
n03481172_4618-3,hammer,A photo of a hammer,0.42212265729904175,0.4341224730014801
n03481172_4618-5,hammer,A photo of a hammer,0.42212265729904175,0.4341224730014801
n03481172_6598-4,hammer,A photo of a hammer,0.42212265729904175,0.4341224730014801
n03481172_6937-4,hammer,A photo of a hammer,0.42212265729904175,0.4341224730014801
n03481172_6937-5,hammer,A photo of a hammer,0.42212265729904175,0.4341224730014801
n03481172_706-6,hammer,A photo of a hammer,0.42212265729904175,0.4341224730014801
n03481172_7704-8,hammer,A photo of a hammer,0.42212265729904175,0.4341224730014801
n03481172_8257-2,hammer,A photo of a hammer,0.42212265729904175,0.4341224730014801
n03481172_8257-8,hammer,A photo of a hammer,0.40193918347358704,0.40770554542541504
n03481172_8941-1,hammer,A photo of a hammer,0.40193918347358704,0.40770554542541504
n03481172_8941-7,hammer,A photo of a hammer,0.40193918347358704,0.40770554542541504
n03481172_9230-3,hammer,A photo of a hammer,0.40193918347358704,0.40770554542541504
n03481172_9881-2,hammer,A photo of a hammer,0.40193918347358704,0.40770554542541504
n03495258_10586-2,harp,A photo of a harp,0.40193918347358704,0.40770554542541504
n03495258_10889-1,harp,A photo of a harp,0.40193918347358704,0.40770554542541504
n03495258_10889-2,harp,A photo of a harp,0.40193918347358704,0.40770554542541504
n03495258_11176-2,harp,A photo of a harp,0.3465101718902588,0.3457890748977661
n03495258_11583-4,harp,A photo of a harp,0.3465101718902588,0.3457890748977661
n03495258_11618-3,harp,A photo of a harp,0.3465101718902588,0.3457890748977661
n03495258_11618-7,harp,A photo of a harp,0.3465101718902588,0.3457890748977661
n03495258_11709-3,harp,A photo of a harp,0.3465101718902588,0.3457890748977661
n03495258_1192-6,harp,A photo of a harp,0.3465101718902588,0.3457890748977661
n03495258_11992-1,harp,A photo of a harp,0.3465101718902588,0.3457890748977661
n03495258_11992-4,harp,A photo of a harp,0.3465101718902588,0.3457890748977661
n03495258_12523-3,harp,A photo of a harp,0.34344011545181274,0.34295040369033813
n03495258_12975-3,harp,A photo of a harp,0.34344011545181274,0.34295040369033813
n03495258_13021-3,harp,A photo of a harp,0.34344011545181274,0.34295040369033813
n03495258_13075-3,harp,A photo of a harp,0.34344011545181274,0.34295040369033813
n03495258_13150-1,harp,A photo of a harp,0.34344011545181274,0.34295040369033813
n03495258_13244-5,harp,A photo of a harp,0.34344011545181274,0.34295040369033813
n03495258_13351-3,harp,A photo of a harp,0.34344011545181274,0.34295040369033813
n03495258_13608-1,harp,A photo of a harp,0.34344011545181274,0.34295040369033813
n03495258_13996-1,harp,A photo of a harp,0.33610478043556213,0.33824124932289124
n03495258_13996-6,harp,A photo of a harp,0.33610478043556213,0.33824124932289124
n03495258_13997-2,harp,A photo of a harp,0.33610478043556213,0.33824124932289124
n03495258_13997-7,harp,A photo of a harp,0.33610478043556213,0.33824124932289124
n03495258_14000-6,harp,A photo of a harp,0.33610478043556213,0.33824124932289124
n03495258_14199-1,harp,A photo of a harp,0.33610478043556213,0.33824124932289124
n03495258_14254-6,harp,A photo of a harp,0.33610478043556213,0.33824124932289124
n03495258_14373-5,harp,A photo of a harp,0.33610478043556213,0.33824124932289124
n03495258_14465-1,harp,A photo of a harp,0.3614163398742676,0.3606562316417694
n03495258_14465-3,harp,A photo of a harp,0.3614163398742676,0.3606562316417694
n03495258_14465-4,harp,A photo of a harp,0.3614163398742676,0.3606562316417694
n03495258_14643-3,harp,A photo of a harp,0.3614163398742676,0.3606562316417694
n03495258_14643-4,harp,A photo of a harp,0.3614163398742676,0.3606562316417694
n03495258_14841-2,harp,A photo of a harp,0.3614163398742676,0.3606562316417694
n03495258_14841-3,harp,A photo of a harp,0.3614163398742676,0.3606562316417694
n03495258_14864-4,harp,A photo of a harp,0.3614163398742676,0.3606562316417694
n03495258_14870-6,harp,A photo of a harp,0.3491411805152893,0.352734237909317
n03495258_15739-4,harp,A photo of a harp,0.3491411805152893,0.352734237909317
n03495258_15739-6,harp,A photo of a harp,0.3491411805152893,0.352734237909317
n03495258_16349-2,harp,A photo of a harp,0.3491411805152893,0.352734237909317
n03495258_16514-4,harp,A photo of a harp,0.3491411805152893,0.352734237909317
n03495258_16528-4,harp,A photo of a harp,0.3491411805152893,0.352734237909317
n03495258_16867-3,harp,A photo of a harp,0.3491411805152893,0.352734237909317
n03495258_16867-6,harp,A photo of a harp,0.3491411805152893,0.352734237909317
n03495258_17352-2,harp,A photo of a harp,0.3449799418449402,0.34768494963645935
n03495258_17352-4,harp,A photo of a harp,0.3449799418449402,0.34768494963645935
n03495258_17483-4,harp,A photo of a harp,0.3449799418449402,0.34768494963645935
n03495258_18736-4,harp,A photo of a harp,0.3449799418449402,0.34768494963645935
n03495258_20155-3,harp,A photo of a harp,0.3449799418449402,0.34768494963645935
n03495258_20641-5,harp,A photo of a harp,0.3449799418449402,0.34768494963645935
n03495258_26087-3,harp,A photo of a harp,0.3449799418449402,0.34768494963645935
n03495258_3140-4,harp,A photo of a harp,0.3449799418449402,0.34768494963645935
n03495258_3140-5,harp,A photo of a harp,0.35661768913269043,0.3597216010093689
n03495258_3140-6,harp,A photo of a harp,0.35661768913269043,0.3597216010093689
n03495258_353-1,harp,A photo of a harp,0.35661768913269043,0.3597216010093689
n03495258_3839-1,harp,A photo of a harp,0.35661768913269043,0.3597216010093689
n03495258_4358-4,harp,A photo of a harp,0.35661768913269043,0.3597216010093689
n03495258_4430-6,harp,A photo of a harp,0.35661768913269043,0.3597216010093689
n03495258_4461-4,harp,A photo of a harp,0.35661768913269043,0.3597216010093689
n03495258_4660-1,harp,A photo of a harp,0.35661768913269043,0.3597216010093689
n03495258_4864-4,harp,A photo of a harp,0.3670852780342102,0.37037432193756104
n03495258_4864-5,harp,A photo of a harp,0.3670852780342102,0.37037432193756104
n03495258_4864-6,harp,A photo of a harp,0.3670852780342102,0.37037432193756104
n03495258_4931-6,harp,A photo of a harp,0.3670852780342102,0.37037432193756104
n03495258_5885-2,harp,A photo of a harp,0.3670852780342102,0.37037432193756104
n03495258_5885-5,harp,A photo of a harp,0.3670852780342102,0.37037432193756104
n03495258_6322-2,harp,A photo of a harp,0.3670852780342102,0.37037432193756104
n03495258_6663-2,harp,A photo of a harp,0.3670852780342102,0.37037432193756104
n03495258_6663-7,harp,A photo of a harp,0.3655875027179718,0.3665582239627838
n03495258_7945-4,harp,A photo of a harp,0.3655875027179718,0.3665582239627838
n03495258_8049-6,harp,A photo of a harp,0.3655875027179718,0.3665582239627838
n03495258_8049-8,harp,A photo of a harp,0.3655875027179718,0.3665582239627838
n03495258_8564-5,harp,A photo of a harp,0.3655875027179718,0.3665582239627838
n03495258_8876-1,harp,A photo of a harp,0.3655875027179718,0.3665582239627838
n03495258_8962-2,harp,A photo of a harp,0.3655875027179718,0.3665582239627838
n03495258_8962-6,harp,A photo of a harp,0.3655875027179718,0.3665582239627838
n03495258_9807-4,harp,A photo of a harp,0.36485880613327026,0.36624181270599365
n03495258_9888-6,harp,A photo of a harp,0.36485880613327026,0.36624181270599365
n03495258_991-2,harp,A photo of a harp,0.36485880613327026,0.36624181270599365
n02859184_11923-4,hat,A photo of a hat,0.36485880613327026,0.36624181270599365
n02859184_16810-1,hat,A photo of a hat,0.36485880613327026,0.36624181270599365
n02859184_17722-3,hat,A photo of a hat,0.36485880613327026,0.36624181270599365
n02859184_27919-4,hat,A photo of a hat,0.36485880613327026,0.36624181270599365
n02859184_28065-5,hat,A photo of a hat,0.36485880613327026,0.36624181270599365
n02859184_29863-2,hat,A photo of a hat,0.37329208850860596,0.37511229515075684
n02859184_30628-5,hat,A photo of a hat,0.37329208850860596,0.37511229515075684
n02859184_33899-2,hat,A photo of a hat,0.37329208850860596,0.37511229515075684
n02859184_33899-3,hat,A photo of a hat,0.37329208850860596,0.37511229515075684
n02859184_33972-3,hat,A photo of a hat,0.37329208850860596,0.37511229515075684
n02859184_41293-1,hat,A photo of a hat,0.37329208850860596,0.37511229515075684
n02859184_44305-4,hat,A photo of a hat,0.37329208850860596,0.37511229515075684
n02859184_47904-5,hat,A photo of a hat,0.37329208850860596,0.37511229515075684
n02859184_48046-2,hat,A photo of a hat,0.3686489164829254,0.3707934319972992
n02859184_51537-1,hat,A photo of a hat,0.3686489164829254,0.3707934319972992
n02859184_5816-2,hat,A photo of a hat,0.3686489164829254,0.3707934319972992
n02859184_7092-3,hat,A photo of a hat,0.3686489164829254,0.3707934319972992
n02859184_7092-4,hat,A photo of a hat,0.3686489164829254,0.3707934319972992
n02859184_7092-5,hat,A photo of a hat,0.3686489164829254,0.3707934319972992
n02859184_9160-1,hat,A photo of a hat,0.3686489164829254,0.3707934319972992
n02954340_12293-2,hat,A photo of a hat,0.3686489164829254,0.3707934319972992
n02954340_1288-5,hat,A photo of a hat,0.35258373618125916,0.3553597331047058
n02954340_13808-3,hat,A photo of a hat,0.35258373618125916,0.3553597331047058
n02954340_14787-3,hat,A photo of a hat,0.35258373618125916,0.3553597331047058
n02954340_3707-1,hat,A photo of a hat,0.35258373618125916,0.3553597331047058
n02954340_3707-3,hat,A photo of a hat,0.35258373618125916,0.3553597331047058
n02954340_3707-4,hat,A photo of a hat,0.35258373618125916,0.3553597331047058
n02954340_3707-6,hat,A photo of a hat,0.35258373618125916,0.3553597331047058
n02954340_5453-5,hat,A photo of a hat,0.35258373618125916,0.3553597331047058
n02954340_6593-4,hat,A photo of a hat,0.35709279775619507,0.3618515431880951
n02954340_6593-5,hat,A photo of a hat,0.35709279775619507,0.3618515431880951
n02954340_7738-1,hat,A photo of a hat,0.35709279775619507,0.3618515431880951
n02954340_7738-3,hat,A photo of a hat,0.35709279775619507,0.3618515431880951
n02954340_7738-5,hat,A photo of a hat,0.35709279775619507,0.3618515431880951
n03028785_3132-1,hat,A photo of a hat,0.35709279775619507,0.3618515431880951
n03124170_1722-3,hat,A photo of a hat,0.35709279775619507,0.3618515431880951
n03124170_3763-2,hat,A photo of a hat,0.35709279775619507,0.3618515431880951
n03124170_3924-1,hat,A photo of a hat,0.3841378390789032,0.38638150691986084
n03124170_3924-2,hat,A photo of a hat,0.3841378390789032,0.38638150691986084
n03124170_4347-3,hat,A photo of a hat,0.3841378390789032,0.38638150691986084
n03124170_5368-3,hat,A photo of a hat,0.3841378390789032,0.38638150691986084
n03124170_6056-4,hat,A photo of a hat,0.3841378390789032,0.38638150691986084
n03124170_6489-5,hat,A photo of a hat,0.3841378390789032,0.38638150691986084
n03124170_6837-1,hat,A photo of a hat,0.3841378390789032,0.38638150691986084
n03124170_6837-5,hat,A photo of a hat,0.3841378390789032,0.38638150691986084
n03124170_6952-1,hat,A photo of a hat,0.3755888342857361,0.3780054748058319
n03124170_6952-2,hat,A photo of a hat,0.3755888342857361,0.3780054748058319
n03124170_7699-2,hat,A photo of a hat,0.3755888342857361,0.3780054748058319
n03124170_8050-1,hat,A photo of a hat,0.3755888342857361,0.3780054748058319
n03124170_8385-5,hat,A photo of a hat,0.3755888342857361,0.3780054748058319
n03124170_9727-1,hat,A photo of a hat,0.3755888342857361,0.3780054748058319
n03497657_10172-2,hat,A photo of a hat,0.3755888342857361,0.3780054748058319
n03497657_10828-1,hat,A photo of a hat,0.3755888342857361,0.3780054748058319
n03497657_10828-2,hat,A photo of a hat,0.36815935373306274,0.367115318775177
n03497657_10828-3,hat,A photo of a hat,0.36815935373306274,0.367115318775177
n03497657_12198-2,hat,A photo of a hat,0.36815935373306274,0.367115318775177
n03497657_15042-3,hat,A photo of a hat,0.36815935373306274,0.367115318775177
n03497657_15256-2,hat,A photo of a hat,0.36815935373306274,0.367115318775177
n03497657_16915-2,hat,A photo of a hat,0.36815935373306274,0.367115318775177
n03497657_16915-6,hat,A photo of a hat,0.36815935373306274,0.367115318775177
n03497657_16915-7,hat,A photo of a hat,0.36815935373306274,0.367115318775177
n03497657_19826-1,hat,A photo of a hat,0.3662537932395935,0.3674556016921997
n03497657_19826-2,hat,A photo of a hat,0.3662537932395935,0.3674556016921997
n03497657_23101-1,hat,A photo of a hat,0.3662537932395935,0.3674556016921997
n03497657_2392-2,hat,A photo of a hat,0.3662537932395935,0.3674556016921997
n03497657_25056-1,hat,A photo of a hat,0.3662537932395935,0.3674556016921997
n03497657_25056-6,hat,A photo of a hat,0.3662537932395935,0.3674556016921997
n03497657_3586-1,hat,A photo of a hat,0.3662537932395935,0.3674556016921997
n03497657_6894-1,hat,A photo of a hat,0.3662537932395935,0.3674556016921997
n04259630_12674-3,hat,A photo of a hat,0.3779383897781372,0.3786487579345703
n04259630_178-7,hat,A photo of a hat,0.3779383897781372,0.3786487579345703
n04259630_256-2,hat,A photo of a hat,0.3779383897781372,0.3786487579345703
n04259630_26963-1,hat,A photo of a hat,0.3779383897781372,0.3786487579345703
n04259630_26963-4,hat,A photo of a hat,0.3779383897781372,0.3786487579345703
n04259630_3292-1,hat,A photo of a hat,0.3779383897781372,0.3786487579345703
n04259630_3292-6,hat,A photo of a hat,0.3779383897781372,0.3786487579345703
n04259630_9334-4,hat,A photo of a hat,0.3779383897781372,0.3786487579345703
n04259630_9339-4,hat,A photo of a hat,0.34639546275138855,0.34465354681015015
n01872401_10227-5,hedgehog,A photo of a hedgehog,0.34639546275138855,0.34465354681015015
n01872401_4040-4,hedgehog,A photo of a hedgehog,0.34639546275138855,0.34465354681015015
n01872401_5001-3,hedgehog,A photo of a hedgehog,0.34639546275138855,0.34465354681015015
n01872401_6275-5,hedgehog,A photo of a hedgehog,0.34639546275138855,0.34465354681015015
n01872401_6275-6,hedgehog,A photo of a hedgehog,0.34639546275138855,0.34465354681015015
n01872401_7169-1,hedgehog,A photo of a hedgehog,0.34639546275138855,0.34465354681015015
n01872401_7406-2,hedgehog,A photo of a hedgehog,0.34639546275138855,0.34465354681015015
n01872401_9995-3,hedgehog,A photo of a hedgehog,0.36589616537094116,0.3645276427268982
n01894207_1951-5,hedgehog,A photo of a hedgehog,0.36589616537094116,0.3645276427268982
n01894207_264-1,hedgehog,A photo of a hedgehog,0.36589616537094116,0.3645276427268982
n01894207_264-4,hedgehog,A photo of a hedgehog,0.36589616537094116,0.3645276427268982
n02346627_10071-4,hedgehog,A photo of a hedgehog,0.36589616537094116,0.3645276427268982
n02346627_1017-4,hedgehog,A photo of a hedgehog,0.36589616537094116,0.3645276427268982
n02346627_1085-5,hedgehog,A photo of a hedgehog,0.36589616537094116,0.3645276427268982
n02346627_1090-3,hedgehog,A photo of a hedgehog,0.36589616537094116,0.3645276427268982
n02346627_11034-6,hedgehog,A photo of a hedgehog,0.36450549960136414,0.3677712678909302
n02346627_11054-2,hedgehog,A photo of a hedgehog,0.36450549960136414,0.3677712678909302
n02346627_11287-5,hedgehog,A photo of a hedgehog,0.36450549960136414,0.3677712678909302
n02346627_11664-2,hedgehog,A photo of a hedgehog,0.36450549960136414,0.3677712678909302
n02346627_12018-2,hedgehog,A photo of a hedgehog,0.36450549960136414,0.3677712678909302
n02346627_1317-2,hedgehog,A photo of a hedgehog,0.36450549960136414,0.3677712678909302
n02346627_13325-7,hedgehog,A photo of a hedgehog,0.36450549960136414,0.3677712678909302
n02346627_14026-6,hedgehog,A photo of a hedgehog,0.36450549960136414,0.3677712678909302
n02346627_14421-4,hedgehog,A photo of a hedgehog,0.36429229378700256,0.3633720278739929
n02346627_1474-1,hedgehog,A photo of a hedgehog,0.36429229378700256,0.3633720278739929
n02346627_1474-6,hedgehog,A photo of a hedgehog,0.36429229378700256,0.3633720278739929
n02346627_15025-1,hedgehog,A photo of a hedgehog,0.36429229378700256,0.3633720278739929
n02346627_1507-1,hedgehog,A photo of a hedgehog,0.36429229378700256,0.3633720278739929
n02346627_1568-6,hedgehog,A photo of a hedgehog,0.36429229378700256,0.3633720278739929
n02346627_16197-5,hedgehog,A photo of a hedgehog,0.36429229378700256,0.3633720278739929
n02346627_16359-1,hedgehog,A photo of a hedgehog,0.36429229378700256,0.3633720278739929
n02346627_16441-3,hedgehog,A photo of a hedgehog,0.3856188952922821,0.38839828968048096
n02346627_17176-5,hedgehog,A photo of a hedgehog,0.3856188952922821,0.38839828968048096
n02346627_20341-1,hedgehog,A photo of a hedgehog,0.3856188952922821,0.38839828968048096
n02346627_20341-4,hedgehog,A photo of a hedgehog,0.3856188952922821,0.38839828968048096
n02346627_21982-3,hedgehog,A photo of a hedgehog,0.3856188952922821,0.38839828968048096
n02346627_22289-2,hedgehog,A photo of a hedgehog,0.3856188952922821,0.38839828968048096
n02346627_3079-6,hedgehog,A photo of a hedgehog,0.3856188952922821,0.38839828968048096
n02346627_3173-4,hedgehog,A photo of a hedgehog,0.3856188952922821,0.38839828968048096
n02346627_3173-6,hedgehog,A photo of a hedgehog,0.36302483081817627,0.36566364765167236
n02346627_3982-3,hedgehog,A photo of a hedgehog,0.36302483081817627,0.36566364765167236
n02346627_3982-4,hedgehog,A photo of a hedgehog,0.36302483081817627,0.36566364765167236
n02346627_4554-5,hedgehog,A photo of a hedgehog,0.36302483081817627,0.36566364765167236
n02346627_4916-1,hedgehog,A photo of a hedgehog,0.36302483081817627,0.36566364765167236
n02346627_4916-3,hedgehog,A photo of a hedgehog,0.36302483081817627,0.36566364765167236
n02346627_5182-4,hedgehog,A photo of a hedgehog,0.36302483081817627,0.36566364765167236
n02346627_5258-2,hedgehog,A photo of a hedgehog,0.36302483081817627,0.36566364765167236
n02346627_5495-1,hedgehog,A photo of a hedgehog,0.35956311225891113,0.36379924416542053
n02346627_5495-8,hedgehog,A photo of a hedgehog,0.35956311225891113,0.36379924416542053
n02346627_5495-9,hedgehog,A photo of a hedgehog,0.35956311225891113,0.36379924416542053
n02346627_5795-2,hedgehog,A photo of a hedgehog,0.35956311225891113,0.36379924416542053
n02346627_5795-5,hedgehog,A photo of a hedgehog,0.35956311225891113,0.36379924416542053
n02346627_6206-1,hedgehog,A photo of a hedgehog,0.35956311225891113,0.36379924416542053
n02346627_625-6,hedgehog,A photo of a hedgehog,0.35956311225891113,0.36379924416542053
n02346627_6703-2,hedgehog,A photo of a hedgehog,0.35956311225891113,0.36379924416542053
n02346627_7050-1,hedgehog,A photo of a hedgehog,0.4346960186958313,0.433725506067276
n02346627_7050-2,hedgehog,A photo of a hedgehog,0.4346960186958313,0.433725506067276
n02346627_7050-6,hedgehog,A photo of a hedgehog,0.4346960186958313,0.433725506067276
n02346627_7050-7,hedgehog,A photo of a hedgehog,0.4346960186958313,0.433725506067276
n02346627_7184-5,hedgehog,A photo of a hedgehog,0.4346960186958313,0.433725506067276
n02346627_7274-2,hedgehog,A photo of a hedgehog,0.4346960186958313,0.433725506067276
n02346627_7790-2,hedgehog,A photo of a hedgehog,0.4346960186958313,0.433725506067276
n02346627_7790-5,hedgehog,A photo of a hedgehog,0.4346960186958313,0.433725506067276
n02346627_785-4,hedgehog,A photo of a hedgehog,0.38362619280815125,0.3824462294578552
n02346627_8195-2,hedgehog,A photo of a hedgehog,0.38362619280815125,0.3824462294578552
n02346627_8195-5,hedgehog,A photo of a hedgehog,0.38362619280815125,0.3824462294578552
n02346627_8636-6,hedgehog,A photo of a hedgehog,0.38362619280815125,0.3824462294578552
n02346627_8895-3,hedgehog,A photo of a hedgehog,0.38362619280815125,0.3824462294578552
n02346627_9128-3,hedgehog,A photo of a hedgehog,0.38362619280815125,0.3824462294578552
n02346627_9128-5,hedgehog,A photo of a hedgehog,0.38362619280815125,0.3824462294578552
n02346627_9255-4,hedgehog,A photo of a hedgehog,0.38362619280815125,0.3824462294578552
n02346627_9255-5,hedgehog,A photo of a hedgehog,0.41893869638442993,0.4187976121902466
n02346627_9932-4,hedgehog,A photo of a hedgehog,0.41893869638442993,0.4187976121902466
n02346627_9936-3,hedgehog,A photo of a hedgehog,0.41893869638442993,0.4187976121902466
n03512147_1055-3,helicopter,A photo of a helicopter,0.41893869638442993,0.4187976121902466
n03512147_1191-3,helicopter,A photo of a helicopter,0.41893869638442993,0.4187976121902466
n03512147_1191-4,helicopter,A photo of a helicopter,0.41893869638442993,0.4187976121902466
n03512147_1201-3,helicopter,A photo of a helicopter,0.41893869638442993,0.4187976121902466
n03512147_1318-4,helicopter,A photo of a helicopter,0.41893869638442993,0.4187976121902466
n03512147_1318-5,helicopter,A photo of a helicopter,0.40198880434036255,0.3965950310230255
n03512147_1325-5,helicopter,A photo of a helicopter,0.40198880434036255,0.3965950310230255
n03512147_1414-2,helicopter,A photo of a helicopter,0.40198880434036255,0.3965950310230255
n03512147_1442-3,helicopter,A photo of a helicopter,0.40198880434036255,0.3965950310230255
n03512147_1617-4,helicopter,A photo of a helicopter,0.40198880434036255,0.3965950310230255
n03512147_1617-7,helicopter,A photo of a helicopter,0.40198880434036255,0.3965950310230255
n03512147_1768-4,helicopter,A photo of a helicopter,0.40198880434036255,0.3965950310230255
n03512147_1830-2,helicopter,A photo of a helicopter,0.40198880434036255,0.3965950310230255
n03512147_1830-6,helicopter,A photo of a helicopter,0.37542787194252014,0.372146874666214
n03512147_1995-4,helicopter,A photo of a helicopter,0.37542787194252014,0.372146874666214
n03512147_20-10,helicopter,A photo of a helicopter,0.37542787194252014,0.372146874666214
n03512147_2013-3,helicopter,A photo of a helicopter,0.37542787194252014,0.372146874666214
n03512147_2013-4,helicopter,A photo of a helicopter,0.37542787194252014,0.372146874666214
n03512147_2013-6,helicopter,A photo of a helicopter,0.37542787194252014,0.372146874666214
n03512147_2076-4,helicopter,A photo of a helicopter,0.37542787194252014,0.372146874666214
n03512147_2194-2,helicopter,A photo of a helicopter,0.37542787194252014,0.372146874666214
n03512147_229-6,helicopter,A photo of a helicopter,0.3884871006011963,0.39039134979248047
n03512147_2302-2,helicopter,A photo of a helicopter,0.3884871006011963,0.39039134979248047
n03512147_2302-6,helicopter,A photo of a helicopter,0.3884871006011963,0.39039134979248047
n03512147_2302-7,helicopter,A photo of a helicopter,0.3884871006011963,0.39039134979248047
n03512147_231-6,helicopter,A photo of a helicopter,0.3884871006011963,0.39039134979248047
n03512147_23187-7,helicopter,A photo of a helicopter,0.3884871006011963,0.39039134979248047
n03512147_2529-3,helicopter,A photo of a helicopter,0.3884871006011963,0.39039134979248047
n03512147_2566-3,helicopter,A photo of a helicopter,0.3884871006011963,0.39039134979248047
n03512147_2566-7,helicopter,A photo of a helicopter,0.38019025325775146,0.38163256645202637
n03512147_2605-1,helicopter,A photo of a helicopter,0.38019025325775146,0.38163256645202637
n03512147_2605-7,helicopter,A photo of a helicopter,0.38019025325775146,0.38163256645202637
n03512147_2669-3,helicopter,A photo of a helicopter,0.38019025325775146,0.38163256645202637
n03512147_2669-5,helicopter,A photo of a helicopter,0.38019025325775146,0.38163256645202637
n03512147_2779-4,helicopter,A photo of a helicopter,0.38019025325775146,0.38163256645202637
n03512147_2782-7,helicopter,A photo of a helicopter,0.38019025325775146,0.38163256645202637
n03512147_3019-1,helicopter,A photo of a helicopter,0.38019025325775146,0.38163256645202637
n03512147_3019-2,helicopter,A photo of a helicopter,0.40563714504241943,0.40895676612854004
n03512147_308-9,helicopter,A photo of a helicopter,0.40563714504241943,0.40895676612854004
n03512147_311-2,helicopter,A photo of a helicopter,0.40563714504241943,0.40895676612854004
n03512147_311-3,helicopter,A photo of a helicopter,0.40563714504241943,0.40895676612854004
n03512147_311-6,helicopter,A photo of a helicopter,0.40563714504241943,0.40895676612854004
n03512147_3341-7,helicopter,A photo of a helicopter,0.40563714504241943,0.40895676612854004
n03512147_3641-1,helicopter,A photo of a helicopter,0.40563714504241943,0.40895676612854004
n03512147_3641-6,helicopter,A photo of a helicopter,0.40563714504241943,0.40895676612854004
n03512147_3641-7,helicopter,A photo of a helicopter,0.3863222002983093,0.3888201117515564
n03512147_3705-3,helicopter,A photo of a helicopter,0.3863222002983093,0.3888201117515564
n03512147_3705-4,helicopter,A photo of a helicopter,0.3863222002983093,0.3888201117515564
n03512147_3705-6,helicopter,A photo of a helicopter,0.3863222002983093,0.3888201117515564
n03512147_3800-6,helicopter,A photo of a helicopter,0.3863222002983093,0.3888201117515564
n03512147_3800-7,helicopter,A photo of a helicopter,0.3863222002983093,0.3888201117515564
n03512147_3839-3,helicopter,A photo of a helicopter,0.3863222002983093,0.3888201117515564
n03512147_38622-4,helicopter,A photo of a helicopter,0.3863222002983093,0.3888201117515564
n03512147_39770-6,helicopter,A photo of a helicopter,0.36326250433921814,0.36642417311668396
n03512147_39770-9,helicopter,A photo of a helicopter,0.36326250433921814,0.36642417311668396
n03512147_4087-3,helicopter,A photo of a helicopter,0.36326250433921814,0.36642417311668396
n03512147_438-1,helicopter,A photo of a helicopter,0.36326250433921814,0.36642417311668396
n03512147_4431-4,helicopter,A photo of a helicopter,0.36326250433921814,0.36642417311668396
n03512147_463-4,helicopter,A photo of a helicopter,0.36326250433921814,0.36642417311668396
n03512147_4639-1,helicopter,A photo of a helicopter,0.36326250433921814,0.36642417311668396
n03512147_4639-8,helicopter,A photo of a helicopter,0.36326250433921814,0.36642417311668396
n03512147_4982-3,helicopter,A photo of a helicopter,0.3679247200489044,0.3691295385360718
n03512147_4982-5,helicopter,A photo of a helicopter,0.3679247200489044,0.3691295385360718
n03512147_4991-2,helicopter,A photo of a helicopter,0.3679247200489044,0.3691295385360718
n03512147_4991-3,helicopter,A photo of a helicopter,0.3679247200489044,0.3691295385360718
n03512147_5-6,helicopter,A photo of a helicopter,0.3679247200489044,0.3691295385360718
n03512147_5061-1,helicopter,A photo of a helicopter,0.3679247200489044,0.3691295385360718
n03512147_5061-2,helicopter,A photo of a helicopter,0.3679247200489044,0.3691295385360718
n03512147_5093-1,helicopter,A photo of a helicopter,0.3679247200489044,0.3691295385360718
n03512147_5093-4,helicopter,A photo of a helicopter,0.40424078702926636,0.40655025839805603
n03512147_5436-4,helicopter,A photo of a helicopter,0.40424078702926636,0.40655025839805603
n03512147_5436-6,helicopter,A photo of a helicopter,0.40424078702926636,0.40655025839805603
n03512147_5493-2,helicopter,A photo of a helicopter,0.40424078702926636,0.40655025839805603
n03512147_5508-5,helicopter,A photo of a helicopter,0.40424078702926636,0.40655025839805603
n03512147_5508-6,helicopter,A photo of a helicopter,0.40424078702926636,0.40655025839805603
n03512147_582-4,helicopter,A photo of a helicopter,0.40424078702926636,0.40655025839805603
n03512147_5820-1,helicopter,A photo of a helicopter,0.40424078702926636,0.40655025839805603
n03512147_5820-5,helicopter,A photo of a helicopter,0.3788238763809204,0.37787407636642456
n03512147_6004-1,helicopter,A photo of a helicopter,0.3788238763809204,0.37787407636642456
n03512147_6184-1,helicopter,A photo of a helicopter,0.3788238763809204,0.37787407636642456
n03512147_6184-4,helicopter,A photo of a helicopter,0.3788238763809204,0.37787407636642456
n03512147_6184-7,helicopter,A photo of a helicopter,0.3788238763809204,0.37787407636642456
n03512147_6184-8,helicopter,A photo of a helicopter,0.3788238763809204,0.37787407636642456
n03512147_6267-2,helicopter,A photo of a helicopter,0.3788238763809204,0.37787407636642456
n03512147_6267-5,helicopter,A photo of a helicopter,0.3788238763809204,0.37787407636642456
n03512147_6451-1,helicopter,A photo of a helicopter,0.3987103998661041,0.3970522880554199
n03512147_6451-2,helicopter,A photo of a helicopter,0.3987103998661041,0.3970522880554199
n03512147_6451-5,helicopter,A photo of a helicopter,0.3987103998661041,0.3970522880554199
n03512147_6451-8,helicopter,A photo of a helicopter,0.3987103998661041,0.3970522880554199
n03512147_6468-1,helicopter,A photo of a helicopter,0.3987103998661041,0.3970522880554199
n03512147_6471-2,helicopter,A photo of a helicopter,0.3987103998661041,0.3970522880554199
n03512147_658-10,helicopter,A photo of a helicopter,0.3987103998661041,0.3970522880554199
n03512147_675-1,helicopter,A photo of a helicopter,0.3987103998661041,0.3970522880554199
n03512147_7299-3,helicopter,A photo of a helicopter,0.4111211597919464,0.41734135150909424
n03512147_7299-6,helicopter,A photo of a helicopter,0.4111211597919464,0.41734135150909424
n03512147_7375-4,helicopter,A photo of a helicopter,0.4111211597919464,0.41734135150909424
n03512147_7375-5,helicopter,A photo of a helicopter,0.4111211597919464,0.41734135150909424
n03512147_7375-6,helicopter,A photo of a helicopter,0.4111211597919464,0.41734135150909424
n03512147_7399-3,helicopter,A photo of a helicopter,0.4111211597919464,0.41734135150909424
n03512147_740-5,helicopter,A photo of a helicopter,0.4111211597919464,0.41734135150909424
n03512147_740-6,helicopter,A photo of a helicopter,0.4111211597919464,0.41734135150909424
n03512147_7738-1,helicopter,A photo of a helicopter,0.4299740195274353,0.43279945850372314
n03512147_7738-3,helicopter,A photo of a helicopter,0.4299740195274353,0.43279945850372314
n03512147_7738-5,helicopter,A photo of a helicopter,0.4299740195274353,0.43279945850372314
n01986214_10300-1,hermit_crab,A photo of a hermit crab,0.4299740195274353,0.43279945850372314
n01986214_10300-2,hermit_crab,A photo of a hermit crab,0.4299740195274353,0.43279945850372314
n01986214_10411-4,hermit_crab,A photo of a hermit crab,0.4299740195274353,0.43279945850372314
n01986214_10411-5,hermit_crab,A photo of a hermit crab,0.4299740195274353,0.43279945850372314
n01986214_10516-2,hermit_crab,A photo of a hermit crab,0.4299740195274353,0.43279945850372314
n01986214_10570-1,hermit_crab,A photo of a hermit crab,0.3957003057003021,0.39900898933410645
n01986214_10991-1,hermit_crab,A photo of a hermit crab,0.3957003057003021,0.39900898933410645
n01986214_10991-3,hermit_crab,A photo of a hermit crab,0.3957003057003021,0.39900898933410645
n01986214_10991-4,hermit_crab,A photo of a hermit crab,0.3957003057003021,0.39900898933410645
n01986214_11647-4,hermit_crab,A photo of a hermit crab,0.3957003057003021,0.39900898933410645
n01986214_11695-2,hermit_crab,A photo of a hermit crab,0.3957003057003021,0.39900898933410645
n01986214_11695-4,hermit_crab,A photo of a hermit crab,0.3957003057003021,0.39900898933410645
n01986214_11792-2,hermit_crab,A photo of a hermit crab,0.3957003057003021,0.39900898933410645
n01986214_11880-4,hermit_crab,A photo of a hermit crab,0.3736763000488281,0.3780088424682617
n01986214_12053-4,hermit_crab,A photo of a hermit crab,0.3736763000488281,0.3780088424682617
n01986214_12265-2,hermit_crab,A photo of a hermit crab,0.3736763000488281,0.3780088424682617
n01986214_12265-3,hermit_crab,A photo of a hermit crab,0.3736763000488281,0.3780088424682617
n01986214_12500-2,hermit_crab,A photo of a hermit crab,0.3736763000488281,0.3780088424682617
n01986214_12811-5,hermit_crab,A photo of a hermit crab,0.3736763000488281,0.3780088424682617
n01986214_13084-4,hermit_crab,A photo of a hermit crab,0.3736763000488281,0.3780088424682617
n01986214_13303-6,hermit_crab,A photo of a hermit crab,0.3736763000488281,0.3780088424682617
n01986214_1379-3,hermit_crab,A photo of a hermit crab,0.3953986167907715,0.40751951932907104
n01986214_15370-3,hermit_crab,A photo of a hermit crab,0.3953986167907715,0.40751951932907104
n01986214_15707-4,hermit_crab,A photo of a hermit crab,0.3953986167907715,0.40751951932907104
n01986214_15722-5,hermit_crab,A photo of a hermit crab,0.3953986167907715,0.40751951932907104
n01986214_16032-3,hermit_crab,A photo of a hermit crab,0.3953986167907715,0.40751951932907104
n01986214_16190-5,hermit_crab,A photo of a hermit crab,0.3953986167907715,0.40751951932907104
n01986214_1625-4,hermit_crab,A photo of a hermit crab,0.3953986167907715,0.40751951932907104
n01986214_1625-5,hermit_crab,A photo of a hermit crab,0.3953986167907715,0.40751951932907104
n01986214_16442-1,hermit_crab,A photo of a hermit crab,0.4006069302558899,0.411539226770401
n01986214_16442-5,hermit_crab,A photo of a hermit crab,0.4006069302558899,0.411539226770401
n01986214_16645-2,hermit_crab,A photo of a hermit crab,0.4006069302558899,0.411539226770401
n01986214_16715-1,hermit_crab,A photo of a hermit crab,0.4006069302558899,0.411539226770401
n01986214_17159-5,hermit_crab,A photo of a hermit crab,0.4006069302558899,0.411539226770401
n01986214_17316-2,hermit_crab,A photo of a hermit crab,0.4006069302558899,0.411539226770401
n01986214_17640-1,hermit_crab,A photo of a hermit crab,0.4006069302558899,0.411539226770401
n01986214_17640-2,hermit_crab,A photo of a hermit crab,0.4006069302558899,0.411539226770401
n01986214_18591-1,hermit_crab,A photo of a hermit crab,0.36995574831962585,0.3761829137802124
n01986214_19969-5,hermit_crab,A photo of a hermit crab,0.36995574831962585,0.3761829137802124
n01986214_20285-2,hermit_crab,A photo of a hermit crab,0.36995574831962585,0.3761829137802124
n01986214_20285-3,hermit_crab,A photo of a hermit crab,0.36995574831962585,0.3761829137802124
n01986214_20476-2,hermit_crab,A photo of a hermit crab,0.36995574831962585,0.3761829137802124
n01986214_21159-4,hermit_crab,A photo of a hermit crab,0.36995574831962585,0.3761829137802124
n01986214_21159-5,hermit_crab,A photo of a hermit crab,0.36995574831962585,0.3761829137802124
n01986214_21663-1,hermit_crab,A photo of a hermit crab,0.36995574831962585,0.3761829137802124
n01986214_21663-3,hermit_crab,A photo of a hermit crab,0.3703773617744446,0.37561941146850586
n01986214_21663-4,hermit_crab,A photo of a hermit crab,0.3703773617744446,0.37561941146850586
n01986214_21910-5,hermit_crab,A photo of a hermit crab,0.3703773617744446,0.37561941146850586
n01986214_22176-4,hermit_crab,A photo of a hermit crab,0.3703773617744446,0.37561941146850586
n01986214_2273-1,hermit_crab,A photo of a hermit crab,0.3703773617744446,0.37561941146850586
n01986214_23461-5,hermit_crab,A photo of a hermit crab,0.3703773617744446,0.37561941146850586
n01986214_23987-5,hermit_crab,A photo of a hermit crab,0.3703773617744446,0.37561941146850586
n01986214_24017-1,hermit_crab,A photo of a hermit crab,0.3703773617744446,0.37561941146850586
n01986214_24178-5,hermit_crab,A photo of a hermit crab,0.41058382391929626,0.4132646918296814
n01986214_24264-4,hermit_crab,A photo of a hermit crab,0.41058382391929626,0.4132646918296814
n01986214_2454-1,hermit_crab,A photo of a hermit crab,0.41058382391929626,0.4132646918296814
n01986214_24640-2,hermit_crab,A photo of a hermit crab,0.41058382391929626,0.4132646918296814
n01986214_2506-2,hermit_crab,A photo of a hermit crab,0.41058382391929626,0.4132646918296814
n01986214_2506-6,hermit_crab,A photo of a hermit crab,0.41058382391929626,0.4132646918296814
n01986214_3555-2,hermit_crab,A photo of a hermit crab,0.41058382391929626,0.4132646918296814
n01986214_3659-2,hermit_crab,A photo of a hermit crab,0.41058382391929626,0.4132646918296814
n01986214_3659-5,hermit_crab,A photo of a hermit crab,0.40113258361816406,0.4126455783843994
n01986214_3775-4,hermit_crab,A photo of a hermit crab,0.40113258361816406,0.4126455783843994
n01986214_3775-6,hermit_crab,A photo of a hermit crab,0.40113258361816406,0.4126455783843994
n01986214_392-3,hermit_crab,A photo of a hermit crab,0.40113258361816406,0.4126455783843994
n01986214_3967-3,hermit_crab,A photo of a hermit crab,0.40113258361816406,0.4126455783843994
n01986214_3982-7,hermit_crab,A photo of a hermit crab,0.40113258361816406,0.4126455783843994
n01986214_4189-5,hermit_crab,A photo of a hermit crab,0.40113258361816406,0.4126455783843994
n01986214_4221-3,hermit_crab,A photo of a hermit crab,0.40113258361816406,0.4126455783843994
n01986214_4221-4,hermit_crab,A photo of a hermit crab,0.370577871799469,0.37378618121147156
n01986214_4769-3,hermit_crab,A photo of a hermit crab,0.370577871799469,0.37378618121147156
n01986214_5001-1,hermit_crab,A photo of a hermit crab,0.370577871799469,0.37378618121147156
n01986214_5001-2,hermit_crab,A photo of a hermit crab,0.370577871799469,0.37378618121147156
n01986214_5001-4,hermit_crab,A photo of a hermit crab,0.370577871799469,0.37378618121147156
n01986214_5001-6,hermit_crab,A photo of a hermit crab,0.370577871799469,0.37378618121147156
n01986214_5004-4,hermit_crab,A photo of a hermit crab,0.370577871799469,0.37378618121147156
n01986214_5192-1,hermit_crab,A photo of a hermit crab,0.370577871799469,0.37378618121147156
n01986214_5192-5,hermit_crab,A photo of a hermit crab,0.44261685013771057,0.44768011569976807
n01986214_5290-6,hermit_crab,A photo of a hermit crab,0.44261685013771057,0.44768011569976807
n01986214_5290-7,hermit_crab,A photo of a hermit crab,0.44261685013771057,0.44768011569976807
n01986214_5524-6,hermit_crab,A photo of a hermit crab,0.44261685013771057,0.44768011569976807
n01986214_5761-3,hermit_crab,A photo of a hermit crab,0.44261685013771057,0.44768011569976807
n01986214_5808-4,hermit_crab,A photo of a hermit crab,0.44261685013771057,0.44768011569976807
n01986214_5988-2,hermit_crab,A photo of a hermit crab,0.44261685013771057,0.44768011569976807
n01986214_6402-4,hermit_crab,A photo of a hermit crab,0.44261685013771057,0.44768011569976807
n01986214_8373-4,hermit_crab,A photo of a hermit crab,0.3778061270713806,0.382443904876709
n01986214_8378-4,hermit_crab,A photo of a hermit crab,0.3778061270713806,0.382443904876709
n01986214_860-3,hermit_crab,A photo of a hermit crab,0.3778061270713806,0.382443904876709
n01986214_8626-8,hermit_crab,A photo of a hermit crab,0.3778061270713806,0.382443904876709
n01986214_8877-5,hermit_crab,A photo of a hermit crab,0.3778061270713806,0.382443904876709
n01986214_9417-4,hermit_crab,A photo of a hermit crab,0.3778061270713806,0.382443904876709
n01986214_9417-5,hermit_crab,A photo of a hermit crab,0.3778061270713806,0.382443904876709
n02374451_10081-2,horse,A photo of a horse,0.3778061270713806,0.382443904876709
n02374451_10098-1,horse,A photo of a horse,0.38249900937080383,0.38342732191085815
n02374451_10099-3,horse,A photo of a horse,0.38249900937080383,0.38342732191085815
n02374451_10099-6,horse,A photo of a horse,0.38249900937080383,0.38342732191085815
n02374451_10118-3,horse,A photo of a horse,0.38249900937080383,0.38342732191085815
n02374451_10331-4,horse,A photo of a horse,0.38249900937080383,0.38342732191085815
n02374451_10669-2,horse,A photo of a horse,0.38249900937080383,0.38342732191085815
n02374451_10669-7,horse,A photo of a horse,0.38249900937080383,0.38342732191085815
n02374451_10761-5,horse,A photo of a horse,0.38249900937080383,0.38342732191085815
n02374451_10761-8,horse,A photo of a horse,0.3448890447616577,0.3442770540714264
n02374451_10809-1,horse,A photo of a horse,0.3448890447616577,0.3442770540714264
n02374451_10809-2,horse,A photo of a horse,0.3448890447616577,0.3442770540714264
n02374451_11479-1,horse,A photo of a horse,0.3448890447616577,0.3442770540714264
n02374451_11894-4,horse,A photo of a horse,0.3448890447616577,0.3442770540714264
n02374451_12174-6,horse,A photo of a horse,0.3448890447616577,0.3442770540714264
n02374451_12200-3,horse,A photo of a horse,0.3448890447616577,0.3442770540714264
n02374451_12225-4,horse,A photo of a horse,0.3448890447616577,0.3442770540714264
n02374451_12230-4,horse,A photo of a horse,0.3546191155910492,0.35377687215805054
n02374451_12230-7,horse,A photo of a horse,0.3546191155910492,0.35377687215805054
n02374451_12239-3,horse,A photo of a horse,0.3546191155910492,0.35377687215805054
n02374451_12254-2,horse,A photo of a horse,0.3546191155910492,0.35377687215805054
n02374451_12328-1,horse,A photo of a horse,0.3546191155910492,0.35377687215805054
n02374451_12328-7,horse,A photo of a horse,0.3546191155910492,0.35377687215805054
n02374451_12328-9,horse,A photo of a horse,0.3546191155910492,0.35377687215805054
n02374451_12418-10,horse,A photo of a horse,0.3546191155910492,0.35377687215805054
n02374451_12418-2,horse,A photo of a horse,0.37625545263290405,0.3771400451660156
n02374451_12418-3,horse,A photo of a horse,0.37625545263290405,0.3771400451660156
n02374451_12792-7,horse,A photo of a horse,0.37625545263290405,0.3771400451660156
n02374451_13136-5,horse,A photo of a horse,0.37625545263290405,0.3771400451660156
n02374451_13159-3,horse,A photo of a horse,0.37625545263290405,0.3771400451660156
n02374451_13159-7,horse,A photo of a horse,0.37625545263290405,0.3771400451660156
n02374451_13718-2,horse,A photo of a horse,0.37625545263290405,0.3771400451660156
n02374451_13718-4,horse,A photo of a horse,0.37625545263290405,0.3771400451660156
n02374451_13718-5,horse,A photo of a horse,0.33479899168014526,0.329728364944458
n02374451_14399-3,horse,A photo of a horse,0.33479899168014526,0.329728364944458
n02374451_1443-4,horse,A photo of a horse,0.33479899168014526,0.329728364944458
n02374451_14738-2,horse,A photo of a horse,0.33479899168014526,0.329728364944458
n02374451_14738-6,horse,A photo of a horse,0.33479899168014526,0.329728364944458
n02374451_15307-1,horse,A photo of a horse,0.33479899168014526,0.329728364944458
n02374451_15440-4,horse,A photo of a horse,0.33479899168014526,0.329728364944458
n02374451_15453-7,horse,A photo of a horse,0.33479899168014526,0.329728364944458
n02374451_15669-1,horse,A photo of a horse,0.35153836011886597,0.3481867015361786
n02374451_15669-2,horse,A photo of a horse,0.35153836011886597,0.3481867015361786
n02374451_16948-3,horse,A photo of a horse,0.35153836011886597,0.3481867015361786
n02374451_16948-9,horse,A photo of a horse,0.35153836011886597,0.3481867015361786
n02374451_1695-3,horse,A photo of a horse,0.35153836011886597,0.3481867015361786
n02374451_1695-6,horse,A photo of a horse,0.35153836011886597,0.3481867015361786
n02374451_17474-5,horse,A photo of a horse,0.35153836011886597,0.3481867015361786
n02374451_17474-7,horse,A photo of a horse,0.35153836011886597,0.3481867015361786
n02374451_17634-1,horse,A photo of a horse,0.3563554584980011,0.3529113233089447
n02374451_17634-6,horse,A photo of a horse,0.3563554584980011,0.3529113233089447
n02374451_18192-4,horse,A photo of a horse,0.3563554584980011,0.3529113233089447
n02374451_2372-4,horse,A photo of a horse,0.3563554584980011,0.3529113233089447
n02374451_245-6,horse,A photo of a horse,0.3563554584980011,0.3529113233089447
n02374451_2478-2,horse,A photo of a horse,0.3563554584980011,0.3529113233089447
n02374451_2478-4,horse,A photo of a horse,0.3563554584980011,0.3529113233089447
n02374451_2478-5,horse,A photo of a horse,0.3563554584980011,0.3529113233089447
n02374451_2616-10,horse,A photo of a horse,0.3300914168357849,0.3257315754890442
n02374451_2616-5,horse,A photo of a horse,0.3300914168357849,0.3257315754890442
n02374451_2616-7,horse,A photo of a horse,0.3300914168357849,0.3257315754890442
n02374451_262-10,horse,A photo of a horse,0.3300914168357849,0.3257315754890442
n02374451_262-11,horse,A photo of a horse,0.3300914168357849,0.3257315754890442
n02374451_262-3,horse,A photo of a horse,0.3300914168357849,0.3257315754890442
n02374451_262-9,horse,A photo of a horse,0.3300914168357849,0.3257315754890442
n02374451_2733-6,horse,A photo of a horse,0.3300914168357849,0.3257315754890442
n02374451_2733-7,horse,A photo of a horse,0.3474448323249817,0.34603583812713623
n02374451_276-9,horse,A photo of a horse,0.3474448323249817,0.34603583812713623
n02374451_2825-1,horse,A photo of a horse,0.3474448323249817,0.34603583812713623
n02374451_2825-7,horse,A photo of a horse,0.3474448323249817,0.34603583812713623
n02374451_2846-5,horse,A photo of a horse,0.3474448323249817,0.34603583812713623
n02374451_388-5,horse,A photo of a horse,0.3474448323249817,0.34603583812713623
n02374451_388-7,horse,A photo of a horse,0.3474448323249817,0.34603583812713623
n02374451_4538-5,horse,A photo of a horse,0.3474448323249817,0.34603583812713623
n02374451_4553-3,horse,A photo of a horse,0.35646432638168335,0.3515983819961548
n02374451_468-1,horse,A photo of a horse,0.35646432638168335,0.3515983819961548
n02374451_468-10,horse,A photo of a horse,0.35646432638168335,0.3515983819961548
n02374451_468-6,horse,A photo of a horse,0.35646432638168335,0.3515983819961548
n02374451_4795-5,horse,A photo of a horse,0.35646432638168335,0.3515983819961548
n02374451_4818-6,horse,A photo of a horse,0.35646432638168335,0.3515983819961548
n02374451_490-3,horse,A photo of a horse,0.35646432638168335,0.3515983819961548
n02374451_4963-1,horse,A photo of a horse,0.35646432638168335,0.3515983819961548
n02374451_4963-4,horse,A photo of a horse,0.3374538719654083,0.3378779888153076
n02374451_4963-6,horse,A photo of a horse,0.3374538719654083,0.3378779888153076
n02374451_503-5,horse,A photo of a horse,0.3374538719654083,0.3378779888153076
n02374451_54-5,horse,A photo of a horse,0.3374538719654083,0.3378779888153076
n02374451_54-8,horse,A photo of a horse,0.3374538719654083,0.3378779888153076
n02374451_557-5,horse,A photo of a horse,0.3374538719654083,0.3378779888153076
n02374451_597-2,horse,A photo of a horse,0.3374538719654083,0.3378779888153076
n02374451_597-4,horse,A photo of a horse,0.3374538719654083,0.3378779888153076
n02374451_6207-1,horse,A photo of a horse,0.3585619628429413,0.35816746950149536
n02374451_6207-5,horse,A photo of a horse,0.3585619628429413,0.35816746950149536
n02374451_7631-4,horse,A photo of a horse,0.3585619628429413,0.35816746950149536
n02374451_779-4,horse,A photo of a horse,0.3585619628429413,0.35816746950149536
n02374451_779-5,horse,A photo of a horse,0.3585619628429413,0.35816746950149536
n02374451_8065-2,horse,A photo of a horse,0.3585619628429413,0.35816746950149536
n02374451_8269-7,horse,A photo of a horse,0.3585619628429413,0.35816746950149536
n02374451_8526-2,horse,A photo of a horse,0.3585619628429413,0.35816746950149536
n02374451_8718-1,horse,A photo of a horse,0.33871740102767944,0.3378438949584961
n02374451_8718-2,horse,A photo of a horse,0.33871740102767944,0.3378438949584961
n02374451_8718-4,horse,A photo of a horse,0.33871740102767944,0.3378438949584961
n02374451_8744-10,horse,A photo of a horse,0.33871740102767944,0.3378438949584961
n02374451_8744-8,horse,A photo of a horse,0.33871740102767944,0.3378438949584961
n02374451_8744-9,horse,A photo of a horse,0.33871740102767944,0.3378438949584961
n02374451_9064-1,horse,A photo of a horse,0.33871740102767944,0.3378438949584961
n02374451_9225-1,horse,A photo of a horse,0.33871740102767944,0.3378438949584961
n02374451_9225-7,horse,A photo of a horse,0.37513214349746704,0.3746047019958496
n02374451_929-1,horse,A photo of a horse,0.37513214349746704,0.3746047019958496
n02374451_929-5,horse,A photo of a horse,0.37513214349746704,0.3746047019958496
n02374451_9892-1,horse,A photo of a horse,0.37513214349746704,0.3746047019958496
n02374451_9892-5,horse,A photo of a horse,0.37513214349746704,0.3746047019958496
n02782093_1072-5,hot-air_balloon,A photo of a hot-air balloon,0.37513214349746704,0.3746047019958496
n02782093_10759-5,hot-air_balloon,A photo of a hot-air balloon,0.37513214349746704,0.3746047019958496
n02782093_1083-5,hot-air_balloon,A photo of a hot-air balloon,0.37513214349746704,0.3746047019958496
n02782093_1083-6,hot-air_balloon,A photo of a hot-air balloon,0.3511340022087097,0.34608766436576843
n02782093_13910-2,hot-air_balloon,A photo of a hot-air balloon,0.3511340022087097,0.34608766436576843
n02782093_1575-1,hot-air_balloon,A photo of a hot-air balloon,0.3511340022087097,0.34608766436576843
n02782093_1575-4,hot-air_balloon,A photo of a hot-air balloon,0.3511340022087097,0.34608766436576843
n02782093_15752-5,hot-air_balloon,A photo of a hot-air balloon,0.3511340022087097,0.34608766436576843
n02782093_16428-3,hot-air_balloon,A photo of a hot-air balloon,0.3511340022087097,0.34608766436576843
n02782093_16428-5,hot-air_balloon,A photo of a hot-air balloon,0.3511340022087097,0.34608766436576843
n02782093_2133-3,hot-air_balloon,A photo of a hot-air balloon,0.3511340022087097,0.34608766436576843
n02782093_2737-2,hot-air_balloon,A photo of a hot-air balloon,0.36409538984298706,0.3666346073150635
n02782093_2790-3,hot-air_balloon,A photo of a hot-air balloon,0.36409538984298706,0.3666346073150635
n02782093_2790-4,hot-air_balloon,A photo of a hot-air balloon,0.36409538984298706,0.3666346073150635
n02782093_2790-8,hot-air_balloon,A photo of a hot-air balloon,0.36409538984298706,0.3666346073150635
n02782093_2807-1,hot-air_balloon,A photo of a hot-air balloon,0.36409538984298706,0.3666346073150635
n02782093_2807-2,hot-air_balloon,A photo of a hot-air balloon,0.36409538984298706,0.3666346073150635
n02782093_2899-3,hot-air_balloon,A photo of a hot-air balloon,0.36409538984298706,0.3666346073150635
n02782093_291-2,hot-air_balloon,A photo of a hot-air balloon,0.36409538984298706,0.3666346073150635
n02782093_291-4,hot-air_balloon,A photo of a hot-air balloon,0.3431771397590637,0.3446089029312134
n02782093_3163-6,hot-air_balloon,A photo of a hot-air balloon,0.3431771397590637,0.3446089029312134
n02782093_3194-4,hot-air_balloon,A photo of a hot-air balloon,0.3431771397590637,0.3446089029312134
n02782093_3194-5,hot-air_balloon,A photo of a hot-air balloon,0.3431771397590637,0.3446089029312134
n02782093_3214-1,hot-air_balloon,A photo of a hot-air balloon,0.3431771397590637,0.3446089029312134
n02782093_3325-1,hot-air_balloon,A photo of a hot-air balloon,0.3431771397590637,0.3446089029312134
n02782093_3916-4,hot-air_balloon,A photo of a hot-air balloon,0.3431771397590637,0.3446089029312134
n02782093_4582-4,hot-air_balloon,A photo of a hot-air balloon,0.3431771397590637,0.3446089029312134
n02782093_4582-5,hot-air_balloon,A photo of a hot-air balloon,0.3575083613395691,0.35725390911102295
n02782093_4675-4,hot-air_balloon,A photo of a hot-air balloon,0.3575083613395691,0.35725390911102295
n02782093_5147-5,hot-air_balloon,A photo of a hot-air balloon,0.3575083613395691,0.35725390911102295
n02782093_5365-2,hot-air_balloon,A photo of a hot-air balloon,0.3575083613395691,0.35725390911102295
n02782093_5421-1,hot-air_balloon,A photo of a hot-air balloon,0.3575083613395691,0.35725390911102295
n02782093_5421-2,hot-air_balloon,A photo of a hot-air balloon,0.3575083613395691,0.35725390911102295
n02782093_6600-1,hot-air_balloon,A photo of a hot-air balloon,0.3575083613395691,0.35725390911102295
n02782093_831-3,hot-air_balloon,A photo of a hot-air balloon,0.3575083613395691,0.35725390911102295
n02782093_931-2,hot-air_balloon,A photo of a hot-air balloon,0.42854005098342896,0.43121010065078735
n03541923_10735-3,hot-air_balloon,A photo of a hot-air balloon,0.42854005098342896,0.43121010065078735
n03541923_10735-4,hot-air_balloon,A photo of a hot-air balloon,0.42854005098342896,0.43121010065078735
n03541923_1075-1,hot-air_balloon,A photo of a hot-air balloon,0.42854005098342896,0.43121010065078735
n03541923_1367-3,hot-air_balloon,A photo of a hot-air balloon,0.42854005098342896,0.43121010065078735
n03541923_1390-5,hot-air_balloon,A photo of a hot-air balloon,0.42854005098342896,0.43121010065078735
n03541923_1462-1,hot-air_balloon,A photo of a hot-air balloon,0.42854005098342896,0.43121010065078735
n03541923_1553-5,hot-air_balloon,A photo of a hot-air balloon,0.42854005098342896,0.43121010065078735
n03541923_1834-5,hot-air_balloon,A photo of a hot-air balloon,0.3635620176792145,0.3629634380340576
n03541923_1834-9,hot-air_balloon,A photo of a hot-air balloon,0.3635620176792145,0.3629634380340576
n03541923_1892-5,hot-air_balloon,A photo of a hot-air balloon,0.3635620176792145,0.3629634380340576
n03541923_1910-1,hot-air_balloon,A photo of a hot-air balloon,0.3635620176792145,0.3629634380340576
n03541923_1916-1,hot-air_balloon,A photo of a hot-air balloon,0.3635620176792145,0.3629634380340576
n03541923_1916-7,hot-air_balloon,A photo of a hot-air balloon,0.3635620176792145,0.3629634380340576
n03541923_1963-3,hot-air_balloon,A photo of a hot-air balloon,0.3635620176792145,0.3629634380340576
n03541923_1963-6,hot-air_balloon,A photo of a hot-air balloon,0.3635620176792145,0.3629634380340576
n03541923_2560-1,hot-air_balloon,A photo of a hot-air balloon,0.43537580966949463,0.43835100531578064
n03541923_2560-5,hot-air_balloon,A photo of a hot-air balloon,0.43537580966949463,0.43835100531578064
n03541923_2670-1,hot-air_balloon,A photo of a hot-air balloon,0.43537580966949463,0.43835100531578064
n03541923_2670-3,hot-air_balloon,A photo of a hot-air balloon,0.43537580966949463,0.43835100531578064
n03541923_2771-9,hot-air_balloon,A photo of a hot-air balloon,0.43537580966949463,0.43835100531578064
n03541923_2800-4,hot-air_balloon,A photo of a hot-air balloon,0.43537580966949463,0.43835100531578064
n03541923_2800-7,hot-air_balloon,A photo of a hot-air balloon,0.43537580966949463,0.43835100531578064
n03541923_2800-9,hot-air_balloon,A photo of a hot-air balloon,0.43537580966949463,0.43835100531578064
n03541923_2812-3,hot-air_balloon,A photo of a hot-air balloon,0.3997778594493866,0.4003433585166931
n03541923_2848-4,hot-air_balloon,A photo of a hot-air balloon,0.3997778594493866,0.4003433585166931
n03541923_3219-1,hot-air_balloon,A photo of a hot-air balloon,0.3997778594493866,0.4003433585166931
n03541923_3219-2,hot-air_balloon,A photo of a hot-air balloon,0.3997778594493866,0.4003433585166931
n03541923_3219-3,hot-air_balloon,A photo of a hot-air balloon,0.3997778594493866,0.4003433585166931
n03541923_3253-7,hot-air_balloon,A photo of a hot-air balloon,0.3997778594493866,0.4003433585166931
n03541923_3291-1,hot-air_balloon,A photo of a hot-air balloon,0.3997778594493866,0.4003433585166931
n03541923_3291-4,hot-air_balloon,A photo of a hot-air balloon,0.3997778594493866,0.4003433585166931
n03541923_3571-5,hot-air_balloon,A photo of a hot-air balloon,0.36501768231391907,0.3645329773426056
n03541923_361-4,hot-air_balloon,A photo of a hot-air balloon,0.36501768231391907,0.3645329773426056
n03541923_380-2,hot-air_balloon,A photo of a hot-air balloon,0.36501768231391907,0.3645329773426056
n03541923_3913-4,hot-air_balloon,A photo of a hot-air balloon,0.36501768231391907,0.3645329773426056
n03541923_4128-2,hot-air_balloon,A photo of a hot-air balloon,0.36501768231391907,0.3645329773426056
n03541923_4128-5,hot-air_balloon,A photo of a hot-air balloon,0.36501768231391907,0.3645329773426056
n03541923_4174-1,hot-air_balloon,A photo of a hot-air balloon,0.36501768231391907,0.3645329773426056
n03541923_4410-10,hot-air_balloon,A photo of a hot-air balloon,0.36501768231391907,0.3645329773426056
n03541923_5133-3,hot-air_balloon,A photo of a hot-air balloon,0.3635990023612976,0.3652191758155823
n03541923_718-1,hot-air_balloon,A photo of a hot-air balloon,0.3635990023612976,0.3652191758155823
n03541923_73-6,hot-air_balloon,A photo of a hot-air balloon,0.3635990023612976,0.3652191758155823
n03541923_738-2,hot-air_balloon,A photo of a hot-air balloon,0.3635990023612976,0.3652191758155823
n03541923_738-6,hot-air_balloon,A photo of a hot-air balloon,0.3635990023612976,0.3652191758155823
n03541923_739-6,hot-air_balloon,A photo of a hot-air balloon,0.3635990023612976,0.3652191758155823
n07697537_1002-3,hotdog,A photo of a hotdog,0.3635990023612976,0.3652191758155823
n07697537_1002-6,hotdog,A photo of a hotdog,0.3635990023612976,0.3652191758155823
n07697537_10215-2,hotdog,A photo of a hotdog,0.3289206027984619,0.3313518762588501
n07697537_1022-3,hotdog,A photo of a hotdog,0.3289206027984619,0.3313518762588501
n07697537_10559-3,hotdog,A photo of a hotdog,0.3289206027984619,0.3313518762588501
n07697537_12416-1,hotdog,A photo of a hotdog,0.3289206027984619,0.3313518762588501
n07697537_12416-5,hotdog,A photo of a hotdog,0.3289206027984619,0.3313518762588501
n07697537_12752-2,hotdog,A photo of a hotdog,0.3289206027984619,0.3313518762588501
n07697537_12983-3,hotdog,A photo of a hotdog,0.3289206027984619,0.3313518762588501
n07697537_12983-5,hotdog,A photo of a hotdog,0.3289206027984619,0.3313518762588501
n07697537_13591-4,hotdog,A photo of a hotdog,0.3364402651786804,0.33670124411582947
n07697537_13817-5,hotdog,A photo of a hotdog,0.3364402651786804,0.33670124411582947
n07697537_13817-6,hotdog,A photo of a hotdog,0.3364402651786804,0.33670124411582947
n07697537_13817-9,hotdog,A photo of a hotdog,0.3364402651786804,0.33670124411582947
n07697537_14033-2,hotdog,A photo of a hotdog,0.3364402651786804,0.33670124411582947
n07697537_14575-2,hotdog,A photo of a hotdog,0.3364402651786804,0.33670124411582947
n07697537_15226-5,hotdog,A photo of a hotdog,0.3364402651786804,0.33670124411582947
n07697537_15718-10,hotdog,A photo of a hotdog,0.3364402651786804,0.33670124411582947
n07697537_15718-2,hotdog,A photo of a hotdog,0.3423289656639099,0.34275540709495544
n07697537_15718-4,hotdog,A photo of a hotdog,0.3423289656639099,0.34275540709495544
n07697537_15718-5,hotdog,A photo of a hotdog,0.3423289656639099,0.34275540709495544
n07697537_15967-4,hotdog,A photo of a hotdog,0.3423289656639099,0.34275540709495544
n07697537_15967-8,hotdog,A photo of a hotdog,0.3423289656639099,0.34275540709495544
n07697537_16009-1,hotdog,A photo of a hotdog,0.3423289656639099,0.34275540709495544
n07697537_16414-10,hotdog,A photo of a hotdog,0.3423289656639099,0.34275540709495544
n07697537_16414-8,hotdog,A photo of a hotdog,0.3423289656639099,0.34275540709495544
n07697537_16914-4,hotdog,A photo of a hotdog,0.34293311834335327,0.343797504901886
n07697537_17339-2,hotdog,A photo of a hotdog,0.34293311834335327,0.343797504901886
n07697537_17339-9,hotdog,A photo of a hotdog,0.34293311834335327,0.343797504901886
n07697537_17396-4,hotdog,A photo of a hotdog,0.34293311834335327,0.343797504901886
n07697537_17396-5,hotdog,A photo of a hotdog,0.34293311834335327,0.343797504901886
n07697537_18186-1,hotdog,A photo of a hotdog,0.34293311834335327,0.343797504901886
n07697537_18186-5,hotdog,A photo of a hotdog,0.34293311834335327,0.343797504901886
n07697537_19962-3,hotdog,A photo of a hotdog,0.34293311834335327,0.343797504901886
n07697537_19962-5,hotdog,A photo of a hotdog,0.34496915340423584,0.3493663966655731
n07697537_21976-3,hotdog,A photo of a hotdog,0.34496915340423584,0.3493663966655731
n07697537_21976-7,hotdog,A photo of a hotdog,0.34496915340423584,0.3493663966655731
n07697537_22051-1,hotdog,A photo of a hotdog,0.34496915340423584,0.3493663966655731
n07697537_22926-1,hotdog,A photo of a hotdog,0.34496915340423584,0.3493663966655731
n07697537_22926-2,hotdog,A photo of a hotdog,0.34496915340423584,0.3493663966655731
n07697537_22926-5,hotdog,A photo of a hotdog,0.34496915340423584,0.3493663966655731
n07697537_23228-5,hotdog,A photo of a hotdog,0.34496915340423584,0.3493663966655731
n07697537_2369-5,hotdog,A photo of a hotdog,0.3632509410381317,0.3631044030189514
n07697537_23696-7,hotdog,A photo of a hotdog,0.3632509410381317,0.3631044030189514
n07697537_2380-2,hotdog,A photo of a hotdog,0.3632509410381317,0.3631044030189514
n07697537_2380-7,hotdog,A photo of a hotdog,0.3632509410381317,0.3631044030189514
n07697537_23916-5,hotdog,A photo of a hotdog,0.3632509410381317,0.3631044030189514
n07697537_23978-8,hotdog,A photo of a hotdog,0.3632509410381317,0.3631044030189514
n07697537_24324-1,hotdog,A photo of a hotdog,0.3632509410381317,0.3631044030189514
n07697537_24507-10,hotdog,A photo of a hotdog,0.3632509410381317,0.3631044030189514
n07697537_24507-7,hotdog,A photo of a hotdog,0.3477996587753296,0.3503590226173401
n07697537_2505-4,hotdog,A photo of a hotdog,0.3477996587753296,0.3503590226173401
n07697537_25352-5,hotdog,A photo of a hotdog,0.3477996587753296,0.3503590226173401
n07697537_2903-10,hotdog,A photo of a hotdog,0.3477996587753296,0.3503590226173401
n07697537_29116-3,hotdog,A photo of a hotdog,0.3477996587753296,0.3503590226173401
n07697537_3085-1,hotdog,A photo of a hotdog,0.3477996587753296,0.3503590226173401
n07697537_3085-4,hotdog,A photo of a hotdog,0.3477996587753296,0.3503590226173401
n07697537_3086-4,hotdog,A photo of a hotdog,0.3477996587753296,0.3503590226173401
n07697537_31333-10,hotdog,A photo of a hotdog,0.3472479283809662,0.3520825505256653
n07697537_31333-8,hotdog,A photo of a hotdog,0.3472479283809662,0.3520825505256653
n07697537_32211-5,hotdog,A photo of a hotdog,0.3472479283809662,0.3520825505256653
n07697537_32497-2,hotdog,A photo of a hotdog,0.3472479283809662,0.3520825505256653
n07697537_32663-5,hotdog,A photo of a hotdog,0.3472479283809662,0.3520825505256653
n07697537_34124-2,hotdog,A photo of a hotdog,0.3472479283809662,0.3520825505256653
n07697537_431-1,hotdog,A photo of a hotdog,0.3472479283809662,0.3520825505256653
n07697537_431-3,hotdog,A photo of a hotdog,0.3472479283809662,0.3520825505256653
n07697537_4937-1,hotdog,A photo of a hotdog,0.36702728271484375,0.3680984377861023
n07697537_5439-4,hotdog,A photo of a hotdog,0.36702728271484375,0.3680984377861023
n07697537_5962-3,hotdog,A photo of a hotdog,0.36702728271484375,0.3680984377861023
n07697537_6239-3,hotdog,A photo of a hotdog,0.36702728271484375,0.3680984377861023
n07697537_6515-8,hotdog,A photo of a hotdog,0.36702728271484375,0.3680984377861023
n07697537_6953-3,hotdog,A photo of a hotdog,0.36702728271484375,0.3680984377861023
n07697537_6996-3,hotdog,A photo of a hotdog,0.36702728271484375,0.3680984377861023
n07697537_7193-6,hotdog,A photo of a hotdog,0.36702728271484375,0.3680984377861023
n07697537_7193-7,hotdog,A photo of a hotdog,0.33174973726272583,0.3352528512477875
n07697537_7332-4,hotdog,A photo of a hotdog,0.33174973726272583,0.3352528512477875
n07697537_7465-3,hotdog,A photo of a hotdog,0.33174973726272583,0.3352528512477875
n07697537_7465-5,hotdog,A photo of a hotdog,0.33174973726272583,0.3352528512477875
n07697537_7480-6,hotdog,A photo of a hotdog,0.33174973726272583,0.3352528512477875
n07697537_7480-7,hotdog,A photo of a hotdog,0.33174973726272583,0.3352528512477875
n07697537_7480-8,hotdog,A photo of a hotdog,0.33174973726272583,0.3352528512477875
n07697537_7529-3,hotdog,A photo of a hotdog,0.33174973726272583,0.3352528512477875
n07697537_7529-5,hotdog,A photo of a hotdog,0.3429415225982666,0.34433531761169434
n07697537_7529-6,hotdog,A photo of a hotdog,0.3429415225982666,0.34433531761169434
n07697537_8145-1,hotdog,A photo of a hotdog,0.3429415225982666,0.34433531761169434
n07697537_8410-2,hotdog,A photo of a hotdog,0.3429415225982666,0.34433531761169434
n07697537_9160-5,hotdog,A photo of a hotdog,0.3429415225982666,0.34433531761169434
n07697537_9527-2,hotdog,A photo of a hotdog,0.3429415225982666,0.34433531761169434
n07697537_9587-10,hotdog,A photo of a hotdog,0.3429415225982666,0.34433531761169434
n03544143_10102-3,hourglass,A photo of a hourglass,0.3429415225982666,0.34433531761169434
n03544143_10287-1,hourglass,A photo of a hourglass,0.4274773597717285,0.4286329448223114
n03544143_10288-4,hourglass,A photo of a hourglass,0.4274773597717285,0.4286329448223114
n03544143_10451-3,hourglass,A photo of a hourglass,0.4274773597717285,0.4286329448223114
n03544143_10483-1,hourglass,A photo of a hourglass,0.4274773597717285,0.4286329448223114
n03544143_10517-3,hourglass,A photo of a hourglass,0.4274773597717285,0.4286329448223114
n03544143_10517-5,hourglass,A photo of a hourglass,0.4274773597717285,0.4286329448223114
n03544143_10735-5,hourglass,A photo of a hourglass,0.4274773597717285,0.4286329448223114
n03544143_10896-2,hourglass,A photo of a hourglass,0.4274773597717285,0.4286329448223114
n03544143_10951-1,hourglass,A photo of a hourglass,0.3916882276535034,0.3904097378253937
n03544143_10951-6,hourglass,A photo of a hourglass,0.3916882276535034,0.3904097378253937
n03544143_11550-5,hourglass,A photo of a hourglass,0.3916882276535034,0.3904097378253937
n03544143_11720-3,hourglass,A photo of a hourglass,0.3916882276535034,0.3904097378253937
n03544143_12025-1,hourglass,A photo of a hourglass,0.3916882276535034,0.3904097378253937
n03544143_12025-4,hourglass,A photo of a hourglass,0.3916882276535034,0.3904097378253937
n03544143_12097-5,hourglass,A photo of a hourglass,0.3916882276535034,0.3904097378253937
n03544143_12185-3,hourglass,A photo of a hourglass,0.3916882276535034,0.3904097378253937
n03544143_1234-5,hourglass,A photo of a hourglass,0.37638843059539795,0.3773214817047119
n03544143_12633-5,hourglass,A photo of a hourglass,0.37638843059539795,0.3773214817047119
n03544143_12654-4,hourglass,A photo of a hourglass,0.37638843059539795,0.3773214817047119
n03544143_12711-1,hourglass,A photo of a hourglass,0.37638843059539795,0.3773214817047119
n03544143_12711-3,hourglass,A photo of a hourglass,0.37638843059539795,0.3773214817047119
n03544143_1379-3,hourglass,A photo of a hourglass,0.37638843059539795,0.3773214817047119
n03544143_1379-4,hourglass,A photo of a hourglass,0.37638843059539795,0.3773214817047119
n03544143_13905-3,hourglass,A photo of a hourglass,0.37638843059539795,0.3773214817047119
n03544143_14542-2,hourglass,A photo of a hourglass,0.3738058805465698,0.37645354866981506
n03544143_15251-3,hourglass,A photo of a hourglass,0.3738058805465698,0.37645354866981506
n03544143_15801-1,hourglass,A photo of a hourglass,0.3738058805465698,0.37645354866981506
n03544143_15801-5,hourglass,A photo of a hourglass,0.3738058805465698,0.37645354866981506
n03544143_16230-4,hourglass,A photo of a hourglass,0.3738058805465698,0.37645354866981506
n03544143_16543-5,hourglass,A photo of a hourglass,0.3738058805465698,0.37645354866981506
n03544143_16543-6,hourglass,A photo of a hourglass,0.3738058805465698,0.37645354866981506
n03544143_16689-3,hourglass,A photo of a hourglass,0.3738058805465698,0.37645354866981506
n03544143_17045-5,hourglass,A photo of a hourglass,0.3713510036468506,0.37487518787384033
n03544143_17348-4,hourglass,A photo of a hourglass,0.3713510036468506,0.37487518787384033
n03544143_1748-3,hourglass,A photo of a hourglass,0.3713510036468506,0.37487518787384033
n03544143_1748-5,hourglass,A photo of a hourglass,0.3713510036468506,0.37487518787384033
n03544143_17851-1,hourglass,A photo of a hourglass,0.3713510036468506,0.37487518787384033
n03544143_17851-5,hourglass,A photo of a hourglass,0.3713510036468506,0.37487518787384033
n03544143_18580-2,hourglass,A photo of a hourglass,0.3713510036468506,0.37487518787384033
n03544143_18896-3,hourglass,A photo of a hourglass,0.3713510036468506,0.37487518787384033
n03544143_19284-5,hourglass,A photo of a hourglass,0.35857078433036804,0.357873797416687
n03544143_2383-3,hourglass,A photo of a hourglass,0.35857078433036804,0.357873797416687
n03544143_2859-3,hourglass,A photo of a hourglass,0.35857078433036804,0.357873797416687
n03544143_3232-3,hourglass,A photo of a hourglass,0.35857078433036804,0.357873797416687
n03544143_3232-5,hourglass,A photo of a hourglass,0.35857078433036804,0.357873797416687
n03544143_3270-1,hourglass,A photo of a hourglass,0.35857078433036804,0.357873797416687
n03544143_3348-1,hourglass,A photo of a hourglass,0.35857078433036804,0.357873797416687
n03544143_3348-3,hourglass,A photo of a hourglass,0.35857078433036804,0.357873797416687
n03544143_3348-4,hourglass,A photo of a hourglass,0.38387852907180786,0.39037659764289856
n03544143_3804-3,hourglass,A photo of a hourglass,0.38387852907180786,0.39037659764289856
n03544143_4195-2,hourglass,A photo of a hourglass,0.38387852907180786,0.39037659764289856
n03544143_4868-4,hourglass,A photo of a hourglass,0.38387852907180786,0.39037659764289856
n03544143_4884-4,hourglass,A photo of a hourglass,0.38387852907180786,0.39037659764289856
n03544143_4927-3,hourglass,A photo of a hourglass,0.38387852907180786,0.39037659764289856
n03544143_4927-4,hourglass,A photo of a hourglass,0.38387852907180786,0.39037659764289856
n03544143_524-1,hourglass,A photo of a hourglass,0.38387852907180786,0.39037659764289856
n03544143_524-5,hourglass,A photo of a hourglass,0.4123891294002533,0.4132423996925354
n03544143_5372-2,hourglass,A photo of a hourglass,0.4123891294002533,0.4132423996925354
n03544143_5707-2,hourglass,A photo of a hourglass,0.4123891294002533,0.4132423996925354
n03544143_5707-3,hourglass,A photo of a hourglass,0.4123891294002533,0.4132423996925354
n03544143_5707-5,hourglass,A photo of a hourglass,0.4123891294002533,0.4132423996925354
n03544143_577-2,hourglass,A photo of a hourglass,0.4123891294002533,0.4132423996925354
n03544143_577-4,hourglass,A photo of a hourglass,0.4123891294002533,0.4132423996925354
n03544143_5793-2,hourglass,A photo of a hourglass,0.4123891294002533,0.4132423996925354
n03544143_6579-4,hourglass,A photo of a hourglass,0.39443039894104004,0.39511922001838684
n03544143_6677-4,hourglass,A photo of a hourglass,0.39443039894104004,0.39511922001838684
n03544143_7284-4,hourglass,A photo of a hourglass,0.39443039894104004,0.39511922001838684
n03544143_7468-3,hourglass,A photo of a hourglass,0.39443039894104004,0.39511922001838684
n03544143_8556-2,hourglass,A photo of a hourglass,0.39443039894104004,0.39511922001838684
n03544143_8706-2,hourglass,A photo of a hourglass,0.39443039894104004,0.39511922001838684
n03544143_8706-4,hourglass,A photo of a hourglass,0.39443039894104004,0.39511922001838684
n03544143_8706-5,hourglass,A photo of a hourglass,0.39443039894104004,0.39511922001838684
n03544143_8796-1,hourglass,A photo of a hourglass,0.38477373123168945,0.3874225616455078
n03544143_9135-5,hourglass,A photo of a hourglass,0.38477373123168945,0.3874225616455078
n03544143_920-5,hourglass,A photo of a hourglass,0.38477373123168945,0.3874225616455078
n03544143_9490-1,hourglass,A photo of a hourglass,0.38477373123168945,0.3874225616455078
n03544143_9490-5,hourglass,A photo of a hourglass,0.38477373123168945,0.3874225616455078
n03544143_9655-4,hourglass,A photo of a hourglass,0.38477373123168945,0.3874225616455078
n03544143_9732-1,hourglass,A photo of a hourglass,0.38477373123168945,0.3874225616455078
n03544143_9732-2,hourglass,A photo of a hourglass,0.38477373123168945,0.3874225616455078
n03590841_10934-3,jack-o-lantern,A photo of a jack-o-lantern,0.4393743872642517,0.4340965449810028
n03590841_11094-3,jack-o-lantern,A photo of a jack-o-lantern,0.4393743872642517,0.4340965449810028
n03590841_11282-2,jack-o-lantern,A photo of a jack-o-lantern,0.4393743872642517,0.4340965449810028
n03590841_11282-7,jack-o-lantern,A photo of a jack-o-lantern,0.4393743872642517,0.4340965449810028
n03590841_11282-9,jack-o-lantern,A photo of a jack-o-lantern,0.4393743872642517,0.4340965449810028
n03590841_11344-2,jack-o-lantern,A photo of a jack-o-lantern,0.4393743872642517,0.4340965449810028
n03590841_11414-1,jack-o-lantern,A photo of a jack-o-lantern,0.4393743872642517,0.4340965449810028
n03590841_11829-2,jack-o-lantern,A photo of a jack-o-lantern,0.4393743872642517,0.4340965449810028
n03590841_1270-3,jack-o-lantern,A photo of a jack-o-lantern,0.37605980038642883,0.37165042757987976
n03590841_1291-1,jack-o-lantern,A photo of a jack-o-lantern,0.37605980038642883,0.37165042757987976
n03590841_2127-3,jack-o-lantern,A photo of a jack-o-lantern,0.37605980038642883,0.37165042757987976
n03590841_2497-1,jack-o-lantern,A photo of a jack-o-lantern,0.37605980038642883,0.37165042757987976
n03590841_2497-3,jack-o-lantern,A photo of a jack-o-lantern,0.37605980038642883,0.37165042757987976
n03590841_2511-1,jack-o-lantern,A photo of a jack-o-lantern,0.37605980038642883,0.37165042757987976
n03590841_2511-4,jack-o-lantern,A photo of a jack-o-lantern,0.37605980038642883,0.37165042757987976
n03590841_2817-2,jack-o-lantern,A photo of a jack-o-lantern,0.37605980038642883,0.37165042757987976
n03590841_2906-5,jack-o-lantern,A photo of a jack-o-lantern,0.36832907795906067,0.3676348328590393
n03590841_2909-2,jack-o-lantern,A photo of a jack-o-lantern,0.36832907795906067,0.3676348328590393
n03590841_3415-4,jack-o-lantern,A photo of a jack-o-lantern,0.36832907795906067,0.3676348328590393
n03590841_3947-5,jack-o-lantern,A photo of a jack-o-lantern,0.36832907795906067,0.3676348328590393
n03590841_4068-5,jack-o-lantern,A photo of a jack-o-lantern,0.36832907795906067,0.3676348328590393
n03590841_497-3,jack-o-lantern,A photo of a jack-o-lantern,0.36832907795906067,0.3676348328590393
n03590841_497-4,jack-o-lantern,A photo of a jack-o-lantern,0.36832907795906067,0.3676348328590393
n03590841_5408-1,jack-o-lantern,A photo of a jack-o-lantern,0.36832907795906067,0.3676348328590393
n03590841_5408-5,jack-o-lantern,A photo of a jack-o-lantern,0.40593793988227844,0.40174829959869385
n03590841_5422-5,jack-o-lantern,A photo of a jack-o-lantern,0.40593793988227844,0.40174829959869385
n03590841_5428-1,jack-o-lantern,A photo of a jack-o-lantern,0.40593793988227844,0.40174829959869385
n03590841_5428-3,jack-o-lantern,A photo of a jack-o-lantern,0.40593793988227844,0.40174829959869385
n03590841_5474-9,jack-o-lantern,A photo of a jack-o-lantern,0.40593793988227844,0.40174829959869385
n03590841_5501-1,jack-o-lantern,A photo of a jack-o-lantern,0.40593793988227844,0.40174829959869385
n03590841_5501-5,jack-o-lantern,A photo of a jack-o-lantern,0.40593793988227844,0.40174829959869385
n03590841_5760-1,jack-o-lantern,A photo of a jack-o-lantern,0.40593793988227844,0.40174829959869385
n03590841_5760-3,jack-o-lantern,A photo of a jack-o-lantern,0.3469858765602112,0.35386037826538086
n03590841_5834-2,jack-o-lantern,A photo of a jack-o-lantern,0.3469858765602112,0.35386037826538086
n03590841_5834-3,jack-o-lantern,A photo of a jack-o-lantern,0.3469858765602112,0.35386037826538086
n03590841_5834-5,jack-o-lantern,A photo of a jack-o-lantern,0.3469858765602112,0.35386037826538086
n03590841_5947-3,jack-o-lantern,A photo of a jack-o-lantern,0.3469858765602112,0.35386037826538086
n03590841_5984-1,jack-o-lantern,A photo of a jack-o-lantern,0.3469858765602112,0.35386037826538086
n03590841_5996-6,jack-o-lantern,A photo of a jack-o-lantern,0.3469858765602112,0.35386037826538086
n03590841_6046-3,jack-o-lantern,A photo of a jack-o-lantern,0.3469858765602112,0.35386037826538086
n03590841_6090-5,jack-o-lantern,A photo of a jack-o-lantern,0.3537600040435791,0.3595036566257477
n03590841_6099-1,jack-o-lantern,A photo of a jack-o-lantern,0.3537600040435791,0.3595036566257477
n03590841_6157-3,jack-o-lantern,A photo of a jack-o-lantern,0.3537600040435791,0.3595036566257477
n03590841_6157-5,jack-o-lantern,A photo of a jack-o-lantern,0.3537600040435791,0.3595036566257477
n03590841_6273-3,jack-o-lantern,A photo of a jack-o-lantern,0.3537600040435791,0.3595036566257477
n03590841_6273-4,jack-o-lantern,A photo of a jack-o-lantern,0.3537600040435791,0.3595036566257477
n03590841_6313-2,jack-o-lantern,A photo of a jack-o-lantern,0.3537600040435791,0.3595036566257477
n03590841_6317-1,jack-o-lantern,A photo of a jack-o-lantern,0.3537600040435791,0.3595036566257477
n03590841_6317-5,jack-o-lantern,A photo of a jack-o-lantern,0.3781454563140869,0.3809749186038971
n03590841_6336-3,jack-o-lantern,A photo of a jack-o-lantern,0.3781454563140869,0.3809749186038971
n03590841_6336-4,jack-o-lantern,A photo of a jack-o-lantern,0.3781454563140869,0.3809749186038971
n03590841_6346-1,jack-o-lantern,A photo of a jack-o-lantern,0.3781454563140869,0.3809749186038971
n03590841_6346-5,jack-o-lantern,A photo of a jack-o-lantern,0.3781454563140869,0.3809749186038971
n03590841_6346-6,jack-o-lantern,A photo of a jack-o-lantern,0.3781454563140869,0.3809749186038971
n03590841_6382-5,jack-o-lantern,A photo of a jack-o-lantern,0.3781454563140869,0.3809749186038971
n03590841_6470-1,jack-o-lantern,A photo of a jack-o-lantern,0.3781454563140869,0.3809749186038971
n03590841_6485-5,jack-o-lantern,A photo of a jack-o-lantern,0.3738830089569092,0.37343278527259827
n03590841_6530-1,jack-o-lantern,A photo of a jack-o-lantern,0.3738830089569092,0.37343278527259827
n03590841_6530-2,jack-o-lantern,A photo of a jack-o-lantern,0.3738830089569092,0.37343278527259827
n03590841_6681-4,jack-o-lantern,A photo of a jack-o-lantern,0.3738830089569092,0.37343278527259827
n03590841_6714-2,jack-o-lantern,A photo of a jack-o-lantern,0.3738830089569092,0.37343278527259827
n03590841_6803-4,jack-o-lantern,A photo of a jack-o-lantern,0.3738830089569092,0.37343278527259827
n03590841_6919-1,jack-o-lantern,A photo of a jack-o-lantern,0.3738830089569092,0.37343278527259827
n03590841_6919-4,jack-o-lantern,A photo of a jack-o-lantern,0.3738830089569092,0.37343278527259827
n03590841_6919-5,jack-o-lantern,A photo of a jack-o-lantern,0.4421985149383545,0.44232553243637085
n03590841_6926-3,jack-o-lantern,A photo of a jack-o-lantern,0.4421985149383545,0.44232553243637085
n03590841_6963-3,jack-o-lantern,A photo of a jack-o-lantern,0.4421985149383545,0.44232553243637085
n03590841_6963-4,jack-o-lantern,A photo of a jack-o-lantern,0.4421985149383545,0.44232553243637085
n03590841_6982-2,jack-o-lantern,A photo of a jack-o-lantern,0.4421985149383545,0.44232553243637085
n03590841_6982-4,jack-o-lantern,A photo of a jack-o-lantern,0.4421985149383545,0.44232553243637085
n03590841_7100-2,jack-o-lantern,A photo of a jack-o-lantern,0.4421985149383545,0.44232553243637085
n03590841_7100-3,jack-o-lantern,A photo of a jack-o-lantern,0.4421985149383545,0.44232553243637085
n03590841_9961-1,jack-o-lantern,A photo of a jack-o-lantern,0.3587729334831238,0.35810065269470215
n03590841_9961-3,jack-o-lantern,A photo of a jack-o-lantern,0.3587729334831238,0.35810065269470215
n03590841_9990-1,jack-o-lantern,A photo of a jack-o-lantern,0.3587729334831238,0.35810065269470215
n03590841_9990-4,jack-o-lantern,A photo of a jack-o-lantern,0.3587729334831238,0.35810065269470215
n01910747_10023-2,jellyfish,A photo of a jellyfish,0.3587729334831238,0.35810065269470215
n01910747_10023-4,jellyfish,A photo of a jellyfish,0.3587729334831238,0.35810065269470215
n01910747_10045-3,jellyfish,A photo of a jellyfish,0.3587729334831238,0.35810065269470215
n01910747_1014-5,jellyfish,A photo of a jellyfish,0.3587729334831238,0.35810065269470215
n01910747_10992-4,jellyfish,A photo of a jellyfish,0.3693974018096924,0.3678014874458313
n01910747_11124-3,jellyfish,A photo of a jellyfish,0.3693974018096924,0.3678014874458313
n01910747_11589-2,jellyfish,A photo of a jellyfish,0.3693974018096924,0.3678014874458313
n01910747_11820-4,jellyfish,A photo of a jellyfish,0.3693974018096924,0.3678014874458313
n01910747_11820-5,jellyfish,A photo of a jellyfish,0.3693974018096924,0.3678014874458313
n01910747_119-5,jellyfish,A photo of a jellyfish,0.3693974018096924,0.3678014874458313
n01910747_12179-1,jellyfish,A photo of a jellyfish,0.3693974018096924,0.3678014874458313
n01910747_13031-3,jellyfish,A photo of a jellyfish,0.3693974018096924,0.3678014874458313
n01910747_1305-2,jellyfish,A photo of a jellyfish,0.4067910313606262,0.40514713525772095
n01910747_1320-3,jellyfish,A photo of a jellyfish,0.4067910313606262,0.40514713525772095
n01910747_13566-3,jellyfish,A photo of a jellyfish,0.4067910313606262,0.40514713525772095
n01910747_1521-1,jellyfish,A photo of a jellyfish,0.4067910313606262,0.40514713525772095
n01910747_1521-3,jellyfish,A photo of a jellyfish,0.4067910313606262,0.40514713525772095
n01910747_1521-5,jellyfish,A photo of a jellyfish,0.4067910313606262,0.40514713525772095
n01910747_1522-2,jellyfish,A photo of a jellyfish,0.4067910313606262,0.40514713525772095
n01910747_1541-1,jellyfish,A photo of a jellyfish,0.4067910313606262,0.40514713525772095
n01910747_1552-3,jellyfish,A photo of a jellyfish,0.40378493070602417,0.4035453796386719
n01910747_1585-2,jellyfish,A photo of a jellyfish,0.40378493070602417,0.4035453796386719
n01910747_1585-5,jellyfish,A photo of a jellyfish,0.40378493070602417,0.4035453796386719
n01910747_1585-7,jellyfish,A photo of a jellyfish,0.40378493070602417,0.4035453796386719
n01910747_1590-2,jellyfish,A photo of a jellyfish,0.40378493070602417,0.4035453796386719
n01910747_1590-6,jellyfish,A photo of a jellyfish,0.40378493070602417,0.4035453796386719
n01910747_16056-3,jellyfish,A photo of a jellyfish,0.40378493070602417,0.4035453796386719
n01910747_16094-5,jellyfish,A photo of a jellyfish,0.40378493070602417,0.4035453796386719
n01910747_1642-2,jellyfish,A photo of a jellyfish,0.40013083815574646,0.4058554768562317
n01910747_16545-1,jellyfish,A photo of a jellyfish,0.40013083815574646,0.4058554768562317
n01910747_166-5,jellyfish,A photo of a jellyfish,0.40013083815574646,0.4058554768562317
n01910747_17265-2,jellyfish,A photo of a jellyfish,0.40013083815574646,0.4058554768562317
n01910747_1790-2,jellyfish,A photo of a jellyfish,0.40013083815574646,0.4058554768562317
n01910747_190-2,jellyfish,A photo of a jellyfish,0.40013083815574646,0.4058554768562317
n01910747_2103-2,jellyfish,A photo of a jellyfish,0.40013083815574646,0.4058554768562317
n01910747_2103-4,jellyfish,A photo of a jellyfish,0.40013083815574646,0.4058554768562317
n01910747_2114-4,jellyfish,A photo of a jellyfish,0.3922877311706543,0.39660757780075073
n01910747_2165-1,jellyfish,A photo of a jellyfish,0.3922877311706543,0.39660757780075073
n01910747_2201-2,jellyfish,A photo of a jellyfish,0.3922877311706543,0.39660757780075073
n01910747_2271-2,jellyfish,A photo of a jellyfish,0.3922877311706543,0.39660757780075073
n01910747_2611-3,jellyfish,A photo of a jellyfish,0.3922877311706543,0.39660757780075073
n01910747_2741-5,jellyfish,A photo of a jellyfish,0.3922877311706543,0.39660757780075073
n01910747_2834-1,jellyfish,A photo of a jellyfish,0.3922877311706543,0.39660757780075073
n01910747_2834-4,jellyfish,A photo of a jellyfish,0.3922877311706543,0.39660757780075073
n01910747_4026-4,jellyfish,A photo of a jellyfish,0.4266410768032074,0.4259806275367737
n01910747_4476-5,jellyfish,A photo of a jellyfish,0.4266410768032074,0.4259806275367737
n01910747_4714-3,jellyfish,A photo of a jellyfish,0.4266410768032074,0.4259806275367737
n01910747_4714-5,jellyfish,A photo of a jellyfish,0.4266410768032074,0.4259806275367737
n01910747_563-2,jellyfish,A photo of a jellyfish,0.4266410768032074,0.4259806275367737
n01910747_563-4,jellyfish,A photo of a jellyfish,0.4266410768032074,0.4259806275367737
n01910747_563-5,jellyfish,A photo of a jellyfish,0.4266410768032074,0.4259806275367737
n01910747_6150-3,jellyfish,A photo of a jellyfish,0.4266410768032074,0.4259806275367737
n01910747_620-2,jellyfish,A photo of a jellyfish,0.3822343945503235,0.38037100434303284
n01910747_620-3,jellyfish,A photo of a jellyfish,0.3822343945503235,0.38037100434303284
n01910747_6583-1,jellyfish,A photo of a jellyfish,0.3822343945503235,0.38037100434303284
n01910747_7252-2,jellyfish,A photo of a jellyfish,0.3822343945503235,0.38037100434303284
n01910747_7260-2,jellyfish,A photo of a jellyfish,0.3822343945503235,0.38037100434303284
n01910747_7260-3,jellyfish,A photo of a jellyfish,0.3822343945503235,0.38037100434303284
n01910747_7483-1,jellyfish,A photo of a jellyfish,0.3822343945503235,0.38037100434303284
n01910747_7582-1,jellyfish,A photo of a jellyfish,0.3822343945503235,0.38037100434303284
n01910747_7582-4,jellyfish,A photo of a jellyfish,0.40279877185821533,0.4038556218147278
n01910747_7836-1,jellyfish,A photo of a jellyfish,0.40279877185821533,0.4038556218147278
n01910747_7836-2,jellyfish,A photo of a jellyfish,0.40279877185821533,0.4038556218147278
n01910747_8-2,jellyfish,A photo of a jellyfish,0.40279877185821533,0.4038556218147278
n01910747_8-5,jellyfish,A photo of a jellyfish,0.40279877185821533,0.4038556218147278
n01910747_8255-1,jellyfish,A photo of a jellyfish,0.40279877185821533,0.4038556218147278
n01910747_83-4,jellyfish,A photo of a jellyfish,0.40279877185821533,0.4038556218147278
n01910747_9217-1,jellyfish,A photo of a jellyfish,0.40279877185821533,0.4038556218147278
n01910747_9217-2,jellyfish,A photo of a jellyfish,0.4197919964790344,0.41965582966804504
n01910747_9217-4,jellyfish,A photo of a jellyfish,0.4197919964790344,0.41965582966804504
n01910747_946-1,jellyfish,A photo of a jellyfish,0.4197919964790344,0.41965582966804504
n01910747_946-5,jellyfish,A photo of a jellyfish,0.4197919964790344,0.41965582966804504
n01910747_9547-2,jellyfish,A photo of a jellyfish,0.4197919964790344,0.41965582966804504
n01910747_9547-5,jellyfish,A photo of a jellyfish,0.4197919964790344,0.41965582966804504
n01910747_9547-6,jellyfish,A photo of a jellyfish,0.4197919964790344,0.41965582966804504
n01910747_9899-1,jellyfish,A photo of a jellyfish,0.4197919964790344,0.41965582966804504
n01910747_9980-2,jellyfish,A photo of a jellyfish,0.3918905556201935,0.39381951093673706
n01910747_9980-3,jellyfish,A photo of a jellyfish,0.3918905556201935,0.39381951093673706
n01910747_9996-1,jellyfish,A photo of a jellyfish,0.3918905556201935,0.39381951093673706
n01910747_9996-3,jellyfish,A photo of a jellyfish,0.3918905556201935,0.39381951093673706
n01877134_10035-3,kangaroo,A photo of a kangaroo,0.3918905556201935,0.39381951093673706
n01877134_10035-5,kangaroo,A photo of a kangaroo,0.3918905556201935,0.39381951093673706
n01877134_10086-7,kangaroo,A photo of a kangaroo,0.3918905556201935,0.39381951093673706
n01877134_10111-4,kangaroo,A photo of a kangaroo,0.3918905556201935,0.39381951093673706
n01877134_10153-2,kangaroo,A photo of a kangaroo,0.3327913284301758,0.3279189169406891
n01877134_10244-2,kangaroo,A photo of a kangaroo,0.3327913284301758,0.3279189169406891
n01877134_10349-6,kangaroo,A photo of a kangaroo,0.3327913284301758,0.3279189169406891
n01877134_10357-3,kangaroo,A photo of a kangaroo,0.3327913284301758,0.3279189169406891
n01877134_10357-4,kangaroo,A photo of a kangaroo,0.3327913284301758,0.3279189169406891
n01877134_10441-3,kangaroo,A photo of a kangaroo,0.3327913284301758,0.3279189169406891
n01877134_10441-4,kangaroo,A photo of a kangaroo,0.3327913284301758,0.3279189169406891
n01877134_10650-4,kangaroo,A photo of a kangaroo,0.3327913284301758,0.3279189169406891
n01877134_10650-7,kangaroo,A photo of a kangaroo,0.354250431060791,0.3524444103240967
n01877134_1066-5,kangaroo,A photo of a kangaroo,0.354250431060791,0.3524444103240967
n01877134_10662-6,kangaroo,A photo of a kangaroo,0.354250431060791,0.3524444103240967
n01877134_10671-1,kangaroo,A photo of a kangaroo,0.354250431060791,0.3524444103240967
n01877134_10719-3,kangaroo,A photo of a kangaroo,0.354250431060791,0.3524444103240967
n01877134_10719-7,kangaroo,A photo of a kangaroo,0.354250431060791,0.3524444103240967
n01877134_10720-1,kangaroo,A photo of a kangaroo,0.354250431060791,0.3524444103240967
n01877134_10771-2,kangaroo,A photo of a kangaroo,0.354250431060791,0.3524444103240967
n01877134_10847-1,kangaroo,A photo of a kangaroo,0.3544752895832062,0.34791135787963867
n01877134_11027-1,kangaroo,A photo of a kangaroo,0.3544752895832062,0.34791135787963867
n01877134_11027-2,kangaroo,A photo of a kangaroo,0.3544752895832062,0.34791135787963867
n01877134_11053-2,kangaroo,A photo of a kangaroo,0.3544752895832062,0.34791135787963867
n01877134_11053-5,kangaroo,A photo of a kangaroo,0.3544752895832062,0.34791135787963867
n01877134_11053-6,kangaroo,A photo of a kangaroo,0.3544752895832062,0.34791135787963867
n01877134_11195-5,kangaroo,A photo of a kangaroo,0.3544752895832062,0.34791135787963867
n01877134_11202-3,kangaroo,A photo of a kangaroo,0.3544752895832062,0.34791135787963867
n01877134_11232-6,kangaroo,A photo of a kangaroo,0.37592071294784546,0.3784483075141907
n01877134_11335-4,kangaroo,A photo of a kangaroo,0.37592071294784546,0.3784483075141907
n01877134_11335-6,kangaroo,A photo of a kangaroo,0.37592071294784546,0.3784483075141907
n01877134_11382-2,kangaroo,A photo of a kangaroo,0.37592071294784546,0.3784483075141907
n01877134_11382-3,kangaroo,A photo of a kangaroo,0.37592071294784546,0.3784483075141907
n01877134_11393-6,kangaroo,A photo of a kangaroo,0.37592071294784546,0.3784483075141907
n01877134_11394-6,kangaroo,A photo of a kangaroo,0.37592071294784546,0.3784483075141907
n01877134_11426-3,kangaroo,A photo of a kangaroo,0.37592071294784546,0.3784483075141907
n01877134_11426-6,kangaroo,A photo of a kangaroo,0.36925506591796875,0.3746189773082733
n01877134_11495-2,kangaroo,A photo of a kangaroo,0.36925506591796875,0.3746189773082733
n01877134_11495-6,kangaroo,A photo of a kangaroo,0.36925506591796875,0.3746189773082733
n01877134_11495-8,kangaroo,A photo of a kangaroo,0.36925506591796875,0.3746189773082733
n01877134_11538-7,kangaroo,A photo of a kangaroo,0.36925506591796875,0.3746189773082733
n01877134_11551-1,kangaroo,A photo of a kangaroo,0.36925506591796875,0.3746189773082733
n01877134_11551-5,kangaroo,A photo of a kangaroo,0.36925506591796875,0.3746189773082733
n01877134_11586-1,kangaroo,A photo of a kangaroo,0.36925506591796875,0.3746189773082733
n01877134_11586-3,kangaroo,A photo of a kangaroo,0.37179243564605713,0.36923766136169434
n01877134_11586-7,kangaroo,A photo of a kangaroo,0.37179243564605713,0.36923766136169434
n01877134_11614-3,kangaroo,A photo of a kangaroo,0.37179243564605713,0.36923766136169434
n01877134_11729-1,kangaroo,A photo of a kangaroo,0.37179243564605713,0.36923766136169434
n01877134_11729-3,kangaroo,A photo of a kangaroo,0.37179243564605713,0.36923766136169434
n01877134_11804-1,kangaroo,A photo of a kangaroo,0.37179243564605713,0.36923766136169434
n01877134_11836-6,kangaroo,A photo of a kangaroo,0.37179243564605713,0.36923766136169434
n01877134_11906-3,kangaroo,A photo of a kangaroo,0.37179243564605713,0.36923766136169434
n01877134_11906-7,kangaroo,A photo of a kangaroo,0.3703917860984802,0.366529256105423
n01877134_11909-5,kangaroo,A photo of a kangaroo,0.3703917860984802,0.366529256105423
n01877134_1720-1,kangaroo,A photo of a kangaroo,0.3703917860984802,0.366529256105423
n01877134_1720-3,kangaroo,A photo of a kangaroo,0.3703917860984802,0.366529256105423
n01877134_1965-3,kangaroo,A photo of a kangaroo,0.3703917860984802,0.366529256105423
n01877134_1965-5,kangaroo,A photo of a kangaroo,0.3703917860984802,0.366529256105423
n01877134_2048-6,kangaroo,A photo of a kangaroo,0.3703917860984802,0.366529256105423
n01877134_2048-7,kangaroo,A photo of a kangaroo,0.3703917860984802,0.366529256105423
n01877134_2048-8,kangaroo,A photo of a kangaroo,0.34759265184402466,0.3471538722515106
n01877134_2048-9,kangaroo,A photo of a kangaroo,0.34759265184402466,0.3471538722515106
n01877134_2075-2,kangaroo,A photo of a kangaroo,0.34759265184402466,0.3471538722515106
n01877134_2415-1,kangaroo,A photo of a kangaroo,0.34759265184402466,0.3471538722515106
n01877134_2415-2,kangaroo,A photo of a kangaroo,0.34759265184402466,0.3471538722515106
n01877134_243-1,kangaroo,A photo of a kangaroo,0.34759265184402466,0.3471538722515106
n01877134_243-5,kangaroo,A photo of a kangaroo,0.34759265184402466,0.3471538722515106
n01877134_2494-1,kangaroo,A photo of a kangaroo,0.34759265184402466,0.3471538722515106
n01877134_2494-3,kangaroo,A photo of a kangaroo,0.3454459309577942,0.3455507755279541
n01877134_3105-6,kangaroo,A photo of a kangaroo,0.3454459309577942,0.3455507755279541
n01877134_389-3,kangaroo,A photo of a kangaroo,0.3454459309577942,0.3455507755279541
n01877134_4383-9,kangaroo,A photo of a kangaroo,0.3454459309577942,0.3455507755279541
n01877134_4465-2,kangaroo,A photo of a kangaroo,0.3454459309577942,0.3455507755279541
n01877134_4482-1,kangaroo,A photo of a kangaroo,0.3454459309577942,0.3455507755279541
n01877134_4482-5,kangaroo,A photo of a kangaroo,0.3454459309577942,0.3455507755279541
n01877134_5530-1,kangaroo,A photo of a kangaroo,0.3454459309577942,0.3455507755279541
n01877134_5855-4,kangaroo,A photo of a kangaroo,0.3575149476528168,0.35664448142051697
n01877134_7832-3,kangaroo,A photo of a kangaroo,0.3575149476528168,0.35664448142051697
n01877134_7914-3,kangaroo,A photo of a kangaroo,0.3575149476528168,0.35664448142051697
n01877134_7914-6,kangaroo,A photo of a kangaroo,0.3575149476528168,0.35664448142051697
n01877134_8358-2,kangaroo,A photo of a kangaroo,0.3575149476528168,0.35664448142051697
n01877134_8358-5,kangaroo,A photo of a kangaroo,0.3575149476528168,0.35664448142051697
n01877134_8450-4,kangaroo,A photo of a kangaroo,0.3575149476528168,0.35664448142051697
n01877134_8450-5,kangaroo,A photo of a kangaroo,0.3575149476528168,0.35664448142051697
n01877134_8478-7,kangaroo,A photo of a kangaroo,0.35797369480133057,0.36370012164115906
n01877134_8490-2,kangaroo,A photo of a kangaroo,0.35797369480133057,0.36370012164115906
n01877134_8490-3,kangaroo,A photo of a kangaroo,0.35797369480133057,0.36370012164115906
n01877134_8490-4,kangaroo,A photo of a kangaroo,0.35797369480133057,0.36370012164115906
n01877134_8490-6,kangaroo,A photo of a kangaroo,0.35797369480133057,0.36370012164115906
n01877134_8505-2,kangaroo,A photo of a kangaroo,0.35797369480133057,0.36370012164115906
n01877134_8523-1,kangaroo,A photo of a kangaroo,0.35797369480133057,0.36370012164115906
n01877134_8523-4,kangaroo,A photo of a kangaroo,0.35797369480133057,0.36370012164115906
n01877134_8523-5,kangaroo,A photo of a kangaroo,0.36427193880081177,0.3622734546661377
n01877134_8525-7,kangaroo,A photo of a kangaroo,0.36427193880081177,0.3622734546661377
n01877134_8526-4,kangaroo,A photo of a kangaroo,0.36427193880081177,0.3622734546661377
n01877134_8560-1,kangaroo,A photo of a kangaroo,0.36427193880081177,0.3622734546661377
n01877134_8590-5,kangaroo,A photo of a kangaroo,0.36427193880081177,0.3622734546661377
n01877134_8793-7,kangaroo,A photo of a kangaroo,0.36427193880081177,0.3622734546661377
n01877134_8841-1,kangaroo,A photo of a kangaroo,0.36427193880081177,0.3622734546661377
n01877134_8841-6,kangaroo,A photo of a kangaroo,0.36427193880081177,0.3622734546661377
n01877134_8916-2,kangaroo,A photo of a kangaroo,0.35796183347702026,0.35953161120414734
n01877134_9114-2,kangaroo,A photo of a kangaroo,0.35796183347702026,0.35953161120414734
n01877134_9114-3,kangaroo,A photo of a kangaroo,0.35796183347702026,0.35953161120414734
n01877134_9131-6,kangaroo,A photo of a kangaroo,0.35796183347702026,0.35953161120414734
n01877134_9443-1,kangaroo,A photo of a kangaroo,0.35796183347702026,0.35953161120414734
n01877134_9443-4,kangaroo,A photo of a kangaroo,0.35796183347702026,0.35953161120414734
n01877134_9443-6,kangaroo,A photo of a kangaroo,0.35796183347702026,0.35953161120414734
n01877134_9443-7,kangaroo,A photo of a kangaroo,0.35796183347702026,0.35953161120414734
n01877134_9679-10,kangaroo,A photo of a kangaroo,0.38394224643707275,0.38116446137428284
n01877134_9679-2,kangaroo,A photo of a kangaroo,0.38394224643707275,0.38116446137428284
n01877134_9679-8,kangaroo,A photo of a kangaroo,0.38394224643707275,0.38116446137428284
n01877134_9822-5,kangaroo,A photo of a kangaroo,0.38394224643707275,0.38116446137428284
n01877134_9844-1,kangaroo,A photo of a kangaroo,0.38394224643707275,0.38116446137428284
n01877134_9883-4,kangaroo,A photo of a kangaroo,0.38394224643707275,0.38116446137428284
n01877134_9920-3,kangaroo,A photo of a kangaroo,0.38394224643707275,0.38116446137428284
n01877134_9920-7,kangaroo,A photo of a kangaroo,0.38394224643707275,0.38116446137428284
n01877134_9926-2,kangaroo,A photo of a kangaroo,0.4079071581363678,0.40951988101005554
n01877134_9926-4,kangaroo,A photo of a kangaroo,0.4079071581363678,0.40951988101005554
n01877134_9945-4,kangaroo,A photo of a kangaroo,0.4079071581363678,0.40951988101005554
n01877134_9971-4,kangaroo,A photo of a kangaroo,0.4079071581363678,0.40951988101005554
n01877134_9981-1,kangaroo,A photo of a kangaroo,0.4079071581363678,0.40951988101005554
n02973904_3146-3,knife,A photo of a knife,0.4079071581363678,0.40951988101005554
n02973904_3146-5,knife,A photo of a knife,0.4079071581363678,0.40951988101005554
n02973904_3146-6,knife,A photo of a knife,0.4079071581363678,0.40951988101005554
n02973904_8368-4,knife,A photo of a knife,0.41234564781188965,0.41230905055999756
n02973904_8368-5,knife,A photo of a knife,0.41234564781188965,0.41230905055999756
n02973904_8723-5,knife,A photo of a knife,0.41234564781188965,0.41230905055999756
n02973904_9425-5,knife,A photo of a knife,0.41234564781188965,0.41230905055999756
n02973904_9650-3,knife,A photo of a knife,0.41234564781188965,0.41230905055999756
n02976123_1126-1,knife,A photo of a knife,0.41234564781188965,0.41230905055999756
n02976123_1264-4,knife,A photo of a knife,0.41234564781188965,0.41230905055999756
n02976123_1715-5,knife,A photo of a knife,0.41234564781188965,0.41230905055999756
n02976123_1752-2,knife,A photo of a knife,0.36454516649246216,0.36780521273612976
n02976123_1752-4,knife,A photo of a knife,0.36454516649246216,0.36780521273612976
n02976123_1752-5,knife,A photo of a knife,0.36454516649246216,0.36780521273612976
n02976123_2752-5,knife,A photo of a knife,0.36454516649246216,0.36780521273612976
n02976123_3548-2,knife,A photo of a knife,0.36454516649246216,0.36780521273612976
n02976123_3564-3,knife,A photo of a knife,0.36454516649246216,0.36780521273612976
n02976123_4298-2,knife,A photo of a knife,0.36454516649246216,0.36780521273612976
n02976123_4298-4,knife,A photo of a knife,0.36454516649246216,0.36780521273612976
n02976123_442-1,knife,A photo of a knife,0.39110779762268066,0.39054203033447266
n02976123_442-5,knife,A photo of a knife,0.39110779762268066,0.39054203033447266
n02976123_4525-2,knife,A photo of a knife,0.39110779762268066,0.39054203033447266
n02976123_4525-6,knife,A photo of a knife,0.39110779762268066,0.39054203033447266
n02976123_4598-4,knife,A photo of a knife,0.39110779762268066,0.39054203033447266
n02976123_5003-1,knife,A photo of a knife,0.39110779762268066,0.39054203033447266
n02976123_5183-1,knife,A photo of a knife,0.39110779762268066,0.39054203033447266
n02976123_5282-5,knife,A photo of a knife,0.39110779762268066,0.39054203033447266
n02976123_5433-2,knife,A photo of a knife,0.35982322692871094,0.36453211307525635
n02976123_5433-4,knife,A photo of a knife,0.35982322692871094,0.36453211307525635
n02976123_5621-5,knife,A photo of a knife,0.35982322692871094,0.36453211307525635
n02976123_5626-3,knife,A photo of a knife,0.35982322692871094,0.36453211307525635
n02976123_7391-2,knife,A photo of a knife,0.35982322692871094,0.36453211307525635
n02976123_8690-3,knife,A photo of a knife,0.35982322692871094,0.36453211307525635
n02976123_8715-3,knife,A photo of a knife,0.35982322692871094,0.36453211307525635
n02976123_898-4,knife,A photo of a knife,0.35982322692871094,0.36453211307525635
n02976123_898-5,knife,A photo of a knife,0.39919283986091614,0.4026252031326294
n03624134_10026-4,knife,A photo of a knife,0.39919283986091614,0.4026252031326294
n03624134_10254-4,knife,A photo of a knife,0.39919283986091614,0.4026252031326294
n03624134_12460-3,knife,A photo of a knife,0.39919283986091614,0.4026252031326294
n03624134_12460-4,knife,A photo of a knife,0.39919283986091614,0.4026252031326294
n03624134_12494-5,knife,A photo of a knife,0.39919283986091614,0.4026252031326294
n03624134_12920-2,knife,A photo of a knife,0.39919283986091614,0.4026252031326294
n03624134_12920-3,knife,A photo of a knife,0.39919283986091614,0.4026252031326294
n03624134_13038-3,knife,A photo of a knife,0.4045301377773285,0.4097730219364166
n03624134_13038-4,knife,A photo of a knife,0.4045301377773285,0.4097730219364166
n03624134_14128-2,knife,A photo of a knife,0.4045301377773285,0.4097730219364166
n03624134_14298-5,knife,A photo of a knife,0.4045301377773285,0.4097730219364166
n03624134_14298-7,knife,A photo of a knife,0.4045301377773285,0.4097730219364166
n03624134_14298-9,knife,A photo of a knife,0.4045301377773285,0.4097730219364166
n03624134_14411-2,knife,A photo of a knife,0.4045301377773285,0.4097730219364166
n03624134_14698-6,knife,A photo of a knife,0.4045301377773285,0.4097730219364166
n03624134_15046-3,knife,A photo of a knife,0.41887375712394714,0.4205029308795929
n03624134_15055-6,knife,A photo of a knife,0.41887375712394714,0.4205029308795929
n03624134_15055-9,knife,A photo of a knife,0.41887375712394714,0.4205029308795929
n03624134_15272-1,knife,A photo of a knife,0.41887375712394714,0.4205029308795929
n03624134_15475-8,knife,A photo of a knife,0.41887375712394714,0.4205029308795929
n03624134_15700-1,knife,A photo of a knife,0.41887375712394714,0.4205029308795929
n03624134_15700-3,knife,A photo of a knife,0.41887375712394714,0.4205029308795929
n03624134_15700-4,knife,A photo of a knife,0.41887375712394714,0.4205029308795929
n03624134_15700-6,knife,A photo of a knife,0.3834364116191864,0.38604867458343506
n03624134_16150-1,knife,A photo of a knife,0.3834364116191864,0.38604867458343506
n03624134_16150-2,knife,A photo of a knife,0.3834364116191864,0.38604867458343506
n03624134_16225-8,knife,A photo of a knife,0.3834364116191864,0.38604867458343506
n03624134_16225-9,knife,A photo of a knife,0.3834364116191864,0.38604867458343506
n03624134_16309-7,knife,A photo of a knife,0.3834364116191864,0.38604867458343506
n03624134_16610-1,knife,A photo of a knife,0.3834364116191864,0.38604867458343506
n03624134_16610-4,knife,A photo of a knife,0.3834364116191864,0.38604867458343506
n03624134_17319-4,knife,A photo of a knife,0.38952094316482544,0.39097052812576294
n03624134_17503-5,knife,A photo of a knife,0.38952094316482544,0.39097052812576294
n03624134_17511-3,knife,A photo of a knife,0.38952094316482544,0.39097052812576294
n03624134_17511-7,knife,A photo of a knife,0.38952094316482544,0.39097052812576294
n03624134_17630-3,knife,A photo of a knife,0.38952094316482544,0.39097052812576294
n03624134_17700-5,knife,A photo of a knife,0.38952094316482544,0.39097052812576294
n03624134_18861-1,knife,A photo of a knife,0.38952094316482544,0.39097052812576294
n03624134_18861-5,knife,A photo of a knife,0.38952094316482544,0.39097052812576294
n03624134_19018-2,knife,A photo of a knife,0.4023483991622925,0.40621405839920044
n03624134_19018-7,knife,A photo of a knife,0.4023483991622925,0.40621405839920044
n03624134_19046-1,knife,A photo of a knife,0.4023483991622925,0.40621405839920044
n03624134_19046-7,knife,A photo of a knife,0.4023483991622925,0.40621405839920044
n03624134_19190-9,knife,A photo of a knife,0.4023483991622925,0.40621405839920044
n03624134_19730-6,knife,A photo of a knife,0.4023483991622925,0.40621405839920044
n03624134_7699-3,knife,A photo of a knife,0.4023483991622925,0.40621405839920044
n03624134_7699-6,knife,A photo of a knife,0.4023483991622925,0.40621405839920044
n03624134_7856-6,knife,A photo of a knife,0.3808005452156067,0.38284429907798767
n03624134_7899-3,knife,A photo of a knife,0.3808005452156067,0.38284429907798767
n03624134_8662-1,knife,A photo of a knife,0.3808005452156067,0.38284429907798767
n03624134_8662-4,knife,A photo of a knife,0.3808005452156067,0.38284429907798767
n03624134_9631-2,knife,A photo of a knife,0.3808005452156067,0.38284429907798767
n03624134_9631-6,knife,A photo of a knife,0.3808005452156067,0.38284429907798767
n02129165_10052-2,lion,A photo of a lion,0.3808005452156067,0.38284429907798767
n02129165_10052-3,lion,A photo of a lion,0.3808005452156067,0.38284429907798767
n02129165_10291-5,lion,A photo of a lion,0.35780414938926697,0.3548316955566406
n02129165_11716-2,lion,A photo of a lion,0.35780414938926697,0.3548316955566406
n02129165_11716-9,lion,A photo of a lion,0.35780414938926697,0.3548316955566406
n02129165_11752-1,lion,A photo of a lion,0.35780414938926697,0.3548316955566406
n02129165_11752-3,lion,A photo of a lion,0.35780414938926697,0.3548316955566406
n02129165_12011-8,lion,A photo of a lion,0.35780414938926697,0.3548316955566406
n02129165_12149-9,lion,A photo of a lion,0.35780414938926697,0.3548316955566406
n02129165_1244-6,lion,A photo of a lion,0.35780414938926697,0.3548316955566406
n02129165_12494-6,lion,A photo of a lion,0.3186398148536682,0.31940072774887085
n02129165_1254-2,lion,A photo of a lion,0.3186398148536682,0.31940072774887085
n02129165_1254-3,lion,A photo of a lion,0.3186398148536682,0.31940072774887085
n02129165_1254-4,lion,A photo of a lion,0.3186398148536682,0.31940072774887085
n02129165_12551-4,lion,A photo of a lion,0.3186398148536682,0.31940072774887085
n02129165_12630-6,lion,A photo of a lion,0.3186398148536682,0.31940072774887085
n02129165_12669-3,lion,A photo of a lion,0.3186398148536682,0.31940072774887085
n02129165_12669-4,lion,A photo of a lion,0.3186398148536682,0.31940072774887085
n02129165_12938-3,lion,A photo of a lion,0.3647876977920532,0.35980144143104553
n02129165_12938-8,lion,A photo of a lion,0.3647876977920532,0.35980144143104553
n02129165_13095-3,lion,A photo of a lion,0.3647876977920532,0.35980144143104553
n02129165_13095-5,lion,A photo of a lion,0.3647876977920532,0.35980144143104553
n02129165_13262-1,lion,A photo of a lion,0.3647876977920532,0.35980144143104553
n02129165_13679-4,lion,A photo of a lion,0.3647876977920532,0.35980144143104553
n02129165_1494-3,lion,A photo of a lion,0.3647876977920532,0.35980144143104553
n02129165_16716-6,lion,A photo of a lion,0.3647876977920532,0.35980144143104553
n02129165_1675-2,lion,A photo of a lion,0.3326309323310852,0.33363914489746094
n02129165_1675-6,lion,A photo of a lion,0.3326309323310852,0.33363914489746094
n02129165_17796-3,lion,A photo of a lion,0.3326309323310852,0.33363914489746094
n02129165_17796-4,lion,A photo of a lion,0.3326309323310852,0.33363914489746094
n02129165_17796-5,lion,A photo of a lion,0.3326309323310852,0.33363914489746094
n02129165_18008-1,lion,A photo of a lion,0.3326309323310852,0.33363914489746094
n02129165_18187-1,lion,A photo of a lion,0.3326309323310852,0.33363914489746094
n02129165_18704-3,lion,A photo of a lion,0.3326309323310852,0.33363914489746094
n02129165_18718-2,lion,A photo of a lion,0.3395752012729645,0.33662375807762146
n02129165_18718-4,lion,A photo of a lion,0.3395752012729645,0.33662375807762146
n02129165_18718-7,lion,A photo of a lion,0.3395752012729645,0.33662375807762146
n02129165_18718-9,lion,A photo of a lion,0.3395752012729645,0.33662375807762146
n02129165_18958-8,lion,A photo of a lion,0.3395752012729645,0.33662375807762146
n02129165_19331-1,lion,A photo of a lion,0.3395752012729645,0.33662375807762146
n02129165_19331-3,lion,A photo of a lion,0.3395752012729645,0.33662375807762146
n02129165_19508-2,lion,A photo of a lion,0.3395752012729645,0.33662375807762146
n02129165_19508-4,lion,A photo of a lion,0.3514874279499054,0.3466719388961792
n02129165_19828-4,lion,A photo of a lion,0.3514874279499054,0.3466719388961792
n02129165_19828-6,lion,A photo of a lion,0.3514874279499054,0.3466719388961792
n02129165_2015-2,lion,A photo of a lion,0.3514874279499054,0.3466719388961792
n02129165_2056-1,lion,A photo of a lion,0.3514874279499054,0.3466719388961792
n02129165_2056-5,lion,A photo of a lion,0.3514874279499054,0.3466719388961792
n02129165_20648-4,lion,A photo of a lion,0.3514874279499054,0.3466719388961792
n02129165_20804-2,lion,A photo of a lion,0.3514874279499054,0.3466719388961792
n02129165_20804-4,lion,A photo of a lion,0.33997321128845215,0.3388785719871521
n02129165_20804-8,lion,A photo of a lion,0.33997321128845215,0.3388785719871521
n02129165_20846-2,lion,A photo of a lion,0.33997321128845215,0.3388785719871521
n02129165_20870-10,lion,A photo of a lion,0.33997321128845215,0.3388785719871521
n02129165_21315-2,lion,A photo of a lion,0.33997321128845215,0.3388785719871521
n02129165_21315-8,lion,A photo of a lion,0.33997321128845215,0.3388785719871521
n02129165_2270-2,lion,A photo of a lion,0.33997321128845215,0.3388785719871521
n02129165_2294-4,lion,A photo of a lion,0.33997321128845215,0.3388785719871521
n02129165_2303-1,lion,A photo of a lion,0.39586448669433594,0.392819881439209
n02129165_23188-3,lion,A photo of a lion,0.39586448669433594,0.392819881439209
n02129165_24307-3,lion,A photo of a lion,0.39586448669433594,0.392819881439209
n02129165_2450-3,lion,A photo of a lion,0.39586448669433594,0.392819881439209
n02129165_2496-1,lion,A photo of a lion,0.39586448669433594,0.392819881439209
n02129165_25061-3,lion,A photo of a lion,0.39586448669433594,0.392819881439209
n02129165_25061-6,lion,A photo of a lion,0.39586448669433594,0.392819881439209
n02129165_2814-6,lion,A photo of a lion,0.39586448669433594,0.392819881439209
n02129165_2814-7,lion,A photo of a lion,0.3862046003341675,0.3884449601173401
n02129165_2814-8,lion,A photo of a lion,0.3862046003341675,0.3884449601173401
n02129165_325-2,lion,A photo of a lion,0.3862046003341675,0.3884449601173401
n02129165_3425-9,lion,A photo of a lion,0.3862046003341675,0.3884449601173401
n02129165_3864-6,lion,A photo of a lion,0.3862046003341675,0.3884449601173401
n02129165_3951-4,lion,A photo of a lion,0.3862046003341675,0.3884449601173401
n02129165_3951-6,lion,A photo of a lion,0.3862046003341675,0.3884449601173401
n02129165_3951-7,lion,A photo of a lion,0.3862046003341675,0.3884449601173401
n02129165_4047-2,lion,A photo of a lion,0.35526978969573975,0.35194095969200134
n02129165_4179-5,lion,A photo of a lion,0.35526978969573975,0.35194095969200134
n02129165_4300-1,lion,A photo of a lion,0.35526978969573975,0.35194095969200134
n02129165_4300-6,lion,A photo of a lion,0.35526978969573975,0.35194095969200134
n02129165_4300-9,lion,A photo of a lion,0.35526978969573975,0.35194095969200134
n02129165_4588-4,lion,A photo of a lion,0.35526978969573975,0.35194095969200134
n02129165_4783-4,lion,A photo of a lion,0.35526978969573975,0.35194095969200134
n02129165_5082-7,lion,A photo of a lion,0.35526978969573975,0.35194095969200134
n02129165_5411-1,lion,A photo of a lion,0.3867693841457367,0.38294628262519836
n02129165_5411-3,lion,A photo of a lion,0.3867693841457367,0.38294628262519836
n02129165_5504-4,lion,A photo of a lion,0.3867693841457367,0.38294628262519836
n02129165_5769-1,lion,A photo of a lion,0.3867693841457367,0.38294628262519836
n02129165_5769-2,lion,A photo of a lion,0.3867693841457367,0.38294628262519836
n02129165_6087-8,lion,A photo of a lion,0.3867693841457367,0.38294628262519836
n02129165_6087-9,lion,A photo of a lion,0.3867693841457367,0.38294628262519836
n02129165_6283-3,lion,A photo of a lion,0.3867693841457367,0.38294628262519836
n02129165_6283-4,lion,A photo of a lion,0.3485354781150818,0.34623318910598755
n02129165_6283-6,lion,A photo of a lion,0.3485354781150818,0.34623318910598755
n02129165_678-2,lion,A photo of a lion,0.3485354781150818,0.34623318910598755
n02129165_678-5,lion,A photo of a lion,0.3485354781150818,0.34623318910598755
n02129165_7082-2,lion,A photo of a lion,0.3485354781150818,0.34623318910598755
n02129165_7227-1,lion,A photo of a lion,0.3485354781150818,0.34623318910598755
n02129165_7227-2,lion,A photo of a lion,0.3485354781150818,0.34623318910598755
n02129165_7227-9,lion,A photo of a lion,0.3485354781150818,0.34623318910598755
n02129165_724-2,lion,A photo of a lion,0.35905781388282776,0.3580452501773834
n02129165_724-5,lion,A photo of a lion,0.35905781388282776,0.3580452501773834
n02129165_743-4,lion,A photo of a lion,0.35905781388282776,0.3580452501773834
n02129165_8391-2,lion,A photo of a lion,0.35905781388282776,0.3580452501773834
n02129165_8744-5,lion,A photo of a lion,0.35905781388282776,0.3580452501773834
n02129165_8849-5,lion,A photo of a lion,0.35905781388282776,0.3580452501773834
n02129165_9095-1,lion,A photo of a lion,0.35905781388282776,0.3580452501773834
n02129165_9130-3,lion,A photo of a lion,0.35905781388282776,0.3580452501773834
n02129165_9130-4,lion,A photo of a lion,0.42283952236175537,0.42457640171051025
n02129165_9130-6,lion,A photo of a lion,0.42283952236175537,0.42457640171051025
n02129165_992-4,lion,A photo of a lion,0.42283952236175537,0.42457640171051025
n01674464_10455-2,lizard,A photo of a lizard,0.42283952236175537,0.42457640171051025
n01674464_10844-3,lizard,A photo of a lizard,0.42283952236175537,0.42457640171051025
n01674464_11126-2,lizard,A photo of a lizard,0.42283952236175537,0.42457640171051025
n01674464_11126-4,lizard,A photo of a lizard,0.42283952236175537,0.42457640171051025
n01674464_11189-5,lizard,A photo of a lizard,0.42283952236175537,0.42457640171051025
n01674464_11339-1,lizard,A photo of a lizard,0.45522668957710266,0.45471644401550293
n01674464_11339-4,lizard,A photo of a lizard,0.45522668957710266,0.45471644401550293
n01674464_11339-5,lizard,A photo of a lizard,0.45522668957710266,0.45471644401550293
n01674464_11469-8,lizard,A photo of a lizard,0.45522668957710266,0.45471644401550293
n01674464_12141-4,lizard,A photo of a lizard,0.45522668957710266,0.45471644401550293
n01674464_12201-2,lizard,A photo of a lizard,0.45522668957710266,0.45471644401550293
n01674464_12201-3,lizard,A photo of a lizard,0.45522668957710266,0.45471644401550293
n01674464_12201-4,lizard,A photo of a lizard,0.45522668957710266,0.45471644401550293
n01674464_12234-5,lizard,A photo of a lizard,0.4110497534275055,0.41219890117645264
n01674464_12436-8,lizard,A photo of a lizard,0.4110497534275055,0.41219890117645264
n01674464_1322-5,lizard,A photo of a lizard,0.4110497534275055,0.41219890117645264
n01674464_147-2,lizard,A photo of a lizard,0.4110497534275055,0.41219890117645264
n01674464_1561-3,lizard,A photo of a lizard,0.4110497534275055,0.41219890117645264
n01674464_1561-5,lizard,A photo of a lizard,0.4110497534275055,0.41219890117645264
n01674464_1561-7,lizard,A photo of a lizard,0.4110497534275055,0.41219890117645264
n01674464_1563-2,lizard,A photo of a lizard,0.4110497534275055,0.41219890117645264
n01674464_1831-2,lizard,A photo of a lizard,0.435883104801178,0.43940266966819763
n01674464_1831-3,lizard,A photo of a lizard,0.435883104801178,0.43940266966819763
n01674464_2094-2,lizard,A photo of a lizard,0.435883104801178,0.43940266966819763
n01674464_2188-2,lizard,A photo of a lizard,0.435883104801178,0.43940266966819763
n01674464_234-10,lizard,A photo of a lizard,0.435883104801178,0.43940266966819763
n01674464_234-7,lizard,A photo of a lizard,0.435883104801178,0.43940266966819763
n01674464_2624-1,lizard,A photo of a lizard,0.435883104801178,0.43940266966819763
n01674464_2624-3,lizard,A photo of a lizard,0.435883104801178,0.43940266966819763
n01674464_2624-6,lizard,A photo of a lizard,0.4319973886013031,0.4331789016723633
n01674464_286-1,lizard,A photo of a lizard,0.4319973886013031,0.4331789016723633
n01674464_286-6,lizard,A photo of a lizard,0.4319973886013031,0.4331789016723633
n01674464_2895-2,lizard,A photo of a lizard,0.4319973886013031,0.4331789016723633
n01674464_2936-5,lizard,A photo of a lizard,0.4319973886013031,0.4331789016723633
n01674464_3210-1,lizard,A photo of a lizard,0.4319973886013031,0.4331789016723633
n01674464_3210-5,lizard,A photo of a lizard,0.4319973886013031,0.4331789016723633
n01674464_353-4,lizard,A photo of a lizard,0.4319973886013031,0.4331789016723633
n01674464_3645-3,lizard,A photo of a lizard,0.4208175837993622,0.4275766909122467
n01674464_3645-8,lizard,A photo of a lizard,0.4208175837993622,0.4275766909122467
n01674464_3645-9,lizard,A photo of a lizard,0.4208175837993622,0.4275766909122467
n01674464_377-5,lizard,A photo of a lizard,0.4208175837993622,0.4275766909122467
n01674464_4343-4,lizard,A photo of a lizard,0.4208175837993622,0.4275766909122467
n01674464_4816-8,lizard,A photo of a lizard,0.4208175837993622,0.4275766909122467
n01674464_5937-5,lizard,A photo of a lizard,0.4208175837993622,0.4275766909122467
n01674464_5937-6,lizard,A photo of a lizard,0.4208175837993622,0.4275766909122467
n01674464_5937-7,lizard,A photo of a lizard,0.39439287781715393,0.3986825942993164
n01674464_5937-9,lizard,A photo of a lizard,0.39439287781715393,0.3986825942993164
n01674464_6292-9,lizard,A photo of a lizard,0.39439287781715393,0.3986825942993164
n01674464_6319-1,lizard,A photo of a lizard,0.39439287781715393,0.3986825942993164
n01674464_6319-2,lizard,A photo of a lizard,0.39439287781715393,0.3986825942993164
n01674464_7290-8,lizard,A photo of a lizard,0.39439287781715393,0.3986825942993164
n01674464_7549-10,lizard,A photo of a lizard,0.39439287781715393,0.3986825942993164
n01674464_7549-3,lizard,A photo of a lizard,0.39439287781715393,0.3986825942993164
n01674464_7549-7,lizard,A photo of a lizard,0.4066446125507355,0.405835896730423
n01674464_7549-9,lizard,A photo of a lizard,0.4066446125507355,0.405835896730423
n01674464_8586-1,lizard,A photo of a lizard,0.4066446125507355,0.405835896730423
n01674464_8874-5,lizard,A photo of a lizard,0.4066446125507355,0.405835896730423
n01674464_8948-3,lizard,A photo of a lizard,0.4066446125507355,0.405835896730423
n01674464_8948-5,lizard,A photo of a lizard,0.4066446125507355,0.405835896730423
n01674464_927-1,lizard,A photo of a lizard,0.4066446125507355,0.405835896730423
n01674464_927-4,lizard,A photo of a lizard,0.4066446125507355,0.405835896730423
n01674464_9411-2,lizard,A photo of a lizard,0.4108114540576935,0.40907591581344604
n01674464_9549-5,lizard,A photo of a lizard,0.4108114540576935,0.40907591581344604
n01680478_1532-3,lizard,A photo of a lizard,0.4108114540576935,0.40907591581344604
n01680478_1532-5,lizard,A photo of a lizard,0.4108114540576935,0.40907591581344604
n01680478_2343-3,lizard,A photo of a lizard,0.4108114540576935,0.40907591581344604
n01680478_3995-5,lizard,A photo of a lizard,0.4108114540576935,0.40907591581344604
n01680478_4792-2,lizard,A photo of a lizard,0.4108114540576935,0.40907591581344604
n01680478_4794-1,lizard,A photo of a lizard,0.4108114540576935,0.40907591581344604
n01680478_4794-6,lizard,A photo of a lizard,0.42471224069595337,0.4285774230957031
n01680478_5620-5,lizard,A photo of a lizard,0.42471224069595337,0.4285774230957031
n01680478_6046-4,lizard,A photo of a lizard,0.42471224069595337,0.4285774230957031
n01680478_7405-3,lizard,A photo of a lizard,0.42471224069595337,0.4285774230957031
n01680478_7405-4,lizard,A photo of a lizard,0.42471224069595337,0.4285774230957031
n01683558_1034-3,lizard,A photo of a lizard,0.42471224069595337,0.4285774230957031
n01683558_2144-4,lizard,A photo of a lizard,0.42471224069595337,0.4285774230957031
n01683558_227-5,lizard,A photo of a lizard,0.42471224069595337,0.4285774230957031
n01683558_2292-5,lizard,A photo of a lizard,0.4703611135482788,0.47125256061553955
n01683558_5692-4,lizard,A photo of a lizard,0.4703611135482788,0.47125256061553955
n01683558_5819-4,lizard,A photo of a lizard,0.4703611135482788,0.47125256061553955
n01683558_5963-5,lizard,A photo of a lizard,0.4703611135482788,0.47125256061553955
n01683558_6309-1,lizard,A photo of a lizard,0.4703611135482788,0.47125256061553955
n01683558_6309-3,lizard,A photo of a lizard,0.4703611135482788,0.47125256061553955
n01683558_6309-6,lizard,A photo of a lizard,0.4703611135482788,0.47125256061553955
n01693334_10211-1,lizard,A photo of a lizard,0.4703611135482788,0.47125256061553955
n01693334_10293-3,lizard,A photo of a lizard,0.4383876323699951,0.4456052780151367
n01693334_10293-4,lizard,A photo of a lizard,0.4383876323699951,0.4456052780151367
n01693334_1080-4,lizard,A photo of a lizard,0.4383876323699951,0.4456052780151367
n01693334_11271-6,lizard,A photo of a lizard,0.4383876323699951,0.4456052780151367
n01693334_12841-1,lizard,A photo of a lizard,0.4383876323699951,0.4456052780151367
n01693334_13979-3,lizard,A photo of a lizard,0.4383876323699951,0.4456052780151367
n01693334_1454-2,lizard,A photo of a lizard,0.4383876323699951,0.4456052780151367
n01693334_1454-5,lizard,A photo of a lizard,0.4383876323699951,0.4456052780151367
n01693334_14692-5,lizard,A photo of a lizard,0.4063296914100647,0.41245970129966736
n01693334_15113-1,lizard,A photo of a lizard,0.4063296914100647,0.41245970129966736
n01693334_2013-5,lizard,A photo of a lizard,0.4063296914100647,0.41245970129966736
n01693334_2674-2,lizard,A photo of a lizard,0.4063296914100647,0.41245970129966736
n01693334_2674-3,lizard,A photo of a lizard,0.4063296914100647,0.41245970129966736
n01693334_2674-4,lizard,A photo of a lizard,0.4063296914100647,0.41245970129966736
n01693334_2972-2,lizard,A photo of a lizard,0.4063296914100647,0.41245970129966736
n01693334_2972-6,lizard,A photo of a lizard,0.4063296914100647,0.41245970129966736
n01693334_3431-5,lizard,A photo of a lizard,0.4122280478477478,0.41602152585983276
n01693334_8324-4,lizard,A photo of a lizard,0.4122280478477478,0.41602152585983276
n01693334_8908-1,lizard,A photo of a lizard,0.4122280478477478,0.41602152585983276
n01693334_8908-2,lizard,A photo of a lizard,0.4122280478477478,0.41602152585983276
n01693334_8908-4,lizard,A photo of a lizard,0.4122280478477478,0.41602152585983276
n01693334_9591-5,lizard,A photo of a lizard,0.4122280478477478,0.41602152585983276
n01693334_9591-6,lizard,A photo of a lizard,0.4122280478477478,0.41602152585983276
n01693334_9741-5,lizard,A photo of a lizard,0.4122280478477478,0.41602152585983276
n01983481_10368-1,lobster,A photo of a lobster,0.359142929315567,0.3636084794998169
n01983481_10368-4,lobster,A photo of a lobster,0.359142929315567,0.3636084794998169
n01983481_1314-3,lobster,A photo of a lobster,0.359142929315567,0.3636084794998169
n01983481_16070-1,lobster,A photo of a lobster,0.359142929315567,0.3636084794998169
n01983481_16070-2,lobster,A photo of a lobster,0.359142929315567,0.3636084794998169
n01983481_16070-4,lobster,A photo of a lobster,0.359142929315567,0.3636084794998169
n01983481_1723-4,lobster,A photo of a lobster,0.359142929315567,0.3636084794998169
n01983481_19246-3,lobster,A photo of a lobster,0.359142929315567,0.3636084794998169
n01983481_19868-1,lobster,A photo of a lobster,0.37699806690216064,0.3852105140686035
n01983481_19868-4,lobster,A photo of a lobster,0.37699806690216064,0.3852105140686035
n01983481_19868-5,lobster,A photo of a lobster,0.37699806690216064,0.3852105140686035
n01983481_19880-4,lobster,A photo of a lobster,0.37699806690216064,0.3852105140686035
n01983481_2001-1,lobster,A photo of a lobster,0.37699806690216064,0.3852105140686035
n01983481_2001-4,lobster,A photo of a lobster,0.37699806690216064,0.3852105140686035
n01983481_2001-5,lobster,A photo of a lobster,0.37699806690216064,0.3852105140686035
n01983481_2001-6,lobster,A photo of a lobster,0.37699806690216064,0.3852105140686035
n01983481_22713-5,lobster,A photo of a lobster,0.3796078562736511,0.3841722905635834
n01983481_2423-4,lobster,A photo of a lobster,0.3796078562736511,0.3841722905635834
n01983481_3780-1,lobster,A photo of a lobster,0.3796078562736511,0.3841722905635834
n01983481_3780-6,lobster,A photo of a lobster,0.3796078562736511,0.3841722905635834
n01983481_4114-4,lobster,A photo of a lobster,0.3796078562736511,0.3841722905635834
n01983481_4961-4,lobster,A photo of a lobster,0.3796078562736511,0.3841722905635834
n01985128_12492-3,lobster,A photo of a lobster,0.3796078562736511,0.3841722905635834
n01985128_12492-4,lobster,A photo of a lobster,0.3796078562736511,0.3841722905635834
n01985128_1265-5,lobster,A photo of a lobster,0.4049658179283142,0.40857240557670593
n01985128_13584-2,lobster,A photo of a lobster,0.4049658179283142,0.40857240557670593
n01985128_13799-2,lobster,A photo of a lobster,0.4049658179283142,0.40857240557670593
n01985128_14967-2,lobster,A photo of a lobster,0.4049658179283142,0.40857240557670593
n01985128_16235-3,lobster,A photo of a lobster,0.4049658179283142,0.40857240557670593
n01985128_16915-2,lobster,A photo of a lobster,0.4049658179283142,0.40857240557670593
n01985128_17304-4,lobster,A photo of a lobster,0.4049658179283142,0.40857240557670593
n01985128_17682-2,lobster,A photo of a lobster,0.4049658179283142,0.40857240557670593
n01985128_18745-2,lobster,A photo of a lobster,0.43345314264297485,0.4349268674850464
n01985128_18745-4,lobster,A photo of a lobster,0.43345314264297485,0.4349268674850464
n01985128_18745-5,lobster,A photo of a lobster,0.43345314264297485,0.4349268674850464
n01985128_19635-4,lobster,A photo of a lobster,0.43345314264297485,0.4349268674850464
n01985128_20405-1,lobster,A photo of a lobster,0.43345314264297485,0.4349268674850464
n01985128_20405-3,lobster,A photo of a lobster,0.43345314264297485,0.4349268674850464
n01985128_20449-2,lobster,A photo of a lobster,0.43345314264297485,0.4349268674850464
n01985128_20449-3,lobster,A photo of a lobster,0.43345314264297485,0.4349268674850464
n01985128_20571-1,lobster,A photo of a lobster,0.4115775525569916,0.4167274832725525
n01985128_20571-5,lobster,A photo of a lobster,0.4115775525569916,0.4167274832725525
n01985128_20638-2,lobster,A photo of a lobster,0.4115775525569916,0.4167274832725525
n01985128_20638-3,lobster,A photo of a lobster,0.4115775525569916,0.4167274832725525
n01985128_20638-4,lobster,A photo of a lobster,0.4115775525569916,0.4167274832725525
n01985128_20700-1,lobster,A photo of a lobster,0.4115775525569916,0.4167274832725525
n01985128_20700-3,lobster,A photo of a lobster,0.4115775525569916,0.4167274832725525
n01985128_20771-3,lobster,A photo of a lobster,0.4115775525569916,0.4167274832725525
n01985128_20771-5,lobster,A photo of a lobster,0.4172510504722595,0.4214378297328949
n01985128_21330-1,lobster,A photo of a lobster,0.4172510504722595,0.4214378297328949
n01985128_21726-1,lobster,A photo of a lobster,0.4172510504722595,0.4214378297328949
n01985128_21726-3,lobster,A photo of a lobster,0.4172510504722595,0.4214378297328949
n01985128_21806-1,lobster,A photo of a lobster,0.4172510504722595,0.4214378297328949
n01985128_21854-1,lobster,A photo of a lobster,0.4172510504722595,0.4214378297328949
n01985128_24792-2,lobster,A photo of a lobster,0.4172510504722595,0.4214378297328949
n01985128_24792-3,lobster,A photo of a lobster,0.4172510504722595,0.4214378297328949
n01985128_24792-5,lobster,A photo of a lobster,0.41102397441864014,0.41243958473205566
n01985128_26637-4,lobster,A photo of a lobster,0.41102397441864014,0.41243958473205566
n01985128_27037-1,lobster,A photo of a lobster,0.41102397441864014,0.41243958473205566
n01985128_28539-7,lobster,A photo of a lobster,0.41102397441864014,0.41243958473205566
n01985128_29851-2,lobster,A photo of a lobster,0.41102397441864014,0.41243958473205566
n01985128_30224-1,lobster,A photo of a lobster,0.41102397441864014,0.41243958473205566
n01985128_30224-6,lobster,A photo of a lobster,0.41102397441864014,0.41243958473205566
n01985128_30343-1,lobster,A photo of a lobster,0.41102397441864014,0.41243958473205566
n01985128_30503-3,lobster,A photo of a lobster,0.4042206108570099,0.4042040705680847
n01985128_30763-4,lobster,A photo of a lobster,0.4042206108570099,0.4042040705680847
n01985128_33984-5,lobster,A photo of a lobster,0.4042206108570099,0.4042040705680847
n01985128_33984-6,lobster,A photo of a lobster,0.4042206108570099,0.4042040705680847
n01985128_3834-1,lobster,A photo of a lobster,0.4042206108570099,0.4042040705680847
n01985128_3834-3,lobster,A photo of a lobster,0.4042206108570099,0.4042040705680847
n01985128_50060-4,lobster,A photo of a lobster,0.4042206108570099,0.4042040705680847
n01985128_50060-5,lobster,A photo of a lobster,0.4042206108570099,0.4042040705680847
n01985128_50214-3,lobster,A photo of a lobster,0.3979218602180481,0.40318071842193604
n01985128_50721-1,lobster,A photo of a lobster,0.3979218602180481,0.40318071842193604
n01985128_52414-3,lobster,A photo of a lobster,0.3979218602180481,0.40318071842193604
n01985128_52414-4,lobster,A photo of a lobster,0.3979218602180481,0.40318071842193604
n01985128_5607-3,lobster,A photo of a lobster,0.3979218602180481,0.40318071842193604
n01985128_6119-1,lobster,A photo of a lobster,0.3979218602180481,0.40318071842193604
n01985128_6119-2,lobster,A photo of a lobster,0.3979218602180481,0.40318071842193604
n01985128_6119-3,lobster,A photo of a lobster,0.3979218602180481,0.40318071842193604
n01985128_6119-6,lobster,A photo of a lobster,0.39974337816238403,0.40389198064804077
n01985128_6238-2,lobster,A photo of a lobster,0.39974337816238403,0.40389198064804077
n01985128_6238-3,lobster,A photo of a lobster,0.39974337816238403,0.40389198064804077
n01985128_6238-4,lobster,A photo of a lobster,0.39974337816238403,0.40389198064804077
n01985128_7400-4,lobster,A photo of a lobster,0.39974337816238403,0.40389198064804077
n01985128_749-1,lobster,A photo of a lobster,0.39974337816238403,0.40389198064804077
n01985128_844-1,lobster,A photo of a lobster,0.39974337816238403,0.40389198064804077
n01985128_844-4,lobster,A photo of a lobster,0.39974337816238403,0.40389198064804077
n01985128_8541-4,lobster,A photo of a lobster,0.3294764757156372,0.3302379250526428
n01985128_9825-4,lobster,A photo of a lobster,0.3294764757156372,0.3302379250526428
n03790512_10156-5,motorcycle,A photo of a motorcycle,0.3294764757156372,0.3302379250526428
n03790512_10451-6,motorcycle,A photo of a motorcycle,0.3294764757156372,0.3302379250526428
n03790512_11044-1,motorcycle,A photo of a motorcycle,0.3294764757156372,0.3302379250526428
n03790512_11206-6,motorcycle,A photo of a motorcycle,0.3294764757156372,0.3302379250526428
n03790512_1183-3,motorcycle,A photo of a motorcycle,0.3294764757156372,0.3302379250526428
n03790512_11876-5,motorcycle,A photo of a motorcycle,0.3294764757156372,0.3302379250526428
n03790512_12353-3,motorcycle,A photo of a motorcycle,0.36165180802345276,0.3591384291648865
n03790512_12399-2,motorcycle,A photo of a motorcycle,0.36165180802345276,0.3591384291648865
n03790512_12653-6,motorcycle,A photo of a motorcycle,0.36165180802345276,0.3591384291648865
n03790512_12830-5,motorcycle,A photo of a motorcycle,0.36165180802345276,0.3591384291648865
n03790512_12908-7,motorcycle,A photo of a motorcycle,0.36165180802345276,0.3591384291648865
n03790512_13213-4,motorcycle,A photo of a motorcycle,0.36165180802345276,0.3591384291648865
n03790512_13361-2,motorcycle,A photo of a motorcycle,0.36165180802345276,0.3591384291648865
n03790512_13361-4,motorcycle,A photo of a motorcycle,0.36165180802345276,0.3591384291648865
n03790512_13786-6,motorcycle,A photo of a motorcycle,0.33744966983795166,0.3304467499256134
n03790512_13819-6,motorcycle,A photo of a motorcycle,0.33744966983795166,0.3304467499256134
n03790512_13869-1,motorcycle,A photo of a motorcycle,0.33744966983795166,0.3304467499256134
n03790512_13869-2,motorcycle,A photo of a motorcycle,0.33744966983795166,0.3304467499256134
n03790512_13869-5,motorcycle,A photo of a motorcycle,0.33744966983795166,0.3304467499256134
n03790512_14329-2,motorcycle,A photo of a motorcycle,0.33744966983795166,0.3304467499256134
n03790512_14711-1,motorcycle,A photo of a motorcycle,0.33744966983795166,0.3304467499256134
n03790512_14711-2,motorcycle,A photo of a motorcycle,0.33744966983795166,0.3304467499256134
n03790512_14711-3,motorcycle,A photo of a motorcycle,0.3365505039691925,0.3368101418018341
n03790512_14968-2,motorcycle,A photo of a motorcycle,0.3365505039691925,0.3368101418018341
n03790512_16242-1,motorcycle,A photo of a motorcycle,0.3365505039691925,0.3368101418018341
n03790512_16366-5,motorcycle,A photo of a motorcycle,0.3365505039691925,0.3368101418018341
n03790512_16366-6,motorcycle,A photo of a motorcycle,0.3365505039691925,0.3368101418018341
n03790512_16366-8,motorcycle,A photo of a motorcycle,0.3365505039691925,0.3368101418018341
n03790512_1652-1,motorcycle,A photo of a motorcycle,0.3365505039691925,0.3368101418018341
n03790512_1748-2,motorcycle,A photo of a motorcycle,0.3365505039691925,0.3368101418018341
n03790512_1801-3,motorcycle,A photo of a motorcycle,0.31836187839508057,0.32024523615837097
n03790512_1872-2,motorcycle,A photo of a motorcycle,0.31836187839508057,0.32024523615837097
n03790512_20390-2,motorcycle,A photo of a motorcycle,0.31836187839508057,0.32024523615837097
n03790512_2492-6,motorcycle,A photo of a motorcycle,0.31836187839508057,0.32024523615837097
n03790512_2611-3,motorcycle,A photo of a motorcycle,0.31836187839508057,0.32024523615837097
n03790512_2777-4,motorcycle,A photo of a motorcycle,0.31836187839508057,0.32024523615837097
n03790512_3214-1,motorcycle,A photo of a motorcycle,0.31836187839508057,0.32024523615837097
n03790512_3247-2,motorcycle,A photo of a motorcycle,0.31836187839508057,0.32024523615837097
n03790512_3247-6,motorcycle,A photo of a motorcycle,0.339516818523407,0.337823748588562
n03790512_3337-4,motorcycle,A photo of a motorcycle,0.339516818523407,0.337823748588562
n03790512_345-3,motorcycle,A photo of a motorcycle,0.339516818523407,0.337823748588562
n03790512_3494-5,motorcycle,A photo of a motorcycle,0.339516818523407,0.337823748588562
n03790512_37275-1,motorcycle,A photo of a motorcycle,0.339516818523407,0.337823748588562
n03790512_3751-2,motorcycle,A photo of a motorcycle,0.339516818523407,0.337823748588562
n03790512_3751-5,motorcycle,A photo of a motorcycle,0.339516818523407,0.337823748588562
n03790512_3782-1,motorcycle,A photo of a motorcycle,0.339516818523407,0.337823748588562
n03790512_3782-2,motorcycle,A photo of a motorcycle,0.323012113571167,0.31839418411254883
n03790512_3785-3,motorcycle,A photo of a motorcycle,0.323012113571167,0.31839418411254883
n03790512_3840-2,motorcycle,A photo of a motorcycle,0.323012113571167,0.31839418411254883
n03790512_393-1,motorcycle,A photo of a motorcycle,0.323012113571167,0.31839418411254883
n03790512_3940-1,motorcycle,A photo of a motorcycle,0.323012113571167,0.31839418411254883
n03790512_3940-5,motorcycle,A photo of a motorcycle,0.323012113571167,0.31839418411254883
n03790512_400-2,motorcycle,A photo of a motorcycle,0.323012113571167,0.31839418411254883
n03790512_400-5,motorcycle,A photo of a motorcycle,0.323012113571167,0.31839418411254883
n03790512_4383-4,motorcycle,A photo of a motorcycle,0.34736543893814087,0.34842756390571594
n03790512_4386-1,motorcycle,A photo of a motorcycle,0.34736543893814087,0.34842756390571594
n03790512_4386-2,motorcycle,A photo of a motorcycle,0.34736543893814087,0.34842756390571594
n03790512_4386-6,motorcycle,A photo of a motorcycle,0.34736543893814087,0.34842756390571594
n03790512_5014-5,motorcycle,A photo of a motorcycle,0.34736543893814087,0.34842756390571594
n03790512_518-1,motorcycle,A photo of a motorcycle,0.34736543893814087,0.34842756390571594
n03790512_5246-2,motorcycle,A photo of a motorcycle,0.34736543893814087,0.34842756390571594
n03790512_5246-4,motorcycle,A photo of a motorcycle,0.34736543893814087,0.34842756390571594
n03790512_5254-1,motorcycle,A photo of a motorcycle,0.33066725730895996,0.328069269657135
n03790512_5254-2,motorcycle,A photo of a motorcycle,0.33066725730895996,0.328069269657135
n03790512_574-1,motorcycle,A photo of a motorcycle,0.33066725730895996,0.328069269657135
n03790512_574-3,motorcycle,A photo of a motorcycle,0.33066725730895996,0.328069269657135
n03790512_6268-5,motorcycle,A photo of a motorcycle,0.33066725730895996,0.328069269657135
n03790512_6302-4,motorcycle,A photo of a motorcycle,0.33066725730895996,0.328069269657135
n03790512_6318-3,motorcycle,A photo of a motorcycle,0.33066725730895996,0.328069269657135
n03790512_6318-4,motorcycle,A photo of a motorcycle,0.33066725730895996,0.328069269657135
n03790512_6401-4,motorcycle,A photo of a motorcycle,0.3276840150356293,0.32427728176116943
n03790512_6491-4,motorcycle,A photo of a motorcycle,0.3276840150356293,0.32427728176116943
n03790512_6491-7,motorcycle,A photo of a motorcycle,0.3276840150356293,0.32427728176116943
n03790512_7060-1,motorcycle,A photo of a motorcycle,0.3276840150356293,0.32427728176116943
n03790512_7060-4,motorcycle,A photo of a motorcycle,0.3276840150356293,0.32427728176116943
n03790512_7179-5,motorcycle,A photo of a motorcycle,0.3276840150356293,0.32427728176116943
n03790512_7678-6,motorcycle,A photo of a motorcycle,0.3276840150356293,0.32427728176116943
n03790512_8066-4,motorcycle,A photo of a motorcycle,0.3276840150356293,0.32427728176116943
n03790512_8445-2,motorcycle,A photo of a motorcycle,0.305952250957489,0.30629950761795044
n03790512_9018-4,motorcycle,A photo of a motorcycle,0.305952250957489,0.30629950761795044
n03790512_9018-5,motorcycle,A photo of a motorcycle,0.305952250957489,0.30629950761795044
n03790512_9155-6,motorcycle,A photo of a motorcycle,0.305952250957489,0.30629950761795044
n03790512_9380-4,motorcycle,A photo of a motorcycle,0.305952250957489,0.30629950761795044
n03790512_9419-2,motorcycle,A photo of a motorcycle,0.305952250957489,0.30629950761795044
n03790512_9419-5,motorcycle,A photo of a motorcycle,0.305952250957489,0.30629950761795044
n03790512_948-1,motorcycle,A photo of a motorcycle,0.305952250957489,0.30629950761795044
n03790512_9645-3,motorcycle,A photo of a motorcycle,0.3715727627277374,0.37536385655403137
n03790512_9645-4,motorcycle,A photo of a motorcycle,0.3715727627277374,0.37536385655403137
n03790512_9645-5,motorcycle,A photo of a motorcycle,0.3715727627277374,0.37536385655403137
n02330245_10036-1,mouse,A photo of a mouse,0.3715727627277374,0.37536385655403137
n02330245_10036-4,mouse,A photo of a mouse,0.3715727627277374,0.37536385655403137
n02330245_11196-3,mouse,A photo of a mouse,0.3715727627277374,0.37536385655403137
n02330245_11196-4,mouse,A photo of a mouse,0.3715727627277374,0.37536385655403137
n02330245_11196-5,mouse,A photo of a mouse,0.3715727627277374,0.37536385655403137
n02330245_11204-4,mouse,A photo of a mouse,0.3835856318473816,0.38575708866119385
n02330245_11428-6,mouse,A photo of a mouse,0.3835856318473816,0.38575708866119385
n02330245_11488-5,mouse,A photo of a mouse,0.3835856318473816,0.38575708866119385
n02330245_11972-1,mouse,A photo of a mouse,0.3835856318473816,0.38575708866119385
n02330245_11972-3,mouse,A photo of a mouse,0.3835856318473816,0.38575708866119385
n02330245_12129-4,mouse,A photo of a mouse,0.3835856318473816,0.38575708866119385
n02330245_12194-2,mouse,A photo of a mouse,0.3835856318473816,0.38575708866119385
n02330245_12194-7,mouse,A photo of a mouse,0.3835856318473816,0.38575708866119385
n02330245_128-4,mouse,A photo of a mouse,0.3763221502304077,0.3798872232437134
n02330245_128-5,mouse,A photo of a mouse,0.3763221502304077,0.3798872232437134
n02330245_128-6,mouse,A photo of a mouse,0.3763221502304077,0.3798872232437134
n02330245_1362-1,mouse,A photo of a mouse,0.3763221502304077,0.3798872232437134
n02330245_1362-5,mouse,A photo of a mouse,0.3763221502304077,0.3798872232437134
n02330245_137-1,mouse,A photo of a mouse,0.3763221502304077,0.3798872232437134
n02330245_137-6,mouse,A photo of a mouse,0.3763221502304077,0.3798872232437134
n02330245_1409-6,mouse,A photo of a mouse,0.3763221502304077,0.3798872232437134
n02330245_1409-7,mouse,A photo of a mouse,0.3827349543571472,0.3832935094833374
n02330245_14485-5,mouse,A photo of a mouse,0.3827349543571472,0.3832935094833374
n02330245_14629-7,mouse,A photo of a mouse,0.3827349543571472,0.3832935094833374
n02330245_15445-1,mouse,A photo of a mouse,0.3827349543571472,0.3832935094833374
n02330245_15446-3,mouse,A photo of a mouse,0.3827349543571472,0.3832935094833374
n02330245_15446-4,mouse,A photo of a mouse,0.3827349543571472,0.3832935094833374
n02330245_15592-2,mouse,A photo of a mouse,0.3827349543571472,0.3832935094833374
n02330245_15592-3,mouse,A photo of a mouse,0.3827349543571472,0.3832935094833374
n02330245_15950-1,mouse,A photo of a mouse,0.3802182078361511,0.3835635781288147
n02330245_16836-1,mouse,A photo of a mouse,0.3802182078361511,0.3835635781288147
n02330245_16836-2,mouse,A photo of a mouse,0.3802182078361511,0.3835635781288147
n02330245_16836-7,mouse,A photo of a mouse,0.3802182078361511,0.3835635781288147
n02330245_16937-6,mouse,A photo of a mouse,0.3802182078361511,0.3835635781288147
n02330245_2085-6,mouse,A photo of a mouse,0.3802182078361511,0.3835635781288147
n02330245_2307-2,mouse,A photo of a mouse,0.3802182078361511,0.3835635781288147
n02330245_2307-5,mouse,A photo of a mouse,0.3802182078361511,0.3835635781288147
n02330245_256-1,mouse,A photo of a mouse,0.4068090319633484,0.41114261746406555
n02330245_2715-2,mouse,A photo of a mouse,0.4068090319633484,0.41114261746406555
n02330245_2930-7,mouse,A photo of a mouse,0.4068090319633484,0.41114261746406555
n02330245_3175-3,mouse,A photo of a mouse,0.4068090319633484,0.41114261746406555
n02330245_3252-4,mouse,A photo of a mouse,0.4068090319633484,0.41114261746406555
n02330245_3319-4,mouse,A photo of a mouse,0.4068090319633484,0.41114261746406555
n02330245_3581-6,mouse,A photo of a mouse,0.4068090319633484,0.41114261746406555
n02330245_364-2,mouse,A photo of a mouse,0.4068090319633484,0.41114261746406555
n02330245_3730-5,mouse,A photo of a mouse,0.3656688332557678,0.3698897063732147
n02330245_3730-9,mouse,A photo of a mouse,0.3656688332557678,0.3698897063732147
n02330245_3938-1,mouse,A photo of a mouse,0.3656688332557678,0.3698897063732147
n02330245_3938-5,mouse,A photo of a mouse,0.3656688332557678,0.3698897063732147
n02330245_3938-6,mouse,A photo of a mouse,0.3656688332557678,0.3698897063732147
n02330245_396-2,mouse,A photo of a mouse,0.3656688332557678,0.3698897063732147
n02330245_4390-3,mouse,A photo of a mouse,0.3656688332557678,0.3698897063732147
n02330245_4390-4,mouse,A photo of a mouse,0.3656688332557678,0.3698897063732147
n02330245_4461-2,mouse,A photo of a mouse,0.4123413860797882,0.4166019558906555
n02330245_4461-4,mouse,A photo of a mouse,0.4123413860797882,0.4166019558906555
n02330245_4482-2,mouse,A photo of a mouse,0.4123413860797882,0.4166019558906555
n02330245_4482-5,mouse,A photo of a mouse,0.4123413860797882,0.4166019558906555
n02330245_4840-3,mouse,A photo of a mouse,0.4123413860797882,0.4166019558906555
n02330245_498-2,mouse,A photo of a mouse,0.4123413860797882,0.4166019558906555
n02330245_5205-2,mouse,A photo of a mouse,0.4123413860797882,0.4166019558906555
n02330245_5205-3,mouse,A photo of a mouse,0.4123413860797882,0.4166019558906555
n02330245_5245-4,mouse,A photo of a mouse,0.395391583442688,0.3959038257598877
n02330245_543-1,mouse,A photo of a mouse,0.395391583442688,0.3959038257598877
n02330245_543-2,mouse,A photo of a mouse,0.395391583442688,0.3959038257598877
n02330245_543-3,mouse,A photo of a mouse,0.395391583442688,0.3959038257598877
n02330245_543-7,mouse,A photo of a mouse,0.395391583442688,0.3959038257598877
n02330245_5734-2,mouse,A photo of a mouse,0.395391583442688,0.3959038257598877
n02330245_5734-3,mouse,A photo of a mouse,0.395391583442688,0.3959038257598877
n02330245_5910-1,mouse,A photo of a mouse,0.395391583442688,0.3959038257598877
n02330245_6420-2,mouse,A photo of a mouse,0.4253445267677307,0.42689788341522217
n02330245_6577-2,mouse,A photo of a mouse,0.4253445267677307,0.42689788341522217
n02330245_6957-7,mouse,A photo of a mouse,0.4253445267677307,0.42689788341522217
n02330245_7030-2,mouse,A photo of a mouse,0.4253445267677307,0.42689788341522217
n02330245_7150-11,mouse,A photo of a mouse,0.4253445267677307,0.42689788341522217
n02330245_8024-4,mouse,A photo of a mouse,0.4253445267677307,0.42689788341522217
n02330245_8057-4,mouse,A photo of a mouse,0.4253445267677307,0.42689788341522217
n02330245_8057-7,mouse,A photo of a mouse,0.4253445267677307,0.42689788341522217
n02330245_8131-3,mouse,A photo of a mouse,0.39602068066596985,0.3985462188720703
n02330245_822-1,mouse,A photo of a mouse,0.39602068066596985,0.3985462188720703
n02330245_822-2,mouse,A photo of a mouse,0.39602068066596985,0.3985462188720703
n02330245_8227-2,mouse,A photo of a mouse,0.39602068066596985,0.3985462188720703
n02330245_8417-2,mouse,A photo of a mouse,0.39602068066596985,0.3985462188720703
n02330245_8442-1,mouse,A photo of a mouse,0.39602068066596985,0.3985462188720703
n02330245_8442-3,mouse,A photo of a mouse,0.39602068066596985,0.3985462188720703
n02330245_8442-4,mouse,A photo of a mouse,0.39602068066596985,0.3985462188720703
n02330245_8442-6,mouse,A photo of a mouse,0.41124582290649414,0.41110190749168396
n02330245_8456-1,mouse,A photo of a mouse,0.41124582290649414,0.41110190749168396
n02330245_8456-4,mouse,A photo of a mouse,0.41124582290649414,0.41110190749168396
n02330245_8584-4,mouse,A photo of a mouse,0.41124582290649414,0.41110190749168396
n02330245_8735-5,mouse,A photo of a mouse,0.41124582290649414,0.41110190749168396
n02330245_8797-10,mouse,A photo of a mouse,0.41124582290649414,0.41110190749168396
n02330245_8797-2,mouse,A photo of a mouse,0.41124582290649414,0.41110190749168396
n02330245_8800-1,mouse,A photo of a mouse,0.41124582290649414,0.41110190749168396
n02330245_8800-3,mouse,A photo of a mouse,0.37170180678367615,0.37598758935928345
n02330245_8800-4,mouse,A photo of a mouse,0.37170180678367615,0.37598758935928345
n02330245_8831-1,mouse,A photo of a mouse,0.37170180678367615,0.37598758935928345
n02330245_8831-4,mouse,A photo of a mouse,0.37170180678367615,0.37598758935928345
n02330245_8831-5,mouse,A photo of a mouse,0.37170180678367615,0.37598758935928345
n02330245_8908-5,mouse,A photo of a mouse,0.37170180678367615,0.37598758935928345
n02330245_9069-2,mouse,A photo of a mouse,0.37170180678367615,0.37598758935928345
n02330245_9206-1,mouse,A photo of a mouse,0.37170180678367615,0.37598758935928345
n02330245_9206-6,mouse,A photo of a mouse,0.39727139472961426,0.40035516023635864
n02330245_9247-2,mouse,A photo of a mouse,0.39727139472961426,0.40035516023635864
n02330245_95-7,mouse,A photo of a mouse,0.39727139472961426,0.40035516023635864
n02330245_95-8,mouse,A photo of a mouse,0.39727139472961426,0.40035516023635864
n02330245_9563-2,mouse,A photo of a mouse,0.39727139472961426,0.40035516023635864
n02330245_9563-8,mouse,A photo of a mouse,0.39727139472961426,0.40035516023635864
n02330245_9599-4,mouse,A photo of a mouse,0.39727139472961426,0.40035516023635864
n02330245_9599-5,mouse,A photo of a mouse,0.39727139472961426,0.40035516023635864
n02330245_9874-1,mouse,A photo of a mouse,0.36792677640914917,0.36642661690711975
n02330245_9874-2,mouse,A photo of a mouse,0.36792677640914917,0.36642661690711975
n02330245_9924-1,mouse,A photo of a mouse,0.36792677640914917,0.36642661690711975
n12997919_2075-1,mushroom,A photo of a mushroom,0.36792677640914917,0.36642661690711975
n12997919_2075-4,mushroom,A photo of a mushroom,0.36792677640914917,0.36642661690711975
n12997919_2544-1,mushroom,A photo of a mushroom,0.36792677640914917,0.36642661690711975
n12997919_2713-2,mushroom,A photo of a mushroom,0.36792677640914917,0.36642661690711975
n12997919_2713-5,mushroom,A photo of a mushroom,0.36792677640914917,0.36642661690711975
n12997919_2931-1,mushroom,A photo of a mushroom,0.3863271176815033,0.3839021623134613
n12997919_3413-1,mushroom,A photo of a mushroom,0.3863271176815033,0.3839021623134613
n12997919_3446-5,mushroom,A photo of a mushroom,0.3863271176815033,0.3839021623134613
n12997919_3876-1,mushroom,A photo of a mushroom,0.3863271176815033,0.3839021623134613
n12997919_4087-5,mushroom,A photo of a mushroom,0.3863271176815033,0.3839021623134613
n12997919_4127-1,mushroom,A photo of a mushroom,0.3863271176815033,0.3839021623134613
n12997919_4157-3,mushroom,A photo of a mushroom,0.3863271176815033,0.3839021623134613
n12997919_4202-4,mushroom,A photo of a mushroom,0.3863271176815033,0.3839021623134613
n12997919_4733-1,mushroom,A photo of a mushroom,0.3542913496494293,0.3531520366668701
n12997919_4733-2,mushroom,A photo of a mushroom,0.3542913496494293,0.3531520366668701
n12997919_4955-1,mushroom,A photo of a mushroom,0.3542913496494293,0.3531520366668701
n12997919_4955-5,mushroom,A photo of a mushroom,0.3542913496494293,0.3531520366668701
n12997919_5244-1,mushroom,A photo of a mushroom,0.3542913496494293,0.3531520366668701
n12997919_5244-3,mushroom,A photo of a mushroom,0.3542913496494293,0.3531520366668701
n12997919_5370-4,mushroom,A photo of a mushroom,0.3542913496494293,0.3531520366668701
n12997919_5420-2,mushroom,A photo of a mushroom,0.3542913496494293,0.3531520366668701
n12997919_5442-5,mushroom,A photo of a mushroom,0.3728943169116974,0.3726688623428345
n12997919_5559-2,mushroom,A photo of a mushroom,0.3728943169116974,0.3726688623428345
n12997919_5559-3,mushroom,A photo of a mushroom,0.3728943169116974,0.3726688623428345
n12997919_5559-4,mushroom,A photo of a mushroom,0.3728943169116974,0.3726688623428345
n12997919_5559-5,mushroom,A photo of a mushroom,0.3728943169116974,0.3726688623428345
n12997919_5616-1,mushroom,A photo of a mushroom,0.3728943169116974,0.3726688623428345
n12997919_5616-2,mushroom,A photo of a mushroom,0.3728943169116974,0.3726688623428345
n12997919_5616-3,mushroom,A photo of a mushroom,0.3728943169116974,0.3726688623428345
n12997919_5757-3,mushroom,A photo of a mushroom,0.3733142614364624,0.37562093138694763
n12997919_5757-4,mushroom,A photo of a mushroom,0.3733142614364624,0.37562093138694763
n12997919_5808-1,mushroom,A photo of a mushroom,0.3733142614364624,0.37562093138694763
n12997919_6275-4,mushroom,A photo of a mushroom,0.3733142614364624,0.37562093138694763
n12997919_6609-6,mushroom,A photo of a mushroom,0.3733142614364624,0.37562093138694763
n12997919_7412-3,mushroom,A photo of a mushroom,0.3733142614364624,0.37562093138694763
n12997919_7536-5,mushroom,A photo of a mushroom,0.3733142614364624,0.37562093138694763
n12997919_758-3,mushroom,A photo of a mushroom,0.3733142614364624,0.37562093138694763
n12997919_7808-2,mushroom,A photo of a mushroom,0.3716033697128296,0.373746782541275
n12997919_8015-1,mushroom,A photo of a mushroom,0.3716033697128296,0.373746782541275
n12998815_11236-4,mushroom,A photo of a mushroom,0.3716033697128296,0.373746782541275
n12998815_1180-3,mushroom,A photo of a mushroom,0.3716033697128296,0.373746782541275
n12998815_12304-1,mushroom,A photo of a mushroom,0.3716033697128296,0.373746782541275
n12998815_12683-5,mushroom,A photo of a mushroom,0.3716033697128296,0.373746782541275
n12998815_12868-6,mushroom,A photo of a mushroom,0.3716033697128296,0.373746782541275
n12998815_12942-1,mushroom,A photo of a mushroom,0.3716033697128296,0.373746782541275
n12998815_12942-5,mushroom,A photo of a mushroom,0.34476086497306824,0.3465545177459717
n12998815_13651-2,mushroom,A photo of a mushroom,0.34476086497306824,0.3465545177459717
n12998815_1670-1,mushroom,A photo of a mushroom,0.34476086497306824,0.3465545177459717
n12998815_1670-4,mushroom,A photo of a mushroom,0.34476086497306824,0.3465545177459717
n12998815_19361-1,mushroom,A photo of a mushroom,0.34476086497306824,0.3465545177459717
n12998815_19361-5,mushroom,A photo of a mushroom,0.34476086497306824,0.3465545177459717
n12998815_19774-1,mushroom,A photo of a mushroom,0.34476086497306824,0.3465545177459717
n12998815_21193-4,mushroom,A photo of a mushroom,0.34476086497306824,0.3465545177459717
n12998815_22994-5,mushroom,A photo of a mushroom,0.33782970905303955,0.33497345447540283
n12998815_23240-2,mushroom,A photo of a mushroom,0.33782970905303955,0.33497345447540283
n12998815_23817-3,mushroom,A photo of a mushroom,0.33782970905303955,0.33497345447540283
n12998815_25402-2,mushroom,A photo of a mushroom,0.33782970905303955,0.33497345447540283
n12998815_25402-4,mushroom,A photo of a mushroom,0.33782970905303955,0.33497345447540283
n12998815_25566-6,mushroom,A photo of a mushroom,0.33782970905303955,0.33497345447540283
n12998815_2627-3,mushroom,A photo of a mushroom,0.33782970905303955,0.33497345447540283
n12998815_3114-4,mushroom,A photo of a mushroom,0.33782970905303955,0.33497345447540283
n12998815_3690-3,mushroom,A photo of a mushroom,0.32847994565963745,0.33193570375442505
n12998815_3876-3,mushroom,A photo of a mushroom,0.32847994565963745,0.33193570375442505
n12998815_4000-1,mushroom,A photo of a mushroom,0.32847994565963745,0.33193570375442505
n12998815_4000-2,mushroom,A photo of a mushroom,0.32847994565963745,0.33193570375442505
n12998815_4000-3,mushroom,A photo of a mushroom,0.32847994565963745,0.33193570375442505
n12998815_4026-1,mushroom,A photo of a mushroom,0.32847994565963745,0.33193570375442505
n12998815_4026-2,mushroom,A photo of a mushroom,0.32847994565963745,0.33193570375442505
n12998815_5471-2,mushroom,A photo of a mushroom,0.32847994565963745,0.33193570375442505
n12998815_5471-4,mushroom,A photo of a mushroom,0.3351364731788635,0.33136534690856934
n12998815_5546-3,mushroom,A photo of a mushroom,0.3351364731788635,0.33136534690856934
n12998815_5759-4,mushroom,A photo of a mushroom,0.3351364731788635,0.33136534690856934
n12998815_5850-1,mushroom,A photo of a mushroom,0.3351364731788635,0.33136534690856934
n12998815_5981-1,mushroom,A photo of a mushroom,0.3351364731788635,0.33136534690856934
n12998815_5981-5,mushroom,A photo of a mushroom,0.3351364731788635,0.33136534690856934
n12998815_6043-3,mushroom,A photo of a mushroom,0.3351364731788635,0.33136534690856934
n12998815_6043-4,mushroom,A photo of a mushroom,0.3351364731788635,0.33136534690856934
n12998815_6662-2,mushroom,A photo of a mushroom,0.3471793830394745,0.34693703055381775
n12998815_6750-5,mushroom,A photo of a mushroom,0.3471793830394745,0.34693703055381775
n12998815_6887-3,mushroom,A photo of a mushroom,0.3471793830394745,0.34693703055381775
n12998815_6887-5,mushroom,A photo of a mushroom,0.3471793830394745,0.34693703055381775
n12998815_755-2,mushroom,A photo of a mushroom,0.3471793830394745,0.34693703055381775
n12998815_8002-4,mushroom,A photo of a mushroom,0.3471793830394745,0.34693703055381775
n12998815_8832-3,mushroom,A photo of a mushroom,0.3471793830394745,0.34693703055381775
n01621127_10213-1,owl,A photo of a owl,0.3471793830394745,0.34693703055381775
n01621127_10213-5,owl,A photo of a owl,0.3633984923362732,0.36329808831214905
n01621127_10213-7,owl,A photo of a owl,0.3633984923362732,0.36329808831214905
n01621127_10236-6,owl,A photo of a owl,0.3633984923362732,0.36329808831214905
n01621127_10347-3,owl,A photo of a owl,0.3633984923362732,0.36329808831214905
n01621127_10564-3,owl,A photo of a owl,0.3633984923362732,0.36329808831214905
n01621127_10564-4,owl,A photo of a owl,0.3633984923362732,0.36329808831214905
n01621127_10564-5,owl,A photo of a owl,0.3633984923362732,0.36329808831214905
n01621127_10579-2,owl,A photo of a owl,0.3633984923362732,0.36329808831214905
n01621127_10987-1,owl,A photo of a owl,0.3728494644165039,0.3730001449584961
n01621127_11247-2,owl,A photo of a owl,0.3728494644165039,0.3730001449584961
n01621127_11310-1,owl,A photo of a owl,0.3728494644165039,0.3730001449584961
n01621127_11310-3,owl,A photo of a owl,0.3728494644165039,0.3730001449584961
n01621127_11686-4,owl,A photo of a owl,0.3728494644165039,0.3730001449584961
n01621127_11734-1,owl,A photo of a owl,0.3728494644165039,0.3730001449584961
n01621127_11734-5,owl,A photo of a owl,0.3728494644165039,0.3730001449584961
n01621127_11769-2,owl,A photo of a owl,0.3728494644165039,0.3730001449584961
n01621127_11769-8,owl,A photo of a owl,0.3867552876472473,0.3858155608177185
n01621127_11895-2,owl,A photo of a owl,0.3867552876472473,0.3858155608177185
n01621127_11895-5,owl,A photo of a owl,0.3867552876472473,0.3858155608177185
n01621127_12505-2,owl,A photo of a owl,0.3867552876472473,0.3858155608177185
n01621127_12505-3,owl,A photo of a owl,0.3867552876472473,0.3858155608177185
n01621127_12505-4,owl,A photo of a owl,0.3867552876472473,0.3858155608177185
n01621127_1258-3,owl,A photo of a owl,0.3867552876472473,0.3858155608177185
n01621127_12672-3,owl,A photo of a owl,0.3867552876472473,0.3858155608177185
n01621127_12814-2,owl,A photo of a owl,0.32447564601898193,0.3240710496902466
n01621127_12814-4,owl,A photo of a owl,0.32447564601898193,0.3240710496902466
n01621127_12814-7,owl,A photo of a owl,0.32447564601898193,0.3240710496902466
n01621127_12814-9,owl,A photo of a owl,0.32447564601898193,0.3240710496902466
n01621127_12857-1,owl,A photo of a owl,0.32447564601898193,0.3240710496902466
n01621127_12978-1,owl,A photo of a owl,0.32447564601898193,0.3240710496902466
n01621127_12978-2,owl,A photo of a owl,0.32447564601898193,0.3240710496902466
n01621127_12978-6,owl,A photo of a owl,0.32447564601898193,0.3240710496902466
n01621127_13068-3,owl,A photo of a owl,0.38793396949768066,0.3881082534790039
n01621127_13385-2,owl,A photo of a owl,0.38793396949768066,0.3881082534790039
n01621127_13385-6,owl,A photo of a owl,0.38793396949768066,0.3881082534790039
n01621127_13900-6,owl,A photo of a owl,0.38793396949768066,0.3881082534790039
n01621127_14074-3,owl,A photo of a owl,0.38793396949768066,0.3881082534790039
n01621127_14112-2,owl,A photo of a owl,0.38793396949768066,0.3881082534790039
n01621127_14112-3,owl,A photo of a owl,0.38793396949768066,0.3881082534790039
n01621127_14195-1,owl,A photo of a owl,0.38793396949768066,0.3881082534790039
n01621127_14474-3,owl,A photo of a owl,0.37498319149017334,0.3729517161846161
n01621127_14474-7,owl,A photo of a owl,0.37498319149017334,0.3729517161846161
n01621127_14474-9,owl,A photo of a owl,0.37498319149017334,0.3729517161846161
n01621127_1507-1,owl,A photo of a owl,0.37498319149017334,0.3729517161846161
n01621127_1507-7,owl,A photo of a owl,0.37498319149017334,0.3729517161846161
n01621127_15585-2,owl,A photo of a owl,0.37498319149017334,0.3729517161846161
n01621127_15585-5,owl,A photo of a owl,0.37498319149017334,0.3729517161846161
n01621127_15624-3,owl,A photo of a owl,0.37498319149017334,0.3729517161846161
n01621127_1565-4,owl,A photo of a owl,0.37634533643722534,0.37690019607543945
n01621127_15919-6,owl,A photo of a owl,0.37634533643722534,0.37690019607543945
n01621127_15919-9,owl,A photo of a owl,0.37634533643722534,0.37690019607543945
n01621127_16219-1,owl,A photo of a owl,0.37634533643722534,0.37690019607543945
n01621127_16219-2,owl,A photo of a owl,0.37634533643722534,0.37690019607543945
n01621127_16219-7,owl,A photo of a owl,0.37634533643722534,0.37690019607543945
n01621127_1627-4,owl,A photo of a owl,0.37634533643722534,0.37690019607543945
n01621127_17160-1,owl,A photo of a owl,0.37634533643722534,0.37690019607543945
n01621127_17887-4,owl,A photo of a owl,0.3628177046775818,0.36311444640159607
n01621127_17887-6,owl,A photo of a owl,0.3628177046775818,0.36311444640159607
n01621127_17921-4,owl,A photo of a owl,0.3628177046775818,0.36311444640159607
n01621127_18533-6,owl,A photo of a owl,0.3628177046775818,0.36311444640159607
n01621127_18533-8,owl,A photo of a owl,0.3628177046775818,0.36311444640159607
n01621127_18877-1,owl,A photo of a owl,0.3628177046775818,0.36311444640159607
n01621127_18877-2,owl,A photo of a owl,0.3628177046775818,0.36311444640159607
n01621127_18877-6,owl,A photo of a owl,0.3628177046775818,0.36311444640159607
n01621127_19895-2,owl,A photo of a owl,0.37072375416755676,0.36616528034210205
n01621127_19895-4,owl,A photo of a owl,0.37072375416755676,0.36616528034210205
n01621127_19895-5,owl,A photo of a owl,0.37072375416755676,0.36616528034210205
n01621127_2025-5,owl,A photo of a owl,0.37072375416755676,0.36616528034210205
n01621127_23229-4,owl,A photo of a owl,0.37072375416755676,0.36616528034210205
n01621127_2379-3,owl,A photo of a owl,0.37072375416755676,0.36616528034210205
n01621127_2379-4,owl,A photo of a owl,0.37072375416755676,0.36616528034210205
n01621127_2379-6,owl,A photo of a owl,0.37072375416755676,0.36616528034210205
n01621127_2580-2,owl,A photo of a owl,0.3547753691673279,0.35833972692489624
n01621127_2580-4,owl,A photo of a owl,0.3547753691673279,0.35833972692489624
n01621127_2580-5,owl,A photo of a owl,0.3547753691673279,0.35833972692489624
n01621127_2580-6,owl,A photo of a owl,0.3547753691673279,0.35833972692489624
n01621127_2733-2,owl,A photo of a owl,0.3547753691673279,0.35833972692489624
n01621127_2733-5,owl,A photo of a owl,0.3547753691673279,0.35833972692489624
n01621127_2756-1,owl,A photo of a owl,0.3547753691673279,0.35833972692489624
n01621127_2756-5,owl,A photo of a owl,0.3547753691673279,0.35833972692489624
n01621127_2756-9,owl,A photo of a owl,0.35667353868484497,0.35649579763412476
n01621127_3311-4,owl,A photo of a owl,0.35667353868484497,0.35649579763412476
n01621127_4452-1,owl,A photo of a owl,0.35667353868484497,0.35649579763412476
n01621127_4545-1,owl,A photo of a owl,0.35667353868484497,0.35649579763412476
n01621127_4545-5,owl,A photo of a owl,0.35667353868484497,0.35649579763412476
n01621127_4618-4,owl,A photo of a owl,0.35667353868484497,0.35649579763412476
n01621127_4618-9,owl,A photo of a owl,0.35667353868484497,0.35649579763412476
n01621127_4766-1,owl,A photo of a owl,0.35667353868484497,0.35649579763412476
n01621127_5062-5,owl,A photo of a owl,0.355304092168808,0.35596418380737305
n01621127_567-3,owl,A photo of a owl,0.355304092168808,0.35596418380737305
n01621127_5967-2,owl,A photo of a owl,0.355304092168808,0.35596418380737305
n01621127_5967-3,owl,A photo of a owl,0.355304092168808,0.35596418380737305
n01621127_6178-2,owl,A photo of a owl,0.355304092168808,0.35596418380737305
n01621127_6178-5,owl,A photo of a owl,0.355304092168808,0.35596418380737305
n01621127_6390-3,owl,A photo of a owl,0.355304092168808,0.35596418380737305
n01621127_6976-4,owl,A photo of a owl,0.355304092168808,0.35596418380737305
n01621127_7028-4,owl,A photo of a owl,0.3668801784515381,0.3642900288105011
n01621127_748-2,owl,A photo of a owl,0.3668801784515381,0.3642900288105011
n01621127_748-4,owl,A photo of a owl,0.3668801784515381,0.3642900288105011
n01621127_748-7,owl,A photo of a owl,0.3668801784515381,0.3642900288105011
n01621127_7601-1,owl,A photo of a owl,0.3668801784515381,0.3642900288105011
n01621127_7694-2,owl,A photo of a owl,0.3668801784515381,0.3642900288105011
n01621127_7848-10,owl,A photo of a owl,0.3668801784515381,0.3642900288105011
n01621127_7848-9,owl,A photo of a owl,0.3668801784515381,0.3642900288105011
n01621127_7905-4,owl,A photo of a owl,0.3523328900337219,0.34977632761001587
n01621127_7935-2,owl,A photo of a owl,0.3523328900337219,0.34977632761001587
n01621127_7935-5,owl,A photo of a owl,0.3523328900337219,0.34977632761001587
n01621127_8766-2,owl,A photo of a owl,0.3523328900337219,0.34977632761001587
n01621127_8793-3,owl,A photo of a owl,0.3523328900337219,0.34977632761001587
n01621127_8793-4,owl,A photo of a owl,0.3523328900337219,0.34977632761001587
n01621127_8886-4,owl,A photo of a owl,0.3523328900337219,0.34977632761001587
n01621127_8886-8,owl,A photo of a owl,0.3523328900337219,0.34977632761001587
n01621127_9124-7,owl,A photo of a owl,0.3513540029525757,0.3506010174751282
n01621127_9124-9,owl,A photo of a owl,0.3513540029525757,0.3506010174751282
n01816887_10240-1,parrot,A photo of a parrot,0.3513540029525757,0.3506010174751282
n01816887_10502-8,parrot,A photo of a parrot,0.3513540029525757,0.3506010174751282
n01816887_10645-2,parrot,A photo of a parrot,0.3513540029525757,0.3506010174751282
n01816887_10645-5,parrot,A photo of a parrot,0.3513540029525757,0.3506010174751282
n01816887_10842-1,parrot,A photo of a parrot,0.3513540029525757,0.3506010174751282
n01816887_10842-3,parrot,A photo of a parrot,0.3513540029525757,0.3506010174751282
n01816887_1103-5,parrot,A photo of a parrot,0.3822647035121918,0.3849361538887024
n01816887_11037-2,parrot,A photo of a parrot,0.3822647035121918,0.3849361538887024
n01816887_11037-5,parrot,A photo of a parrot,0.3822647035121918,0.3849361538887024
n01816887_11450-6,parrot,A photo of a parrot,0.3822647035121918,0.3849361538887024
n01816887_12209-5,parrot,A photo of a parrot,0.3822647035121918,0.3849361538887024
n01816887_12329-3,parrot,A photo of a parrot,0.3822647035121918,0.3849361538887024
n01816887_12843-2,parrot,A photo of a parrot,0.3822647035121918,0.3849361538887024
n01816887_12843-3,parrot,A photo of a parrot,0.3822647035121918,0.3849361538887024
n01816887_12849-8,parrot,A photo of a parrot,0.3792339265346527,0.3815571665763855
n01816887_2168-2,parrot,A photo of a parrot,0.3792339265346527,0.3815571665763855
n01816887_2168-4,parrot,A photo of a parrot,0.3792339265346527,0.3815571665763855
n01816887_224-3,parrot,A photo of a parrot,0.3792339265346527,0.3815571665763855
n01816887_224-6,parrot,A photo of a parrot,0.3792339265346527,0.3815571665763855
n01816887_2259-6,parrot,A photo of a parrot,0.3792339265346527,0.3815571665763855
n01816887_2493-4,parrot,A photo of a parrot,0.3792339265346527,0.3815571665763855
n01816887_2633-3,parrot,A photo of a parrot,0.3792339265346527,0.3815571665763855
n01816887_2749-2,parrot,A photo of a parrot,0.3692592978477478,0.37176913022994995
n01816887_2749-3,parrot,A photo of a parrot,0.3692592978477478,0.37176913022994995
n01816887_2973-4,parrot,A photo of a parrot,0.3692592978477478,0.37176913022994995
n01816887_5299-2,parrot,A photo of a parrot,0.3692592978477478,0.37176913022994995
n01816887_5299-3,parrot,A photo of a parrot,0.3692592978477478,0.37176913022994995
n01816887_5299-4,parrot,A photo of a parrot,0.3692592978477478,0.37176913022994995
n01816887_5299-6,parrot,A photo of a parrot,0.3692592978477478,0.37176913022994995
n01816887_6229-2,parrot,A photo of a parrot,0.3692592978477478,0.37176913022994995
n01816887_6792-1,parrot,A photo of a parrot,0.3523457944393158,0.3525848090648651
n01816887_7049-1,parrot,A photo of a parrot,0.3523457944393158,0.3525848090648651
n01816887_7566-5,parrot,A photo of a parrot,0.3523457944393158,0.3525848090648651
n01816887_7606-1,parrot,A photo of a parrot,0.3523457944393158,0.3525848090648651
n01816887_7712-1,parrot,A photo of a parrot,0.3523457944393158,0.3525848090648651
n01816887_7712-5,parrot,A photo of a parrot,0.3523457944393158,0.3525848090648651
n01816887_8134-3,parrot,A photo of a parrot,0.3523457944393158,0.3525848090648651
n01816887_8134-5,parrot,A photo of a parrot,0.3523457944393158,0.3525848090648651
n01816887_8134-7,parrot,A photo of a parrot,0.36800438165664673,0.3680702745914459
n01816887_8407-6,parrot,A photo of a parrot,0.36800438165664673,0.3680702745914459
n01816887_8551-1,parrot,A photo of a parrot,0.36800438165664673,0.3680702745914459
n01816887_8571-1,parrot,A photo of a parrot,0.36800438165664673,0.3680702745914459
n01816887_8571-4,parrot,A photo of a parrot,0.36800438165664673,0.3680702745914459
n01816887_9216-1,parrot,A photo of a parrot,0.36800438165664673,0.3680702745914459
n01816887_9216-3,parrot,A photo of a parrot,0.36800438165664673,0.3680702745914459
n01816887_9494-2,parrot,A photo of a parrot,0.36800438165664673,0.3680702745914459
n01816887_9494-4,parrot,A photo of a parrot,0.37016892433166504,0.3703848719596863
n01816887_9693-2,parrot,A photo of a parrot,0.37016892433166504,0.3703848719596863
n01816887_9978-2,parrot,A photo of a parrot,0.37016892433166504,0.3703848719596863
n01816887_9978-3,parrot,A photo of a parrot,0.37016892433166504,0.3703848719596863
n01816887_9978-4,parrot,A photo of a parrot,0.37016892433166504,0.3703848719596863
n01817953_10161-5,parrot,A photo of a parrot,0.37016892433166504,0.3703848719596863
n01817953_10285-3,parrot,A photo of a parrot,0.37016892433166504,0.3703848719596863
n01817953_1226-1,parrot,A photo of a parrot,0.37016892433166504,0.3703848719596863
n01817953_1890-1,parrot,A photo of a parrot,0.3990078568458557,0.40127551555633545
n01817953_3417-5,parrot,A photo of a parrot,0.3990078568458557,0.40127551555633545
n01817953_5315-6,parrot,A photo of a parrot,0.3990078568458557,0.40127551555633545
n01817953_63-5,parrot,A photo of a parrot,0.3990078568458557,0.40127551555633545
n01817953_9201-5,parrot,A photo of a parrot,0.3990078568458557,0.40127551555633545
n01819313_1422-4,parrot,A photo of a parrot,0.3990078568458557,0.40127551555633545
n01819313_3161-4,parrot,A photo of a parrot,0.3990078568458557,0.40127551555633545
n01819313_4234-1,parrot,A photo of a parrot,0.3990078568458557,0.40127551555633545
n01819313_5177-1,parrot,A photo of a parrot,0.3908809423446655,0.3937000036239624
n01819313_6567-1,parrot,A photo of a parrot,0.3908809423446655,0.3937000036239624
n01819313_6567-4,parrot,A photo of a parrot,0.3908809423446655,0.3937000036239624
n01819313_6619-4,parrot,A photo of a parrot,0.3908809423446655,0.3937000036239624
n01819313_6619-6,parrot,A photo of a parrot,0.3908809423446655,0.3937000036239624
n01819313_6794-1,parrot,A photo of a parrot,0.3908809423446655,0.3937000036239624
n01819313_7251-5,parrot,A photo of a parrot,0.3908809423446655,0.3937000036239624
n01820546_1603-5,parrot,A photo of a parrot,0.3908809423446655,0.3937000036239624
n01820546_3864-4,parrot,A photo of a parrot,0.364612340927124,0.365395188331604
n01820546_54-5,parrot,A photo of a parrot,0.364612340927124,0.365395188331604
n01820546_6207-1,parrot,A photo of a parrot,0.364612340927124,0.365395188331604
n01820546_6484-1,parrot,A photo of a parrot,0.364612340927124,0.365395188331604
n01820546_6625-1,parrot,A photo of a parrot,0.364612340927124,0.365395188331604
n01820546_6692-3,parrot,A photo of a parrot,0.364612340927124,0.365395188331604
n01820546_6942-4,parrot,A photo of a parrot,0.364612340927124,0.365395188331604
n01820546_776-5,parrot,A photo of a parrot,0.364612340927124,0.365395188331604
n01820546_782-5,parrot,A photo of a parrot,0.4024055004119873,0.4022895097732544
n01820546_782-7,parrot,A photo of a parrot,0.4024055004119873,0.4022895097732544
n07767847_10507-3,pear,A photo of a pear,0.4024055004119873,0.4022895097732544
n07767847_10558-1,pear,A photo of a pear,0.4024055004119873,0.4022895097732544
n07767847_10639-8,pear,A photo of a pear,0.4024055004119873,0.4022895097732544
n07767847_1146-1,pear,A photo of a pear,0.4024055004119873,0.4022895097732544
n07767847_12055-1,pear,A photo of a pear,0.4024055004119873,0.4022895097732544
n07767847_13429-2,pear,A photo of a pear,0.4024055004119873,0.4022895097732544
n07767847_13429-3,pear,A photo of a pear,0.3909960687160492,0.3936266303062439
n07767847_13429-6,pear,A photo of a pear,0.3909960687160492,0.3936266303062439
n07767847_2779-1,pear,A photo of a pear,0.3909960687160492,0.3936266303062439
n07767847_3008-2,pear,A photo of a pear,0.3909960687160492,0.3936266303062439
n07767847_3008-3,pear,A photo of a pear,0.3909960687160492,0.3936266303062439
n07767847_3016-2,pear,A photo of a pear,0.3909960687160492,0.3936266303062439
n07767847_3016-5,pear,A photo of a pear,0.3909960687160492,0.3936266303062439
n07767847_3114-3,pear,A photo of a pear,0.3909960687160492,0.3936266303062439
n07767847_4455-4,pear,A photo of a pear,0.4293191730976105,0.4276885986328125
n07767847_4852-1,pear,A photo of a pear,0.4293191730976105,0.4276885986328125
n07767847_4987-5,pear,A photo of a pear,0.4293191730976105,0.4276885986328125
n07767847_5184-1,pear,A photo of a pear,0.4293191730976105,0.4276885986328125
n07767847_5775-3,pear,A photo of a pear,0.4293191730976105,0.4276885986328125
n07767847_6292-2,pear,A photo of a pear,0.4293191730976105,0.4276885986328125
n07767847_6292-5,pear,A photo of a pear,0.4293191730976105,0.4276885986328125
n07767847_7171-4,pear,A photo of a pear,0.4293191730976105,0.4276885986328125
n07767847_7542-1,pear,A photo of a pear,0.41546744108200073,0.42379361391067505
n07767847_7542-5,pear,A photo of a pear,0.41546744108200073,0.42379361391067505
n07767847_7748-2,pear,A photo of a pear,0.41546744108200073,0.42379361391067505
n07767847_7748-3,pear,A photo of a pear,0.41546744108200073,0.42379361391067505
n07767847_7748-7,pear,A photo of a pear,0.41546744108200073,0.42379361391067505
n07767847_7848-3,pear,A photo of a pear,0.41546744108200073,0.42379361391067505
n07767847_9605-3,pear,A photo of a pear,0.41546744108200073,0.42379361391067505
n07768230_11471-4,pear,A photo of a pear,0.41546744108200073,0.42379361391067505
n07768230_11518-3,pear,A photo of a pear,0.39583367109298706,0.40480872988700867
n07768230_11651-5,pear,A photo of a pear,0.39583367109298706,0.40480872988700867
n07768230_12292-5,pear,A photo of a pear,0.39583367109298706,0.40480872988700867
n07768230_12798-4,pear,A photo of a pear,0.39583367109298706,0.40480872988700867
n07768230_12798-5,pear,A photo of a pear,0.39583367109298706,0.40480872988700867
n07768230_13702-5,pear,A photo of a pear,0.39583367109298706,0.40480872988700867
n07768230_13745-5,pear,A photo of a pear,0.39583367109298706,0.40480872988700867
n07768230_13930-6,pear,A photo of a pear,0.39583367109298706,0.40480872988700867
n07768230_2538-4,pear,A photo of a pear,0.4183109402656555,0.42281967401504517
n07768230_417-2,pear,A photo of a pear,0.4183109402656555,0.42281967401504517
n07768230_417-5,pear,A photo of a pear,0.4183109402656555,0.42281967401504517
n07768230_4752-3,pear,A photo of a pear,0.4183109402656555,0.42281967401504517
n07768230_4752-5,pear,A photo of a pear,0.4183109402656555,0.42281967401504517
n07768230_4923-2,pear,A photo of a pear,0.4183109402656555,0.42281967401504517
n07768230_4923-3,pear,A photo of a pear,0.4183109402656555,0.42281967401504517
n07768230_6770-11,pear,A photo of a pear,0.4183109402656555,0.42281967401504517
n07768230_6770-6,pear,A photo of a pear,0.40124183893203735,0.40839844942092896
n07768230_7971-1,pear,A photo of a pear,0.40124183893203735,0.40839844942092896
n07768230_7971-4,pear,A photo of a pear,0.40124183893203735,0.40839844942092896
n07768230_7971-5,pear,A photo of a pear,0.40124183893203735,0.40839844942092896
n07768230_8676-3,pear,A photo of a pear,0.40124183893203735,0.40839844942092896
n07768230_8745-3,pear,A photo of a pear,0.40124183893203735,0.40839844942092896
n07768230_9966-5,pear,A photo of a pear,0.40124183893203735,0.40839844942092896
n12651611_10439-3,pear,A photo of a pear,0.40124183893203735,0.40839844942092896
n12651611_10790-1,pear,A photo of a pear,0.44457709789276123,0.45202991366386414
n12651611_10790-2,pear,A photo of a pear,0.44457709789276123,0.45202991366386414
n12651611_10828-4,pear,A photo of a pear,0.44457709789276123,0.45202991366386414
n12651611_10828-5,pear,A photo of a pear,0.44457709789276123,0.45202991366386414
n12651611_10828-9,pear,A photo of a pear,0.44457709789276123,0.45202991366386414
n12651611_11104-2,pear,A photo of a pear,0.44457709789276123,0.45202991366386414
n12651611_12043-10,pear,A photo of a pear,0.44457709789276123,0.45202991366386414
n12651611_12305-5,pear,A photo of a pear,0.44457709789276123,0.45202991366386414
n12651611_13312-4,pear,A photo of a pear,0.40262341499328613,0.4093407988548279
n12651611_15990-4,pear,A photo of a pear,0.40262341499328613,0.4093407988548279
n12651611_17544-4,pear,A photo of a pear,0.40262341499328613,0.4093407988548279
n12651611_17775-4,pear,A photo of a pear,0.40262341499328613,0.4093407988548279
n12651611_17956-5,pear,A photo of a pear,0.40262341499328613,0.4093407988548279
n12651611_18256-4,pear,A photo of a pear,0.40262341499328613,0.4093407988548279
n12651611_18256-5,pear,A photo of a pear,0.40262341499328613,0.4093407988548279
n12651611_19597-2,pear,A photo of a pear,0.40262341499328613,0.4093407988548279
n12651611_19597-4,pear,A photo of a pear,0.43670690059661865,0.4403492212295532
n12651611_2651-3,pear,A photo of a pear,0.43670690059661865,0.4403492212295532
n12651611_3083-2,pear,A photo of a pear,0.43670690059661865,0.4403492212295532
n12651611_5494-1,pear,A photo of a pear,0.43670690059661865,0.4403492212295532
n12651611_5494-3,pear,A photo of a pear,0.43670690059661865,0.4403492212295532
n12651611_7758-1,pear,A photo of a pear,0.43670690059661865,0.4403492212295532
n12651611_7927-2,pear,A photo of a pear,0.43670690059661865,0.4403492212295532
n12651611_8030-2,pear,A photo of a pear,0.43670690059661865,0.4403492212295532
n12651611_8100-3,pear,A photo of a pear,0.3874434232711792,0.3912225365638733
n12651611_8298-2,pear,A photo of a pear,0.3874434232711792,0.3912225365638733
n02055803_10080-3,penguin,A photo of a penguin,0.3874434232711792,0.3912225365638733
n02055803_1314-5,penguin,A photo of a penguin,0.3874434232711792,0.3912225365638733
n02055803_1470-1,penguin,A photo of a penguin,0.3874434232711792,0.3912225365638733
n02055803_1470-5,penguin,A photo of a penguin,0.3874434232711792,0.3912225365638733
n02055803_208-2,penguin,A photo of a penguin,0.3874434232711792,0.3912225365638733
n02055803_2199-4,penguin,A photo of a penguin,0.3874434232711792,0.3912225365638733
n02055803_24-4,penguin,A photo of a penguin,0.40908217430114746,0.40917426347732544
n02055803_261-2,penguin,A photo of a penguin,0.40908217430114746,0.40917426347732544
n02055803_3184-5,penguin,A photo of a penguin,0.40908217430114746,0.40917426347732544
n02055803_3221-3,penguin,A photo of a penguin,0.40908217430114746,0.40917426347732544
n02055803_338-3,penguin,A photo of a penguin,0.40908217430114746,0.40917426347732544
n02055803_338-5,penguin,A photo of a penguin,0.40908217430114746,0.40917426347732544
n02055803_3472-2,penguin,A photo of a penguin,0.40908217430114746,0.40917426347732544
n02055803_3472-4,penguin,A photo of a penguin,0.40908217430114746,0.40917426347732544
n02055803_3472-6,penguin,A photo of a penguin,0.4018053412437439,0.4034776985645294
n02055803_3489-3,penguin,A photo of a penguin,0.4018053412437439,0.4034776985645294
n02055803_362-3,penguin,A photo of a penguin,0.4018053412437439,0.4034776985645294
n02055803_406-3,penguin,A photo of a penguin,0.4018053412437439,0.4034776985645294
n02055803_406-5,penguin,A photo of a penguin,0.4018053412437439,0.4034776985645294
n02055803_422-1,penguin,A photo of a penguin,0.4018053412437439,0.4034776985645294
n02055803_422-5,penguin,A photo of a penguin,0.4018053412437439,0.4034776985645294
n02055803_4452-3,penguin,A photo of a penguin,0.4018053412437439,0.4034776985645294
n02055803_4452-4,penguin,A photo of a penguin,0.3786667585372925,0.3818201422691345
n02055803_6550-3,penguin,A photo of a penguin,0.3786667585372925,0.3818201422691345
n02055803_6550-6,penguin,A photo of a penguin,0.3786667585372925,0.3818201422691345
n02055803_721-4,penguin,A photo of a penguin,0.3786667585372925,0.3818201422691345
n02055803_7646-6,penguin,A photo of a penguin,0.3786667585372925,0.3818201422691345
n02055803_7916-2,penguin,A photo of a penguin,0.3786667585372925,0.3818201422691345
n02055803_7917-2,penguin,A photo of a penguin,0.3786667585372925,0.3818201422691345
n02055803_7917-3,penguin,A photo of a penguin,0.3786667585372925,0.3818201422691345
n02055803_7931-3,penguin,A photo of a penguin,0.3720822036266327,0.3763045072555542
n02055803_856-4,penguin,A photo of a penguin,0.3720822036266327,0.3763045072555542
n02055803_9245-1,penguin,A photo of a penguin,0.3720822036266327,0.3763045072555542
n02055803_9506-2,penguin,A photo of a penguin,0.3720822036266327,0.3763045072555542
n02056570_1405-3,penguin,A photo of a penguin,0.3720822036266327,0.3763045072555542
n02056570_1817-2,penguin,A photo of a penguin,0.3720822036266327,0.3763045072555542
n02056570_2735-3,penguin,A photo of a penguin,0.3720822036266327,0.3763045072555542
n02056570_2735-4,penguin,A photo of a penguin,0.3720822036266327,0.3763045072555542
n02056570_3320-1,penguin,A photo of a penguin,0.35540348291397095,0.3550572395324707
n02056570_4309-5,penguin,A photo of a penguin,0.35540348291397095,0.3550572395324707
n02056570_6936-5,penguin,A photo of a penguin,0.35540348291397095,0.3550572395324707
n02056570_7131-5,penguin,A photo of a penguin,0.35540348291397095,0.3550572395324707
n02056570_7131-6,penguin,A photo of a penguin,0.35540348291397095,0.3550572395324707
n02056570_8253-1,penguin,A photo of a penguin,0.35540348291397095,0.3550572395324707
n02056570_8443-3,penguin,A photo of a penguin,0.35540348291397095,0.3550572395324707
n02056570_8490-4,penguin,A photo of a penguin,0.35540348291397095,0.3550572395324707
n02056570_85-3,penguin,A photo of a penguin,0.36549076437950134,0.357441246509552
n02056570_8518-5,penguin,A photo of a penguin,0.36549076437950134,0.357441246509552
n02056570_8556-2,penguin,A photo of a penguin,0.36549076437950134,0.357441246509552
n02056570_8556-3,penguin,A photo of a penguin,0.36549076437950134,0.357441246509552
n02056570_870-1,penguin,A photo of a penguin,0.36549076437950134,0.357441246509552
n02056570_870-3,penguin,A photo of a penguin,0.36549076437950134,0.357441246509552
n02056570_870-5,penguin,A photo of a penguin,0.36549076437950134,0.357441246509552
n02056570_9366-4,penguin,A photo of a penguin,0.36549076437950134,0.357441246509552
n02056570_9384-1,penguin,A photo of a penguin,0.35331404209136963,0.34789687395095825
n02056570_9384-5,penguin,A photo of a penguin,0.35331404209136963,0.34789687395095825
n02056570_9492-3,penguin,A photo of a penguin,0.35331404209136963,0.34789687395095825
n02056570_9675-4,penguin,A photo of a penguin,0.35331404209136963,0.34789687395095825
n02056570_9710-5,penguin,A photo of a penguin,0.35331404209136963,0.34789687395095825
n02056570_9957-2,penguin,A photo of a penguin,0.35331404209136963,0.34789687395095825
n02056570_9957-3,penguin,A photo of a penguin,0.35331404209136963,0.34789687395095825
n02056570_9957-4,penguin,A photo of a penguin,0.35331404209136963,0.34789687395095825
n03452741_10067-3,piano,A photo of a piano,0.360937237739563,0.36268705129623413
n03452741_10067-4,piano,A photo of a piano,0.360937237739563,0.36268705129623413
n03452741_10365-5,piano,A photo of a piano,0.360937237739563,0.36268705129623413
n03452741_10838-3,piano,A photo of a piano,0.360937237739563,0.36268705129623413
n03452741_11021-2,piano,A photo of a piano,0.360937237739563,0.36268705129623413
n03452741_11934-1,piano,A photo of a piano,0.360937237739563,0.36268705129623413
n03452741_11934-5,piano,A photo of a piano,0.360937237739563,0.36268705129623413
n03452741_11934-6,piano,A photo of a piano,0.360937237739563,0.36268705129623413
n03452741_12185-1,piano,A photo of a piano,0.32433658838272095,0.3244166374206543
n03452741_12185-2,piano,A photo of a piano,0.32433658838272095,0.3244166374206543
n03452741_12250-5,piano,A photo of a piano,0.32433658838272095,0.3244166374206543
n03452741_13582-2,piano,A photo of a piano,0.32433658838272095,0.3244166374206543
n03452741_13794-1,piano,A photo of a piano,0.32433658838272095,0.3244166374206543
n03452741_13794-2,piano,A photo of a piano,0.32433658838272095,0.3244166374206543
n03452741_13794-4,piano,A photo of a piano,0.32433658838272095,0.3244166374206543
n03452741_13845-4,piano,A photo of a piano,0.32433658838272095,0.3244166374206543
n03452741_14850-2,piano,A photo of a piano,0.35040196776390076,0.3505520522594452
n03452741_14850-3,piano,A photo of a piano,0.35040196776390076,0.3505520522594452
n03452741_14850-5,piano,A photo of a piano,0.35040196776390076,0.3505520522594452
n03452741_14850-7,piano,A photo of a piano,0.35040196776390076,0.3505520522594452
n03452741_15019-2,piano,A photo of a piano,0.35040196776390076,0.3505520522594452
n03452741_15019-7,piano,A photo of a piano,0.35040196776390076,0.3505520522594452
n03452741_15203-7,piano,A photo of a piano,0.35040196776390076,0.3505520522594452
n03452741_15435-2,piano,A photo of a piano,0.35040196776390076,0.3505520522594452
n03452741_15660-3,piano,A photo of a piano,0.3296201229095459,0.3309229612350464
n03452741_15660-5,piano,A photo of a piano,0.3296201229095459,0.3309229612350464
n03452741_15969-5,piano,A photo of a piano,0.3296201229095459,0.3309229612350464
n03452741_16074-5,piano,A photo of a piano,0.3296201229095459,0.3309229612350464
n03452741_16739-1,piano,A photo of a piano,0.3296201229095459,0.3309229612350464
n03452741_16739-2,piano,A photo of a piano,0.3296201229095459,0.3309229612350464
n03452741_16739-3,piano,A photo of a piano,0.3296201229095459,0.3309229612350464
n03452741_16790-2,piano,A photo of a piano,0.3296201229095459,0.3309229612350464
n03452741_16790-5,piano,A photo of a piano,0.3437349796295166,0.34487804770469666
n03452741_16846-1,piano,A photo of a piano,0.3437349796295166,0.34487804770469666
n03452741_16846-5,piano,A photo of a piano,0.3437349796295166,0.34487804770469666
n03452741_17699-1,piano,A photo of a piano,0.3437349796295166,0.34487804770469666
n03452741_18302-2,piano,A photo of a piano,0.3437349796295166,0.34487804770469666
n03452741_18492-2,piano,A photo of a piano,0.3437349796295166,0.34487804770469666
n03452741_18492-3,piano,A photo of a piano,0.3437349796295166,0.34487804770469666
n03452741_18492-7,piano,A photo of a piano,0.3437349796295166,0.34487804770469666
n03452741_19294-6,piano,A photo of a piano,0.337614506483078,0.34072646498680115
n03452741_20205-1,piano,A photo of a piano,0.337614506483078,0.34072646498680115
n03452741_20205-5,piano,A photo of a piano,0.337614506483078,0.34072646498680115
n03452741_20205-6,piano,A photo of a piano,0.337614506483078,0.34072646498680115
n03452741_20205-7,piano,A photo of a piano,0.337614506483078,0.34072646498680115
n03452741_2022-1,piano,A photo of a piano,0.337614506483078,0.34072646498680115
n03452741_2022-3,piano,A photo of a piano,0.337614506483078,0.34072646498680115
n03452741_2022-5,piano,A photo of a piano,0.337614506483078,0.34072646498680115
n03452741_2022-7,piano,A photo of a piano,0.3604922890663147,0.3622106909751892
n03452741_2201-6,piano,A photo of a piano,0.3604922890663147,0.3622106909751892
n03452741_2262-5,piano,A photo of a piano,0.3604922890663147,0.3622106909751892
n03452741_22853-4,piano,A photo of a piano,0.3604922890663147,0.3622106909751892
n03452741_22853-5,piano,A photo of a piano,0.3604922890663147,0.3622106909751892
n03452741_23817-4,piano,A photo of a piano,0.3604922890663147,0.3622106909751892
n03452741_23817-5,piano,A photo of a piano,0.3604922890663147,0.3622106909751892
n03452741_24887-2,piano,A photo of a piano,0.3604922890663147,0.3622106909751892
n03452741_25897-1,piano,A photo of a piano,0.3380398750305176,0.3416047990322113
n03452741_2797-5,piano,A photo of a piano,0.3380398750305176,0.3416047990322113
n03452741_2797-6,piano,A photo of a piano,0.3380398750305176,0.3416047990322113
n03452741_3008-2,piano,A photo of a piano,0.3380398750305176,0.3416047990322113
n03452741_3792-1,piano,A photo of a piano,0.3380398750305176,0.3416047990322113
n03452741_3969-3,piano,A photo of a piano,0.3380398750305176,0.3416047990322113
n03452741_4394-1,piano,A photo of a piano,0.3380398750305176,0.3416047990322113
n03452741_4394-6,piano,A photo of a piano,0.3380398750305176,0.3416047990322113
n03452741_4493-2,piano,A photo of a piano,0.35379284620285034,0.35418930649757385
n03452741_4493-3,piano,A photo of a piano,0.35379284620285034,0.35418930649757385
n03452741_4785-2,piano,A photo of a piano,0.35379284620285034,0.35418930649757385
n03452741_4785-3,piano,A photo of a piano,0.35379284620285034,0.35418930649757385
n03452741_4785-4,piano,A photo of a piano,0.35379284620285034,0.35418930649757385
n03452741_5409-1,piano,A photo of a piano,0.35379284620285034,0.35418930649757385
n03452741_5409-4,piano,A photo of a piano,0.35379284620285034,0.35418930649757385
n03452741_5409-6,piano,A photo of a piano,0.35379284620285034,0.35418930649757385
n03452741_5565-5,piano,A photo of a piano,0.34437426924705505,0.34220975637435913
n03452741_5565-6,piano,A photo of a piano,0.34437426924705505,0.34220975637435913
n03452741_5900-5,piano,A photo of a piano,0.34437426924705505,0.34220975637435913
n03452741_6003-11,piano,A photo of a piano,0.34437426924705505,0.34220975637435913
n03452741_6003-2,piano,A photo of a piano,0.34437426924705505,0.34220975637435913
n03452741_6174-2,piano,A photo of a piano,0.34437426924705505,0.34220975637435913
n03452741_6201-2,piano,A photo of a piano,0.34437426924705505,0.34220975637435913
n03452741_6201-8,piano,A photo of a piano,0.34437426924705505,0.34220975637435913
n03452741_6577-5,piano,A photo of a piano,0.34221917390823364,0.340406596660614
n03452741_6659-5,piano,A photo of a piano,0.34221917390823364,0.340406596660614
n03452741_6933-1,piano,A photo of a piano,0.34221917390823364,0.340406596660614
n03452741_6933-3,piano,A photo of a piano,0.34221917390823364,0.340406596660614
n03452741_6933-5,piano,A photo of a piano,0.34221917390823364,0.340406596660614
n03452741_6933-6,piano,A photo of a piano,0.34221917390823364,0.340406596660614
n03452741_7046-1,piano,A photo of a piano,0.34221917390823364,0.340406596660614
n03452741_7046-3,piano,A photo of a piano,0.34221917390823364,0.340406596660614
n03452741_7346-3,piano,A photo of a piano,0.33642303943634033,0.3396359086036682
n03452741_7472-1,piano,A photo of a piano,0.33642303943634033,0.3396359086036682
n03452741_7472-2,piano,A photo of a piano,0.33642303943634033,0.3396359086036682
n03452741_7535-1,piano,A photo of a piano,0.33642303943634033,0.3396359086036682
n03452741_8023-1,piano,A photo of a piano,0.33642303943634033,0.3396359086036682
n03452741_8023-5,piano,A photo of a piano,0.33642303943634033,0.3396359086036682
n03452741_8040-3,piano,A photo of a piano,0.33642303943634033,0.3396359086036682
n03452741_8139-5,piano,A photo of a piano,0.33642303943634033,0.3396359086036682
n03452741_8139-6,piano,A photo of a piano,0.3586644232273102,0.36159849166870117
n03452741_8763-4,piano,A photo of a piano,0.3586644232273102,0.36159849166870117
n03452741_8763-6,piano,A photo of a piano,0.3586644232273102,0.36159849166870117
n03452741_9020-4,piano,A photo of a piano,0.3586644232273102,0.36159849166870117
n03452741_942-1,piano,A photo of a piano,0.3586644232273102,0.36159849166870117
n03452741_942-2,piano,A photo of a piano,0.3586644232273102,0.36159849166870117
n03452741_942-3,piano,A photo of a piano,0.3586644232273102,0.36159849166870117
n03452741_942-4,piano,A photo of a piano,0.3586644232273102,0.36159849166870117
n03452741_960-2,piano,A photo of a piano,0.330471009016037,0.3324222266674042
n03452741_960-6,piano,A photo of a piano,0.330471009016037,0.3324222266674042
n03452741_9630-2,piano,A photo of a piano,0.330471009016037,0.3324222266674042
n03452741_9930-2,piano,A photo of a piano,0.330471009016037,0.3324222266674042
n03930630_103-3,pickup_truck,A photo of a pickup truck,0.330471009016037,0.3324222266674042
n03930630_10659-2,pickup_truck,A photo of a pickup truck,0.330471009016037,0.3324222266674042
n03930630_10659-6,pickup_truck,A photo of a pickup truck,0.330471009016037,0.3324222266674042
n03930630_10678-1,pickup_truck,A photo of a pickup truck,0.330471009016037,0.3324222266674042
n03930630_10678-5,pickup_truck,A photo of a pickup truck,0.31680431962013245,0.3162027597427368
n03930630_10956-3,pickup_truck,A photo of a pickup truck,0.31680431962013245,0.3162027597427368
n03930630_10956-6,pickup_truck,A photo of a pickup truck,0.31680431962013245,0.3162027597427368
n03930630_10956-7,pickup_truck,A photo of a pickup truck,0.31680431962013245,0.3162027597427368
n03930630_11034-4,pickup_truck,A photo of a pickup truck,0.31680431962013245,0.3162027597427368
n03930630_11034-8,pickup_truck,A photo of a pickup truck,0.31680431962013245,0.3162027597427368
n03930630_11050-2,pickup_truck,A photo of a pickup truck,0.31680431962013245,0.3162027597427368
n03930630_11050-6,pickup_truck,A photo of a pickup truck,0.31680431962013245,0.3162027597427368
n03930630_11510-10,pickup_truck,A photo of a pickup truck,0.3063444197177887,0.30552685260772705
n03930630_11510-7,pickup_truck,A photo of a pickup truck,0.3063444197177887,0.30552685260772705
n03930630_11618-1,pickup_truck,A photo of a pickup truck,0.3063444197177887,0.30552685260772705
n03930630_11618-5,pickup_truck,A photo of a pickup truck,0.3063444197177887,0.30552685260772705
n03930630_1195-4,pickup_truck,A photo of a pickup truck,0.3063444197177887,0.30552685260772705
n03930630_1276-3,pickup_truck,A photo of a pickup truck,0.3063444197177887,0.30552685260772705
n03930630_13293-6,pickup_truck,A photo of a pickup truck,0.3063444197177887,0.30552685260772705
n03930630_14583-1,pickup_truck,A photo of a pickup truck,0.3063444197177887,0.30552685260772705
n03930630_15187-6,pickup_truck,A photo of a pickup truck,0.2991347312927246,0.2995421588420868
n03930630_15416-1,pickup_truck,A photo of a pickup truck,0.2991347312927246,0.2995421588420868
n03930630_16010-5,pickup_truck,A photo of a pickup truck,0.2991347312927246,0.2995421588420868
n03930630_16224-4,pickup_truck,A photo of a pickup truck,0.2991347312927246,0.2995421588420868
n03930630_17225-5,pickup_truck,A photo of a pickup truck,0.2991347312927246,0.2995421588420868
n03930630_17225-8,pickup_truck,A photo of a pickup truck,0.2991347312927246,0.2995421588420868
n03930630_17225-9,pickup_truck,A photo of a pickup truck,0.2991347312927246,0.2995421588420868
n03930630_17285-4,pickup_truck,A photo of a pickup truck,0.2991347312927246,0.2995421588420868
n03930630_18024-3,pickup_truck,A photo of a pickup truck,0.333107590675354,0.33458617329597473
n03930630_18024-5,pickup_truck,A photo of a pickup truck,0.333107590675354,0.33458617329597473
n03930630_1873-7,pickup_truck,A photo of a pickup truck,0.333107590675354,0.33458617329597473
n03930630_18748-3,pickup_truck,A photo of a pickup truck,0.333107590675354,0.33458617329597473
n03930630_18748-5,pickup_truck,A photo of a pickup truck,0.333107590675354,0.33458617329597473
n03930630_18748-8,pickup_truck,A photo of a pickup truck,0.333107590675354,0.33458617329597473
n03930630_18854-1,pickup_truck,A photo of a pickup truck,0.333107590675354,0.33458617329597473
n03930630_19292-3,pickup_truck,A photo of a pickup truck,0.333107590675354,0.33458617329597473
n03930630_19308-5,pickup_truck,A photo of a pickup truck,0.3242066204547882,0.3232990801334381
n03930630_19554-6,pickup_truck,A photo of a pickup truck,0.3242066204547882,0.3232990801334381
n03930630_19736-3,pickup_truck,A photo of a pickup truck,0.3242066204547882,0.3232990801334381
n03930630_19759-5,pickup_truck,A photo of a pickup truck,0.3242066204547882,0.3232990801334381
n03930630_19759-6,pickup_truck,A photo of a pickup truck,0.3242066204547882,0.3232990801334381
n03930630_1982-3,pickup_truck,A photo of a pickup truck,0.3242066204547882,0.3232990801334381
n03930630_2143-5,pickup_truck,A photo of a pickup truck,0.3242066204547882,0.3232990801334381
n03930630_2235-4,pickup_truck,A photo of a pickup truck,0.3242066204547882,0.3232990801334381
n03930630_2433-5,pickup_truck,A photo of a pickup truck,0.293788343667984,0.29320746660232544
n03930630_2719-6,pickup_truck,A photo of a pickup truck,0.293788343667984,0.29320746660232544
n03930630_2802-1,pickup_truck,A photo of a pickup truck,0.293788343667984,0.29320746660232544
n03930630_3369-3,pickup_truck,A photo of a pickup truck,0.293788343667984,0.29320746660232544
n03930630_3369-5,pickup_truck,A photo of a pickup truck,0.293788343667984,0.29320746660232544
n03930630_3394-2,pickup_truck,A photo of a pickup truck,0.293788343667984,0.29320746660232544
n03930630_3476-2,pickup_truck,A photo of a pickup truck,0.293788343667984,0.29320746660232544
n03930630_360-1,pickup_truck,A photo of a pickup truck,0.293788343667984,0.29320746660232544
n03930630_360-3,pickup_truck,A photo of a pickup truck,0.3076596260070801,0.30552440881729126
n03930630_360-5,pickup_truck,A photo of a pickup truck,0.3076596260070801,0.30552440881729126
n03930630_3633-3,pickup_truck,A photo of a pickup truck,0.3076596260070801,0.30552440881729126
n03930630_3633-4,pickup_truck,A photo of a pickup truck,0.3076596260070801,0.30552440881729126
n03930630_3675-2,pickup_truck,A photo of a pickup truck,0.3076596260070801,0.30552440881729126
n03930630_3675-3,pickup_truck,A photo of a pickup truck,0.3076596260070801,0.30552440881729126
n03930630_4263-1,pickup_truck,A photo of a pickup truck,0.3076596260070801,0.30552440881729126
n03930630_4263-4,pickup_truck,A photo of a pickup truck,0.3076596260070801,0.30552440881729126
n03930630_43-6,pickup_truck,A photo of a pickup truck,0.3327794075012207,0.33410313725471497
n03930630_4499-8,pickup_truck,A photo of a pickup truck,0.3327794075012207,0.33410313725471497
n03930630_4499-9,pickup_truck,A photo of a pickup truck,0.3327794075012207,0.33410313725471497
n03930630_4555-1,pickup_truck,A photo of a pickup truck,0.3327794075012207,0.33410313725471497
n03930630_4555-2,pickup_truck,A photo of a pickup truck,0.3327794075012207,0.33410313725471497
n03930630_4555-3,pickup_truck,A photo of a pickup truck,0.3327794075012207,0.33410313725471497
n03930630_4555-6,pickup_truck,A photo of a pickup truck,0.3327794075012207,0.33410313725471497
n03930630_4664-5,pickup_truck,A photo of a pickup truck,0.3327794075012207,0.33410313725471497
n03930630_4773-2,pickup_truck,A photo of a pickup truck,0.29011431336402893,0.2891499400138855
n03930630_4773-5,pickup_truck,A photo of a pickup truck,0.29011431336402893,0.2891499400138855
n03930630_5135-3,pickup_truck,A photo of a pickup truck,0.29011431336402893,0.2891499400138855
n03930630_5135-6,pickup_truck,A photo of a pickup truck,0.29011431336402893,0.2891499400138855
n03930630_5135-9,pickup_truck,A photo of a pickup truck,0.29011431336402893,0.2891499400138855
n03930630_5287-2,pickup_truck,A photo of a pickup truck,0.29011431336402893,0.2891499400138855
n03930630_5287-3,pickup_truck,A photo of a pickup truck,0.29011431336402893,0.2891499400138855
n03930630_5287-5,pickup_truck,A photo of a pickup truck,0.29011431336402893,0.2891499400138855
n03930630_5287-7,pickup_truck,A photo of a pickup truck,0.3040226697921753,0.3015402555465698
n03930630_5501-1,pickup_truck,A photo of a pickup truck,0.3040226697921753,0.3015402555465698
n03930630_5514-4,pickup_truck,A photo of a pickup truck,0.3040226697921753,0.3015402555465698
n03930630_6005-3,pickup_truck,A photo of a pickup truck,0.3040226697921753,0.3015402555465698
n03930630_613-2,pickup_truck,A photo of a pickup truck,0.3040226697921753,0.3015402555465698
n03930630_613-7,pickup_truck,A photo of a pickup truck,0.3040226697921753,0.3015402555465698
n03930630_6339-3,pickup_truck,A photo of a pickup truck,0.3040226697921753,0.3015402555465698
n03930630_6339-6,pickup_truck,A photo of a pickup truck,0.3040226697921753,0.3015402555465698
n03930630_6961-3,pickup_truck,A photo of a pickup truck,0.31543537974357605,0.31513944268226624
n03930630_7360-3,pickup_truck,A photo of a pickup truck,0.31543537974357605,0.31513944268226624
n03930630_7422-5,pickup_truck,A photo of a pickup truck,0.31543537974357605,0.31513944268226624
n03930630_7535-3,pickup_truck,A photo of a pickup truck,0.31543537974357605,0.31513944268226624
n03930630_7540-5,pickup_truck,A photo of a pickup truck,0.31543537974357605,0.31513944268226624
n03930630_7937-2,pickup_truck,A photo of a pickup truck,0.31543537974357605,0.31513944268226624
n03930630_7937-4,pickup_truck,A photo of a pickup truck,0.31543537974357605,0.31513944268226624
n03930630_7937-5,pickup_truck,A photo of a pickup truck,0.31543537974357605,0.31513944268226624
n03930630_7937-6,pickup_truck,A photo of a pickup truck,0.33918923139572144,0.3390057384967804
n03930630_8403-3,pickup_truck,A photo of a pickup truck,0.33918923139572144,0.3390057384967804
n03930630_8403-5,pickup_truck,A photo of a pickup truck,0.33918923139572144,0.3390057384967804
n03930630_8644-5,pickup_truck,A photo of a pickup truck,0.33918923139572144,0.3390057384967804
n03930630_8776-4,pickup_truck,A photo of a pickup truck,0.33918923139572144,0.3390057384967804
n03930630_8776-5,pickup_truck,A photo of a pickup truck,0.33918923139572144,0.3390057384967804
n03930630_8806-2,pickup_truck,A photo of a pickup truck,0.33918923139572144,0.3390057384967804
n03930630_8806-7,pickup_truck,A photo of a pickup truck,0.33918923139572144,0.3390057384967804
n03930630_9259-2,pickup_truck,A photo of a pickup truck,0.3129507005214691,0.3133637309074402
n03930630_9259-3,pickup_truck,A photo of a pickup truck,0.3129507005214691,0.3133637309074402
n03930630_9259-4,pickup_truck,A photo of a pickup truck,0.3129507005214691,0.3133637309074402
n03930630_9530-4,pickup_truck,A photo of a pickup truck,0.3129507005214691,0.3133637309074402
n03930630_9708-3,pickup_truck,A photo of a pickup truck,0.3129507005214691,0.3133637309074402
n03930630_9708-5,pickup_truck,A photo of a pickup truck,0.3129507005214691,0.3133637309074402
n02395406_10078-1,pig,A photo of a pig,0.3129507005214691,0.3133637309074402
n02395406_10078-4,pig,A photo of a pig,0.3129507005214691,0.3133637309074402
n02395406_10372-3,pig,A photo of a pig,0.3669535517692566,0.3695237636566162
n02395406_10439-10,pig,A photo of a pig,0.3669535517692566,0.3695237636566162
n02395406_10439-5,pig,A photo of a pig,0.3669535517692566,0.3695237636566162
n02395406_1046-1,pig,A photo of a pig,0.3669535517692566,0.3695237636566162
n02395406_1046-5,pig,A photo of a pig,0.3669535517692566,0.3695237636566162
n02395406_1046-7,pig,A photo of a pig,0.3669535517692566,0.3695237636566162
n02395406_11157-4,pig,A photo of a pig,0.3669535517692566,0.3695237636566162
n02395406_11379-2,pig,A photo of a pig,0.3669535517692566,0.3695237636566162
n02395406_11379-5,pig,A photo of a pig,0.3815825283527374,0.3812057673931122
n02395406_1284-3,pig,A photo of a pig,0.3815825283527374,0.3812057673931122
n02395406_1284-4,pig,A photo of a pig,0.3815825283527374,0.3812057673931122
n02395406_1284-6,pig,A photo of a pig,0.3815825283527374,0.3812057673931122
n02395406_13013-2,pig,A photo of a pig,0.3815825283527374,0.3812057673931122
n02395406_13013-4,pig,A photo of a pig,0.3815825283527374,0.3812057673931122
n02395406_1338-5,pig,A photo of a pig,0.3815825283527374,0.3812057673931122
n02395406_13553-3,pig,A photo of a pig,0.3815825283527374,0.3812057673931122
n02395406_13984-1,pig,A photo of a pig,0.3639015555381775,0.3597007989883423
n02395406_13984-2,pig,A photo of a pig,0.3639015555381775,0.3597007989883423
n02395406_1616-6,pig,A photo of a pig,0.3639015555381775,0.3597007989883423
n02395406_1616-7,pig,A photo of a pig,0.3639015555381775,0.3597007989883423
n02395406_16380-1,pig,A photo of a pig,0.3639015555381775,0.3597007989883423
n02395406_16380-2,pig,A photo of a pig,0.3639015555381775,0.3597007989883423
n02395406_16380-3,pig,A photo of a pig,0.3639015555381775,0.3597007989883423
n02395406_16597-6,pig,A photo of a pig,0.3639015555381775,0.3597007989883423
n02395406_1663-1,pig,A photo of a pig,0.3637087047100067,0.36915287375450134
n02395406_1701-3,pig,A photo of a pig,0.3637087047100067,0.36915287375450134
n02395406_1701-5,pig,A photo of a pig,0.3637087047100067,0.36915287375450134
n02395406_18654-2,pig,A photo of a pig,0.3637087047100067,0.36915287375450134
n02395406_19194-2,pig,A photo of a pig,0.3637087047100067,0.36915287375450134
n02395406_19194-6,pig,A photo of a pig,0.3637087047100067,0.36915287375450134
n02395406_19194-7,pig,A photo of a pig,0.3637087047100067,0.36915287375450134
n02395406_19194-8,pig,A photo of a pig,0.3637087047100067,0.36915287375450134
n02395406_19313-6,pig,A photo of a pig,0.35677218437194824,0.3602524399757385
n02395406_21139-5,pig,A photo of a pig,0.35677218437194824,0.3602524399757385
n02395406_2270-2,pig,A photo of a pig,0.35677218437194824,0.3602524399757385
n02395406_2270-3,pig,A photo of a pig,0.35677218437194824,0.3602524399757385
n02395406_2270-6,pig,A photo of a pig,0.35677218437194824,0.3602524399757385
n02395406_2294-1,pig,A photo of a pig,0.35677218437194824,0.3602524399757385
n02395406_2294-7,pig,A photo of a pig,0.35677218437194824,0.3602524399757385
n02395406_2303-3,pig,A photo of a pig,0.35677218437194824,0.3602524399757385
n02395406_23066-3,pig,A photo of a pig,0.37245267629623413,0.37647971510887146
n02395406_23614-1,pig,A photo of a pig,0.37245267629623413,0.37647971510887146
n02395406_2429-3,pig,A photo of a pig,0.37245267629623413,0.37647971510887146
n02395406_2429-6,pig,A photo of a pig,0.37245267629623413,0.37647971510887146
n02395406_24579-4,pig,A photo of a pig,0.37245267629623413,0.37647971510887146
n02395406_2524-2,pig,A photo of a pig,0.37245267629623413,0.37647971510887146
n02395406_2524-4,pig,A photo of a pig,0.37245267629623413,0.37647971510887146
n02395406_25881-4,pig,A photo of a pig,0.37245267629623413,0.37647971510887146
n02395406_26048-3,pig,A photo of a pig,0.35521942377090454,0.3610546886920929
n02395406_26175-10,pig,A photo of a pig,0.35521942377090454,0.3610546886920929
n02395406_26175-5,pig,A photo of a pig,0.35521942377090454,0.3610546886920929
n02395406_26602-1,pig,A photo of a pig,0.35521942377090454,0.3610546886920929
n02395406_26602-5,pig,A photo of a pig,0.35521942377090454,0.3610546886920929
n02395406_27225-5,pig,A photo of a pig,0.35521942377090454,0.3610546886920929
n02395406_27225-7,pig,A photo of a pig,0.35521942377090454,0.3610546886920929
n02395406_27716-3,pig,A photo of a pig,0.35521942377090454,0.3610546886920929
n02395406_27716-5,pig,A photo of a pig,0.37869834899902344,0.38319897651672363
n02395406_27716-6,pig,A photo of a pig,0.37869834899902344,0.38319897651672363
n02395406_27716-7,pig,A photo of a pig,0.37869834899902344,0.38319897651672363
n02395406_28318-1,pig,A photo of a pig,0.37869834899902344,0.38319897651672363
n02395406_28493-1,pig,A photo of a pig,0.37869834899902344,0.38319897651672363
n02395406_2945-1,pig,A photo of a pig,0.37869834899902344,0.38319897651672363
n02395406_30636-3,pig,A photo of a pig,0.37869834899902344,0.38319897651672363
n02395406_31504-2,pig,A photo of a pig,0.37869834899902344,0.38319897651672363
n02395406_3179-7,pig,A photo of a pig,0.35968148708343506,0.3576428294181824
n02395406_3179-9,pig,A photo of a pig,0.35968148708343506,0.3576428294181824
n02395406_32520-5,pig,A photo of a pig,0.35968148708343506,0.3576428294181824
n02395406_32784-4,pig,A photo of a pig,0.35968148708343506,0.3576428294181824
n02395406_32947-3,pig,A photo of a pig,0.35968148708343506,0.3576428294181824
n02395406_33040-3,pig,A photo of a pig,0.35968148708343506,0.3576428294181824
n02395406_33170-2,pig,A photo of a pig,0.35968148708343506,0.3576428294181824
n02395406_33170-3,pig,A photo of a pig,0.35968148708343506,0.3576428294181824
n02395406_33519-5,pig,A photo of a pig,0.35897552967071533,0.357441782951355
n02395406_33729-2,pig,A photo of a pig,0.35897552967071533,0.357441782951355
n02395406_33729-5,pig,A photo of a pig,0.35897552967071533,0.357441782951355
n02395406_3475-6,pig,A photo of a pig,0.35897552967071533,0.357441782951355
n02395406_3475-8,pig,A photo of a pig,0.35897552967071533,0.357441782951355
n02395406_3549-2,pig,A photo of a pig,0.35897552967071533,0.357441782951355
n02395406_3549-3,pig,A photo of a pig,0.35897552967071533,0.357441782951355
n02395406_3549-7,pig,A photo of a pig,0.35897552967071533,0.357441782951355
n02395406_3718-4,pig,A photo of a pig,0.3690735697746277,0.36996304988861084
n02395406_3719-4,pig,A photo of a pig,0.3690735697746277,0.36996304988861084
n02395406_3719-6,pig,A photo of a pig,0.3690735697746277,0.36996304988861084
n02395406_3859-4,pig,A photo of a pig,0.3690735697746277,0.36996304988861084
n02395406_40626-1,pig,A photo of a pig,0.3690735697746277,0.36996304988861084
n02395406_40626-3,pig,A photo of a pig,0.3690735697746277,0.36996304988861084
n02395406_4429-9,pig,A photo of a pig,0.3690735697746277,0.36996304988861084
n02395406_5730-3,pig,A photo of a pig,0.3690735697746277,0.36996304988861084
n02395406_5730-5,pig,A photo of a pig,0.38425952196121216,0.38623300194740295
n02395406_7143-4,pig,A photo of a pig,0.38425952196121216,0.38623300194740295
n02395406_8445-2,pig,A photo of a pig,0.38425952196121216,0.38623300194740295
n02395406_8445-3,pig,A photo of a pig,0.38425952196121216,0.38623300194740295
n02395406_8513-1,pig,A photo of a pig,0.38425952196121216,0.38623300194740295
n02395406_892-3,pig,A photo of a pig,0.38425952196121216,0.38623300194740295
n02395406_9081-2,pig,A photo of a pig,0.38425952196121216,0.38623300194740295
n02395406_9081-3,pig,A photo of a pig,0.38425952196121216,0.38623300194740295
n02395406_9081-6,pig,A photo of a pig,0.3628416061401367,0.3618839979171753
n02395406_9300-1,pig,A photo of a pig,0.3628416061401367,0.3618839979171753
n02395406_9837-4,pig,A photo of a pig,0.3628416061401367,0.3618839979171753
n02395406_9891-10,pig,A photo of a pig,0.3628416061401367,0.3618839979171753
n07753275_10794-1,pineapple,A photo of a pineapple,0.3628416061401367,0.3618839979171753
n07753275_11091-2,pineapple,A photo of a pineapple,0.3628416061401367,0.3618839979171753
n07753275_12386-5,pineapple,A photo of a pineapple,0.3628416061401367,0.3618839979171753
n07753275_13502-1,pineapple,A photo of a pineapple,0.3628416061401367,0.3618839979171753
n07753275_13502-4,pineapple,A photo of a pineapple,0.3876534104347229,0.38934388756752014
n07753275_13502-5,pineapple,A photo of a pineapple,0.3876534104347229,0.38934388756752014
n07753275_13776-2,pineapple,A photo of a pineapple,0.3876534104347229,0.38934388756752014
n07753275_14607-4,pineapple,A photo of a pineapple,0.3876534104347229,0.38934388756752014
n07753275_14607-9,pineapple,A photo of a pineapple,0.3876534104347229,0.38934388756752014
n07753275_15839-7,pineapple,A photo of a pineapple,0.3876534104347229,0.38934388756752014
n07753275_16105-4,pineapple,A photo of a pineapple,0.3876534104347229,0.38934388756752014
n07753275_16105-7,pineapple,A photo of a pineapple,0.3876534104347229,0.38934388756752014
n07753275_16164-5,pineapple,A photo of a pineapple,0.3820578157901764,0.3831965923309326
n07753275_17454-2,pineapple,A photo of a pineapple,0.3820578157901764,0.3831965923309326
n07753275_17454-3,pineapple,A photo of a pineapple,0.3820578157901764,0.3831965923309326
n07753275_17465-2,pineapple,A photo of a pineapple,0.3820578157901764,0.3831965923309326
n07753275_17465-4,pineapple,A photo of a pineapple,0.3820578157901764,0.3831965923309326
n07753275_17465-6,pineapple,A photo of a pineapple,0.3820578157901764,0.3831965923309326
n07753275_17554-1,pineapple,A photo of a pineapple,0.3820578157901764,0.3831965923309326
n07753275_17554-10,pineapple,A photo of a pineapple,0.3820578157901764,0.3831965923309326
n07753275_17554-8,pineapple,A photo of a pineapple,0.3780643343925476,0.37721988558769226
n07753275_17554-9,pineapple,A photo of a pineapple,0.3780643343925476,0.37721988558769226
n07753275_178-1,pineapple,A photo of a pineapple,0.3780643343925476,0.37721988558769226
n07753275_178-3,pineapple,A photo of a pineapple,0.3780643343925476,0.37721988558769226
n07753275_178-5,pineapple,A photo of a pineapple,0.3780643343925476,0.37721988558769226
n07753275_18013-3,pineapple,A photo of a pineapple,0.3780643343925476,0.37721988558769226
n07753275_1856-5,pineapple,A photo of a pineapple,0.3780643343925476,0.37721988558769226
n07753275_19418-5,pineapple,A photo of a pineapple,0.3780643343925476,0.37721988558769226
n07753275_19593-2,pineapple,A photo of a pineapple,0.3751383423805237,0.3768004775047302
n07753275_19593-4,pineapple,A photo of a pineapple,0.3751383423805237,0.3768004775047302
n07753275_20080-6,pineapple,A photo of a pineapple,0.3751383423805237,0.3768004775047302
n07753275_21089-6,pineapple,A photo of a pineapple,0.3751383423805237,0.3768004775047302
n07753275_21346-1,pineapple,A photo of a pineapple,0.3751383423805237,0.3768004775047302
n07753275_21607-4,pineapple,A photo of a pineapple,0.3751383423805237,0.3768004775047302
n07753275_21607-7,pineapple,A photo of a pineapple,0.3751383423805237,0.3768004775047302
n07753275_21925-5,pineapple,A photo of a pineapple,0.3751383423805237,0.3768004775047302
n07753275_22668-5,pineapple,A photo of a pineapple,0.36746662855148315,0.3686738610267639
n07753275_22670-3,pineapple,A photo of a pineapple,0.36746662855148315,0.3686738610267639
n07753275_23143-3,pineapple,A photo of a pineapple,0.36746662855148315,0.3686738610267639
n07753275_23143-6,pineapple,A photo of a pineapple,0.36746662855148315,0.3686738610267639
n07753275_23143-8,pineapple,A photo of a pineapple,0.36746662855148315,0.3686738610267639
n07753275_23252-1,pineapple,A photo of a pineapple,0.36746662855148315,0.3686738610267639
n07753275_23364-2,pineapple,A photo of a pineapple,0.36746662855148315,0.3686738610267639
n07753275_23505-1,pineapple,A photo of a pineapple,0.36746662855148315,0.3686738610267639
n07753275_23505-4,pineapple,A photo of a pineapple,0.3711909055709839,0.3693556487560272
n07753275_23669-3,pineapple,A photo of a pineapple,0.3711909055709839,0.3693556487560272
n07753275_23767-7,pineapple,A photo of a pineapple,0.3711909055709839,0.3693556487560272
n07753275_23767-8,pineapple,A photo of a pineapple,0.3711909055709839,0.3693556487560272
n07753275_23845-1,pineapple,A photo of a pineapple,0.3711909055709839,0.3693556487560272
n07753275_23871-4,pineapple,A photo of a pineapple,0.3711909055709839,0.3693556487560272
n07753275_2395-1,pineapple,A photo of a pineapple,0.3711909055709839,0.3693556487560272
n07753275_24321-2,pineapple,A photo of a pineapple,0.3711909055709839,0.3693556487560272
n07753275_24321-3,pineapple,A photo of a pineapple,0.3694609999656677,0.3701784610748291
n07753275_24463-3,pineapple,A photo of a pineapple,0.3694609999656677,0.3701784610748291
n07753275_24463-8,pineapple,A photo of a pineapple,0.3694609999656677,0.3701784610748291
n07753275_24768-2,pineapple,A photo of a pineapple,0.3694609999656677,0.3701784610748291
n07753275_24819-3,pineapple,A photo of a pineapple,0.3694609999656677,0.3701784610748291
n07753275_25308-5,pineapple,A photo of a pineapple,0.3694609999656677,0.3701784610748291
n07753275_25925-1,pineapple,A photo of a pineapple,0.3694609999656677,0.3701784610748291
n07753275_26035-1,pineapple,A photo of a pineapple,0.3694609999656677,0.3701784610748291
n07753275_26035-7,pineapple,A photo of a pineapple,0.3760887384414673,0.3793871998786926
n07753275_27111-3,pineapple,A photo of a pineapple,0.3760887384414673,0.3793871998786926
n07753275_27111-7,pineapple,A photo of a pineapple,0.3760887384414673,0.3793871998786926
n07753275_28461-3,pineapple,A photo of a pineapple,0.3760887384414673,0.3793871998786926
n07753275_28461-4,pineapple,A photo of a pineapple,0.3760887384414673,0.3793871998786926
n07753275_29605-3,pineapple,A photo of a pineapple,0.3760887384414673,0.3793871998786926
n07753275_30121-4,pineapple,A photo of a pineapple,0.3760887384414673,0.3793871998786926
n07753275_3107-3,pineapple,A photo of a pineapple,0.3760887384414673,0.3793871998786926
n07753275_3425-8,pineapple,A photo of a pineapple,0.34145474433898926,0.34161731600761414
n07753275_3425-9,pineapple,A photo of a pineapple,0.34145474433898926,0.34161731600761414
n07753275_3686-2,pineapple,A photo of a pineapple,0.34145474433898926,0.34161731600761414
n07753275_3865-2,pineapple,A photo of a pineapple,0.34145474433898926,0.34161731600761414
n07753275_406-10,pineapple,A photo of a pineapple,0.34145474433898926,0.34161731600761414
n07753275_42476-5,pineapple,A photo of a pineapple,0.34145474433898926,0.34161731600761414
n07753275_48977-1,pineapple,A photo of a pineapple,0.34145474433898926,0.34161731600761414
n07753275_48977-3,pineapple,A photo of a pineapple,0.34145474433898926,0.34161731600761414
n07753275_48977-4,pineapple,A photo of a pineapple,0.3782026171684265,0.3825010061264038
n07753275_48977-5,pineapple,A photo of a pineapple,0.3782026171684265,0.3825010061264038
n07753275_52639-5,pineapple,A photo of a pineapple,0.3782026171684265,0.3825010061264038
n07753275_5431-4,pineapple,A photo of a pineapple,0.3782026171684265,0.3825010061264038
n07753275_5824-2,pineapple,A photo of a pineapple,0.3782026171684265,0.3825010061264038
n07753275_5825-1,pineapple,A photo of a pineapple,0.3782026171684265,0.3825010061264038
n07753275_6300-5,pineapple,A photo of a pineapple,0.3782026171684265,0.3825010061264038
n07753275_729-5,pineapple,A photo of a pineapple,0.3782026171684265,0.3825010061264038
n07753275_729-8,pineapple,A photo of a pineapple,0.3679701089859009,0.36853891611099243
n07753275_7415-6,pineapple,A photo of a pineapple,0.3679701089859009,0.36853891611099243
n07753275_7925-3,pineapple,A photo of a pineapple,0.3679701089859009,0.36853891611099243
n07753275_8743-3,pineapple,A photo of a pineapple,0.3679701089859009,0.36853891611099243
n07753275_8743-5,pineapple,A photo of a pineapple,0.3679701089859009,0.36853891611099243
n03948459_10942-2,pistol,A photo of a pistol,0.3679701089859009,0.36853891611099243
n03948459_11027-1,pistol,A photo of a pistol,0.3679701089859009,0.36853891611099243
n03948459_12585-3,pistol,A photo of a pistol,0.3679701089859009,0.36853891611099243
n03948459_13130-1,pistol,A photo of a pistol,0.3133177161216736,0.3157432973384857
n03948459_13130-5,pistol,A photo of a pistol,0.3133177161216736,0.3157432973384857
n03948459_13373-1,pistol,A photo of a pistol,0.3133177161216736,0.3157432973384857
n03948459_13373-3,pistol,A photo of a pistol,0.3133177161216736,0.3157432973384857
n03948459_13373-4,pistol,A photo of a pistol,0.3133177161216736,0.3157432973384857
n03948459_13418-4,pistol,A photo of a pistol,0.3133177161216736,0.3157432973384857
n03948459_13616-4,pistol,A photo of a pistol,0.3133177161216736,0.3157432973384857
n03948459_14247-4,pistol,A photo of a pistol,0.3133177161216736,0.3157432973384857
n03948459_15859-3,pistol,A photo of a pistol,0.3146568536758423,0.32020753622055054
n03948459_17652-4,pistol,A photo of a pistol,0.3146568536758423,0.32020753622055054
n03948459_17912-4,pistol,A photo of a pistol,0.3146568536758423,0.32020753622055054
n03948459_17912-5,pistol,A photo of a pistol,0.3146568536758423,0.32020753622055054
n03948459_18473-2,pistol,A photo of a pistol,0.3146568536758423,0.32020753622055054
n03948459_19825-2,pistol,A photo of a pistol,0.3146568536758423,0.32020753622055054
n03948459_19962-1,pistol,A photo of a pistol,0.3146568536758423,0.32020753622055054
n03948459_19962-2,pistol,A photo of a pistol,0.3146568536758423,0.32020753622055054
n03948459_20127-1,pistol,A photo of a pistol,0.3619840443134308,0.3680272698402405
n03948459_21048-1,pistol,A photo of a pistol,0.3619840443134308,0.3680272698402405
n03948459_21113-3,pistol,A photo of a pistol,0.3619840443134308,0.3680272698402405
n03948459_22334-8,pistol,A photo of a pistol,0.3619840443134308,0.3680272698402405
n03948459_22835-5,pistol,A photo of a pistol,0.3619840443134308,0.3680272698402405
n03948459_22889-5,pistol,A photo of a pistol,0.3619840443134308,0.3680272698402405
n03948459_23144-5,pistol,A photo of a pistol,0.3619840443134308,0.3680272698402405
n03948459_23431-7,pistol,A photo of a pistol,0.3619840443134308,0.3680272698402405
n03948459_24904-3,pistol,A photo of a pistol,0.40327581763267517,0.4079926013946533
n03948459_24904-7,pistol,A photo of a pistol,0.40327581763267517,0.4079926013946533
n03948459_25146-2,pistol,A photo of a pistol,0.40327581763267517,0.4079926013946533
n03948459_25146-3,pistol,A photo of a pistol,0.40327581763267517,0.4079926013946533
n03948459_25146-4,pistol,A photo of a pistol,0.40327581763267517,0.4079926013946533
n03948459_25146-5,pistol,A photo of a pistol,0.40327581763267517,0.4079926013946533
n03948459_3528-4,pistol,A photo of a pistol,0.40327581763267517,0.4079926013946533
n03948459_4206-4,pistol,A photo of a pistol,0.40327581763267517,0.4079926013946533
n03948459_4206-5,pistol,A photo of a pistol,0.3422089219093323,0.3499497175216675
n03948459_4985-5,pistol,A photo of a pistol,0.3422089219093323,0.3499497175216675
n03948459_6451-2,pistol,A photo of a pistol,0.3422089219093323,0.3499497175216675
n03948459_6451-3,pistol,A photo of a pistol,0.3422089219093323,0.3499497175216675
n03948459_6451-5,pistol,A photo of a pistol,0.3422089219093323,0.3499497175216675
n03948459_6880-4,pistol,A photo of a pistol,0.3422089219093323,0.3499497175216675
n03948459_7605-2,pistol,A photo of a pistol,0.3422089219093323,0.3499497175216675
n03948459_7605-4,pistol,A photo of a pistol,0.3422089219093323,0.3499497175216675
n03948459_7605-8,pistol,A photo of a pistol,0.35862529277801514,0.3670498728752136
n03948459_7611-3,pistol,A photo of a pistol,0.35862529277801514,0.3670498728752136
n03948459_8078-3,pistol,A photo of a pistol,0.35862529277801514,0.3670498728752136
n03948459_8078-6,pistol,A photo of a pistol,0.35862529277801514,0.3670498728752136
n03948459_8087-3,pistol,A photo of a pistol,0.35862529277801514,0.3670498728752136
n03948459_8190-3,pistol,A photo of a pistol,0.35862529277801514,0.3670498728752136
n03948459_89-2,pistol,A photo of a pistol,0.35862529277801514,0.3670498728752136
n03948459_89-4,pistol,A photo of a pistol,0.35862529277801514,0.3670498728752136
n03948459_9050-5,pistol,A photo of a pistol,0.36547601222991943,0.37047716975212097
n03948459_9238-2,pistol,A photo of a pistol,0.36547601222991943,0.37047716975212097
n03948459_9238-6,pistol,A photo of a pistol,0.36547601222991943,0.37047716975212097
n04086273_10630-2,pistol,A photo of a pistol,0.36547601222991943,0.37047716975212097
n04086273_10630-3,pistol,A photo of a pistol,0.36547601222991943,0.37047716975212097
n04086273_11533-4,pistol,A photo of a pistol,0.36547601222991943,0.37047716975212097
n04086273_1502-3,pistol,A photo of a pistol,0.36547601222991943,0.37047716975212097
n04086273_15351-3,pistol,A photo of a pistol,0.36547601222991943,0.37047716975212097
n04086273_1589-3,pistol,A photo of a pistol,0.39542415738105774,0.3992966413497925
n04086273_17872-4,pistol,A photo of a pistol,0.39542415738105774,0.3992966413497925
n04086273_18282-2,pistol,A photo of a pistol,0.39542415738105774,0.3992966413497925
n04086273_20581-3,pistol,A photo of a pistol,0.39542415738105774,0.3992966413497925
n04086273_20581-4,pistol,A photo of a pistol,0.39542415738105774,0.3992966413497925
n04086273_23758-1,pistol,A photo of a pistol,0.39542415738105774,0.3992966413497925
n04086273_23758-4,pistol,A photo of a pistol,0.39542415738105774,0.3992966413497925
n04086273_23984-6,pistol,A photo of a pistol,0.39542415738105774,0.3992966413497925
n04086273_26188-1,pistol,A photo of a pistol,0.4140606224536896,0.41643083095550537
n04086273_29655-2,pistol,A photo of a pistol,0.4140606224536896,0.41643083095550537
n04086273_29655-3,pistol,A photo of a pistol,0.4140606224536896,0.41643083095550537
n04086273_31015-5,pistol,A photo of a pistol,0.4140606224536896,0.41643083095550537
n04086273_31141-3,pistol,A photo of a pistol,0.4140606224536896,0.41643083095550537
n04086273_31141-6,pistol,A photo of a pistol,0.4140606224536896,0.41643083095550537
n04086273_33710-3,pistol,A photo of a pistol,0.4140606224536896,0.41643083095550537
n04086273_33710-5,pistol,A photo of a pistol,0.4140606224536896,0.41643083095550537
n04086273_34022-3,pistol,A photo of a pistol,0.3644533157348633,0.3683227002620697
n04086273_34022-4,pistol,A photo of a pistol,0.3644533157348633,0.3683227002620697
n04086273_36440-5,pistol,A photo of a pistol,0.3644533157348633,0.3683227002620697
n04086273_36674-3,pistol,A photo of a pistol,0.3644533157348633,0.3683227002620697
n04086273_36674-5,pistol,A photo of a pistol,0.3644533157348633,0.3683227002620697
n04086273_37827-1,pistol,A photo of a pistol,0.3644533157348633,0.3683227002620697
n04086273_4158-3,pistol,A photo of a pistol,0.3644533157348633,0.3683227002620697
n04086273_4158-4,pistol,A photo of a pistol,0.3644533157348633,0.3683227002620697
n07873807_10166-1,pizza,A photo of a pizza,0.32983025908470154,0.33580487966537476
n07873807_10166-5,pizza,A photo of a pizza,0.32983025908470154,0.33580487966537476
n07873807_10283-5,pizza,A photo of a pizza,0.32983025908470154,0.33580487966537476
n07873807_10621-3,pizza,A photo of a pizza,0.32983025908470154,0.33580487966537476
n07873807_10621-4,pizza,A photo of a pizza,0.32983025908470154,0.33580487966537476
n07873807_10972-5,pizza,A photo of a pizza,0.32983025908470154,0.33580487966537476
n07873807_10998-4,pizza,A photo of a pizza,0.32983025908470154,0.33580487966537476
n07873807_10998-5,pizza,A photo of a pizza,0.32983025908470154,0.33580487966537476
n07873807_10998-6,pizza,A photo of a pizza,0.314240962266922,0.3223949074745178
n07873807_10998-8,pizza,A photo of a pizza,0.314240962266922,0.3223949074745178
n07873807_11143-4,pizza,A photo of a pizza,0.314240962266922,0.3223949074745178
n07873807_11348-2,pizza,A photo of a pizza,0.314240962266922,0.3223949074745178
n07873807_11348-3,pizza,A photo of a pizza,0.314240962266922,0.3223949074745178
n07873807_11348-4,pizza,A photo of a pizza,0.314240962266922,0.3223949074745178
n07873807_11348-5,pizza,A photo of a pizza,0.314240962266922,0.3223949074745178
n07873807_11457-5,pizza,A photo of a pizza,0.314240962266922,0.3223949074745178
n07873807_11641-4,pizza,A photo of a pizza,0.32584983110427856,0.3331410586833954
n07873807_12468-2,pizza,A photo of a pizza,0.32584983110427856,0.3331410586833954
n07873807_12468-5,pizza,A photo of a pizza,0.32584983110427856,0.3331410586833954
n07873807_1257-6,pizza,A photo of a pizza,0.32584983110427856,0.3331410586833954
n07873807_12769-4,pizza,A photo of a pizza,0.32584983110427856,0.3331410586833954
n07873807_12769-5,pizza,A photo of a pizza,0.32584983110427856,0.3331410586833954
n07873807_12794-5,pizza,A photo of a pizza,0.32584983110427856,0.3331410586833954
n07873807_12893-1,pizza,A photo of a pizza,0.32584983110427856,0.3331410586833954
n07873807_13020-2,pizza,A photo of a pizza,0.34737759828567505,0.3547625243663788
n07873807_13101-3,pizza,A photo of a pizza,0.34737759828567505,0.3547625243663788
n07873807_13101-4,pizza,A photo of a pizza,0.34737759828567505,0.3547625243663788
n07873807_13359-5,pizza,A photo of a pizza,0.34737759828567505,0.3547625243663788
n07873807_1597-7,pizza,A photo of a pizza,0.34737759828567505,0.3547625243663788
n07873807_1709-2,pizza,A photo of a pizza,0.34737759828567505,0.3547625243663788
n07873807_1766-1,pizza,A photo of a pizza,0.34737759828567505,0.3547625243663788
n07873807_1766-3,pizza,A photo of a pizza,0.34737759828567505,0.3547625243663788
n07873807_1766-5,pizza,A photo of a pizza,0.34830397367477417,0.3519783318042755
n07873807_1854-1,pizza,A photo of a pizza,0.34830397367477417,0.3519783318042755
n07873807_19530-2,pizza,A photo of a pizza,0.34830397367477417,0.3519783318042755
n07873807_2048-3,pizza,A photo of a pizza,0.34830397367477417,0.3519783318042755
n07873807_2048-5,pizza,A photo of a pizza,0.34830397367477417,0.3519783318042755
n07873807_20709-5,pizza,A photo of a pizza,0.34830397367477417,0.3519783318042755
n07873807_2233-1,pizza,A photo of a pizza,0.34830397367477417,0.3519783318042755
n07873807_2297-3,pizza,A photo of a pizza,0.34830397367477417,0.3519783318042755
n07873807_231-5,pizza,A photo of a pizza,0.32151201367378235,0.3258591592311859
n07873807_2408-3,pizza,A photo of a pizza,0.32151201367378235,0.3258591592311859
n07873807_2408-5,pizza,A photo of a pizza,0.32151201367378235,0.3258591592311859
n07873807_2618-3,pizza,A photo of a pizza,0.32151201367378235,0.3258591592311859
n07873807_3557-5,pizza,A photo of a pizza,0.32151201367378235,0.3258591592311859
n07873807_3752-1,pizza,A photo of a pizza,0.32151201367378235,0.3258591592311859
n07873807_3752-5,pizza,A photo of a pizza,0.32151201367378235,0.3258591592311859
n07873807_3807-1,pizza,A photo of a pizza,0.32151201367378235,0.3258591592311859
n07873807_3807-3,pizza,A photo of a pizza,0.3320164382457733,0.33636969327926636
n07873807_3807-5,pizza,A photo of a pizza,0.3320164382457733,0.33636969327926636
n07873807_4058-4,pizza,A photo of a pizza,0.3320164382457733,0.33636969327926636
n07873807_4443-2,pizza,A photo of a pizza,0.3320164382457733,0.33636969327926636
n07873807_4443-3,pizza,A photo of a pizza,0.3320164382457733,0.33636969327926636
n07873807_4443-4,pizza,A photo of a pizza,0.3320164382457733,0.33636969327926636
n07873807_4571-4,pizza,A photo of a pizza,0.3320164382457733,0.33636969327926636
n07873807_4797-1,pizza,A photo of a pizza,0.3320164382457733,0.33636969327926636
n07873807_500-3,pizza,A photo of a pizza,0.33625108003616333,0.3407791554927826
n07873807_500-4,pizza,A photo of a pizza,0.33625108003616333,0.3407791554927826
n07873807_5401-2,pizza,A photo of a pizza,0.33625108003616333,0.3407791554927826
n07873807_5640-1,pizza,A photo of a pizza,0.33625108003616333,0.3407791554927826
n07873807_5640-3,pizza,A photo of a pizza,0.33625108003616333,0.3407791554927826
n07873807_5711-1,pizza,A photo of a pizza,0.33625108003616333,0.3407791554927826
n07873807_5785-1,pizza,A photo of a pizza,0.33625108003616333,0.3407791554927826
n07873807_5785-2,pizza,A photo of a pizza,0.33625108003616333,0.3407791554927826
n07873807_5907-3,pizza,A photo of a pizza,0.3326505422592163,0.33963361382484436
n07873807_6015-3,pizza,A photo of a pizza,0.3326505422592163,0.33963361382484436
n07873807_6026-5,pizza,A photo of a pizza,0.3326505422592163,0.33963361382484436
n07873807_6472-2,pizza,A photo of a pizza,0.3326505422592163,0.33963361382484436
n07873807_6849-2,pizza,A photo of a pizza,0.3326505422592163,0.33963361382484436
n07873807_7160-3,pizza,A photo of a pizza,0.3326505422592163,0.33963361382484436
n07873807_7160-5,pizza,A photo of a pizza,0.3326505422592163,0.33963361382484436
n07873807_7179-1,pizza,A photo of a pizza,0.3326505422592163,0.33963361382484436
n07873807_7383-3,pizza,A photo of a pizza,0.3469995856285095,0.35227590799331665
n07873807_7488-2,pizza,A photo of a pizza,0.3469995856285095,0.35227590799331665
n07873807_791-1,pizza,A photo of a pizza,0.3469995856285095,0.35227590799331665
n07873807_791-8,pizza,A photo of a pizza,0.3469995856285095,0.35227590799331665
n07873807_8076-5,pizza,A photo of a pizza,0.3469995856285095,0.35227590799331665
n07873807_8124-5,pizza,A photo of a pizza,0.3469995856285095,0.35227590799331665
n07873807_8190-3,pizza,A photo of a pizza,0.3469995856285095,0.35227590799331665
n07873807_8370-2,pizza,A photo of a pizza,0.3469995856285095,0.35227590799331665
n07873807_8370-3,pizza,A photo of a pizza,0.3430356979370117,0.3492870032787323
n07873807_8370-5,pizza,A photo of a pizza,0.3430356979370117,0.3492870032787323
n07873807_8370-6,pizza,A photo of a pizza,0.3430356979370117,0.3492870032787323
n07873807_8412-5,pizza,A photo of a pizza,0.3430356979370117,0.3492870032787323
n07873807_8839-4,pizza,A photo of a pizza,0.3430356979370117,0.3492870032787323
n07873807_8839-5,pizza,A photo of a pizza,0.3430356979370117,0.3492870032787323
n07873807_8839-7,pizza,A photo of a pizza,0.3430356979370117,0.3492870032787323
n07873807_914-2,pizza,A photo of a pizza,0.3430356979370117,0.3492870032787323
n07873807_914-5,pizza,A photo of a pizza,0.34561261534690857,0.35133805871009827
n07873807_9141-1,pizza,A photo of a pizza,0.34561261534690857,0.35133805871009827
n07873807_9141-2,pizza,A photo of a pizza,0.34561261534690857,0.35133805871009827
n07873807_9141-5,pizza,A photo of a pizza,0.34561261534690857,0.35133805871009827
n07873807_9267-5,pizza,A photo of a pizza,0.34561261534690857,0.35133805871009827
n07873807_9429-6,pizza,A photo of a pizza,0.34561261534690857,0.35133805871009827
n07873807_9429-9,pizza,A photo of a pizza,0.34561261534690857,0.35133805871009827
n07873807_9588-3,pizza,A photo of a pizza,0.34561261534690857,0.35133805871009827
n07873807_9588-6,pizza,A photo of a pizza,0.33639925718307495,0.3370111584663391
n07873807_9588-7,pizza,A photo of a pizza,0.33639925718307495,0.3370111584663391
n07873807_9595-4,pizza,A photo of a pizza,0.33639925718307495,0.3370111584663391
n07695742_10289-5,pretzel,A photo of a pretzel,0.33639925718307495,0.3370111584663391
n07695742_10289-7,pretzel,A photo of a pretzel,0.33639925718307495,0.3370111584663391
n07695742_10289-9,pretzel,A photo of a pretzel,0.33639925718307495,0.3370111584663391
n07695742_10303-10,pretzel,A photo of a pretzel,0.33639925718307495,0.3370111584663391
n07695742_10303-2,pretzel,A photo of a pretzel,0.33639925718307495,0.3370111584663391
n07695742_10321-5,pretzel,A photo of a pretzel,0.36753231287002563,0.36876732110977173
n07695742_10567-2,pretzel,A photo of a pretzel,0.36753231287002563,0.36876732110977173
n07695742_10567-6,pretzel,A photo of a pretzel,0.36753231287002563,0.36876732110977173
n07695742_10766-1,pretzel,A photo of a pretzel,0.36753231287002563,0.36876732110977173
n07695742_10766-7,pretzel,A photo of a pretzel,0.36753231287002563,0.36876732110977173
n07695742_11167-4,pretzel,A photo of a pretzel,0.36753231287002563,0.36876732110977173
n07695742_11167-7,pretzel,A photo of a pretzel,0.36753231287002563,0.36876732110977173
n07695742_11375-2,pretzel,A photo of a pretzel,0.36753231287002563,0.36876732110977173
n07695742_11375-5,pretzel,A photo of a pretzel,0.3571096658706665,0.3585621118545532
n07695742_11430-2,pretzel,A photo of a pretzel,0.3571096658706665,0.3585621118545532
n07695742_11573-3,pretzel,A photo of a pretzel,0.3571096658706665,0.3585621118545532
n07695742_11573-4,pretzel,A photo of a pretzel,0.3571096658706665,0.3585621118545532
n07695742_1250-2,pretzel,A photo of a pretzel,0.3571096658706665,0.3585621118545532
n07695742_1341-5,pretzel,A photo of a pretzel,0.3571096658706665,0.3585621118545532
n07695742_1413-5,pretzel,A photo of a pretzel,0.3571096658706665,0.3585621118545532
n07695742_1602-5,pretzel,A photo of a pretzel,0.3571096658706665,0.3585621118545532
n07695742_1832-2,pretzel,A photo of a pretzel,0.3772358298301697,0.37993693351745605
n07695742_1933-2,pretzel,A photo of a pretzel,0.3772358298301697,0.37993693351745605
n07695742_2052-4,pretzel,A photo of a pretzel,0.3772358298301697,0.37993693351745605
n07695742_2151-3,pretzel,A photo of a pretzel,0.3772358298301697,0.37993693351745605
n07695742_2788-2,pretzel,A photo of a pretzel,0.3772358298301697,0.37993693351745605
n07695742_2788-5,pretzel,A photo of a pretzel,0.3772358298301697,0.37993693351745605
n07695742_2899-3,pretzel,A photo of a pretzel,0.3772358298301697,0.37993693351745605
n07695742_2899-5,pretzel,A photo of a pretzel,0.3772358298301697,0.37993693351745605
n07695742_2935-2,pretzel,A photo of a pretzel,0.3401758670806885,0.339408814907074
n07695742_2935-3,pretzel,A photo of a pretzel,0.3401758670806885,0.339408814907074
n07695742_301-3,pretzel,A photo of a pretzel,0.3401758670806885,0.339408814907074
n07695742_3358-3,pretzel,A photo of a pretzel,0.3401758670806885,0.339408814907074
n07695742_3371-2,pretzel,A photo of a pretzel,0.3401758670806885,0.339408814907074
n07695742_3371-4,pretzel,A photo of a pretzel,0.3401758670806885,0.339408814907074
n07695742_3371-6,pretzel,A photo of a pretzel,0.3401758670806885,0.339408814907074
n07695742_3744-3,pretzel,A photo of a pretzel,0.3401758670806885,0.339408814907074
n07695742_3839-3,pretzel,A photo of a pretzel,0.36915332078933716,0.3681379556655884
n07695742_3906-4,pretzel,A photo of a pretzel,0.36915332078933716,0.3681379556655884
n07695742_3906-5,pretzel,A photo of a pretzel,0.36915332078933716,0.3681379556655884
n07695742_3988-6,pretzel,A photo of a pretzel,0.36915332078933716,0.3681379556655884
n07695742_4065-1,pretzel,A photo of a pretzel,0.36915332078933716,0.3681379556655884
n07695742_4075-5,pretzel,A photo of a pretzel,0.36915332078933716,0.3681379556655884
n07695742_4075-6,pretzel,A photo of a pretzel,0.36915332078933716,0.3681379556655884
n07695742_4147-1,pretzel,A photo of a pretzel,0.36915332078933716,0.3681379556655884
n07695742_4147-10,pretzel,A photo of a pretzel,0.35382866859436035,0.35800445079803467
n07695742_4375-5,pretzel,A photo of a pretzel,0.35382866859436035,0.35800445079803467
n07695742_4492-5,pretzel,A photo of a pretzel,0.35382866859436035,0.35800445079803467
n07695742_4705-7,pretzel,A photo of a pretzel,0.35382866859436035,0.35800445079803467
n07695742_4716-1,pretzel,A photo of a pretzel,0.35382866859436035,0.35800445079803467
n07695742_565-4,pretzel,A photo of a pretzel,0.35382866859436035,0.35800445079803467
n07695742_5802-5,pretzel,A photo of a pretzel,0.35382866859436035,0.35800445079803467
n07695742_6108-1,pretzel,A photo of a pretzel,0.35382866859436035,0.35800445079803467
n07695742_6580-3,pretzel,A photo of a pretzel,0.35015836358070374,0.35144901275634766
n07695742_6582-1,pretzel,A photo of a pretzel,0.35015836358070374,0.35144901275634766
n07695742_6582-7,pretzel,A photo of a pretzel,0.35015836358070374,0.35144901275634766
n07695742_6582-9,pretzel,A photo of a pretzel,0.35015836358070374,0.35144901275634766
n07695742_6884-6,pretzel,A photo of a pretzel,0.35015836358070374,0.35144901275634766
n07695742_7100-10,pretzel,A photo of a pretzel,0.35015836358070374,0.35144901275634766
n07695742_7136-4,pretzel,A photo of a pretzel,0.35015836358070374,0.35144901275634766
n07695742_7136-5,pretzel,A photo of a pretzel,0.35015836358070374,0.35144901275634766
n07695742_722-7,pretzel,A photo of a pretzel,0.35023242235183716,0.35364508628845215
n07695742_722-8,pretzel,A photo of a pretzel,0.35023242235183716,0.35364508628845215
n07695742_7480-2,pretzel,A photo of a pretzel,0.35023242235183716,0.35364508628845215
n07695742_7480-4,pretzel,A photo of a pretzel,0.35023242235183716,0.35364508628845215
n07695742_7480-7,pretzel,A photo of a pretzel,0.35023242235183716,0.35364508628845215
n07695742_7948-10,pretzel,A photo of a pretzel,0.35023242235183716,0.35364508628845215
n07695742_8015-4,pretzel,A photo of a pretzel,0.35023242235183716,0.35364508628845215
n07695742_8237-2,pretzel,A photo of a pretzel,0.35023242235183716,0.35364508628845215
n07695742_8237-4,pretzel,A photo of a pretzel,0.35732072591781616,0.3600911498069763
n07695742_8251-5,pretzel,A photo of a pretzel,0.35732072591781616,0.3600911498069763
n07695742_8381-6,pretzel,A photo of a pretzel,0.35732072591781616,0.3600911498069763
n07695742_8408-10,pretzel,A photo of a pretzel,0.35732072591781616,0.3600911498069763
n07695742_8408-7,pretzel,A photo of a pretzel,0.35732072591781616,0.3600911498069763
n07695742_8536-4,pretzel,A photo of a pretzel,0.35732072591781616,0.3600911498069763
n07695742_8726-10,pretzel,A photo of a pretzel,0.35732072591781616,0.3600911498069763
n07695742_8740-5,pretzel,A photo of a pretzel,0.35732072591781616,0.3600911498069763
n07695742_8740-9,pretzel,A photo of a pretzel,0.3886291980743408,0.3930315375328064
n07695742_8800-2,pretzel,A photo of a pretzel,0.3886291980743408,0.3930315375328064
n07695742_8862-5,pretzel,A photo of a pretzel,0.3886291980743408,0.3930315375328064
n07695742_8862-6,pretzel,A photo of a pretzel,0.3886291980743408,0.3930315375328064
n07695742_9181-5,pretzel,A photo of a pretzel,0.3886291980743408,0.3930315375328064
n07695742_9260-5,pretzel,A photo of a pretzel,0.3886291980743408,0.3930315375328064
n07695742_9260-7,pretzel,A photo of a pretzel,0.3886291980743408,0.3930315375328064
n07695742_9461-1,pretzel,A photo of a pretzel,0.3886291980743408,0.3930315375328064
n07695742_9461-5,pretzel,A photo of a pretzel,0.38868576288223267,0.3899487555027008
n07695742_9461-7,pretzel,A photo of a pretzel,0.38868576288223267,0.3899487555027008
n07695742_967-4,pretzel,A photo of a pretzel,0.38868576288223267,0.3899487555027008
n07695742_967-6,pretzel,A photo of a pretzel,0.38868576288223267,0.3899487555027008
n07695742_9827-3,pretzel,A photo of a pretzel,0.38868576288223267,0.3899487555027008
n02325366_10617-1,rabbit,A photo of a rabbit,0.38868576288223267,0.3899487555027008
n02325366_10617-2,rabbit,A photo of a rabbit,0.38868576288223267,0.3899487555027008
n02325366_10628-1,rabbit,A photo of a rabbit,0.38868576288223267,0.3899487555027008
n02325366_10628-2,rabbit,A photo of a rabbit,0.3699102997779846,0.3681740462779999
n02325366_10935-8,rabbit,A photo of a rabbit,0.3699102997779846,0.3681740462779999
n02325366_11180-5,rabbit,A photo of a rabbit,0.3699102997779846,0.3681740462779999
n02325366_11308-2,rabbit,A photo of a rabbit,0.3699102997779846,0.3681740462779999
n02325366_11692-2,rabbit,A photo of a rabbit,0.3699102997779846,0.3681740462779999
n02325366_11771-5,rabbit,A photo of a rabbit,0.3699102997779846,0.3681740462779999
n02325366_1509-2,rabbit,A photo of a rabbit,0.3699102997779846,0.3681740462779999
n02325366_1509-3,rabbit,A photo of a rabbit,0.3699102997779846,0.3681740462779999
n02325366_1509-7,rabbit,A photo of a rabbit,0.3725842535495758,0.37326598167419434
n02325366_1539-4,rabbit,A photo of a rabbit,0.3725842535495758,0.37326598167419434
n02325366_1539-6,rabbit,A photo of a rabbit,0.3725842535495758,0.37326598167419434
n02325366_165-10,rabbit,A photo of a rabbit,0.3725842535495758,0.37326598167419434
n02325366_165-6,rabbit,A photo of a rabbit,0.3725842535495758,0.37326598167419434
n02325366_165-7,rabbit,A photo of a rabbit,0.3725842535495758,0.37326598167419434
n02325366_165-8,rabbit,A photo of a rabbit,0.3725842535495758,0.37326598167419434
n02325366_2038-4,rabbit,A photo of a rabbit,0.3725842535495758,0.37326598167419434
n02325366_2080-6,rabbit,A photo of a rabbit,0.3886927664279938,0.3837381601333618
n02325366_2636-4,rabbit,A photo of a rabbit,0.3886927664279938,0.3837381601333618
n02325366_2676-3,rabbit,A photo of a rabbit,0.3886927664279938,0.3837381601333618
n02325366_2676-4,rabbit,A photo of a rabbit,0.3886927664279938,0.3837381601333618
n02325366_2842-10,rabbit,A photo of a rabbit,0.3886927664279938,0.3837381601333618
n02325366_2842-2,rabbit,A photo of a rabbit,0.3886927664279938,0.3837381601333618
n02325366_2842-3,rabbit,A photo of a rabbit,0.3886927664279938,0.3837381601333618
n02325366_3001-5,rabbit,A photo of a rabbit,0.3886927664279938,0.3837381601333618
n02325366_3091-1,rabbit,A photo of a rabbit,0.3577955365180969,0.3543453812599182
n02325366_3230-3,rabbit,A photo of a rabbit,0.3577955365180969,0.3543453812599182
n02325366_3257-3,rabbit,A photo of a rabbit,0.3577955365180969,0.3543453812599182
n02325366_3397-2,rabbit,A photo of a rabbit,0.3577955365180969,0.3543453812599182
n02325366_3397-3,rabbit,A photo of a rabbit,0.3577955365180969,0.3543453812599182
n02325366_3397-4,rabbit,A photo of a rabbit,0.3577955365180969,0.3543453812599182
n02325366_358-5,rabbit,A photo of a rabbit,0.3577955365180969,0.3543453812599182
n02325366_358-6,rabbit,A photo of a rabbit,0.3577955365180969,0.3543453812599182
n02325366_3784-1,rabbit,A photo of a rabbit,0.39665091037750244,0.39546751976013184
n02325366_3994-4,rabbit,A photo of a rabbit,0.39665091037750244,0.39546751976013184
n02325366_4020-2,rabbit,A photo of a rabbit,0.39665091037750244,0.39546751976013184
n02325366_4020-3,rabbit,A photo of a rabbit,0.39665091037750244,0.39546751976013184
n02325366_4112-1,rabbit,A photo of a rabbit,0.39665091037750244,0.39546751976013184
n02325366_4114-2,rabbit,A photo of a rabbit,0.39665091037750244,0.39546751976013184
n02325366_4159-5,rabbit,A photo of a rabbit,0.39665091037750244,0.39546751976013184
n02325366_4159-9,rabbit,A photo of a rabbit,0.39665091037750244,0.39546751976013184
n02325366_4466-4,rabbit,A photo of a rabbit,0.39616110920906067,0.39821889996528625
n02325366_473-5,rabbit,A photo of a rabbit,0.39616110920906067,0.39821889996528625
n02325366_5047-1,rabbit,A photo of a rabbit,0.39616110920906067,0.39821889996528625
n02325366_5122-4,rabbit,A photo of a rabbit,0.39616110920906067,0.39821889996528625
n02325366_5122-5,rabbit,A photo of a rabbit,0.39616110920906067,0.39821889996528625
n02325366_5131-6,rabbit,A photo of a rabbit,0.39616110920906067,0.39821889996528625
n02325366_5131-8,rabbit,A photo of a rabbit,0.39616110920906067,0.39821889996528625
n02325366_5210-1,rabbit,A photo of a rabbit,0.39616110920906067,0.39821889996528625
n02325366_5281-3,rabbit,A photo of a rabbit,0.39326274394989014,0.3938157558441162
n02325366_5386-5,rabbit,A photo of a rabbit,0.39326274394989014,0.3938157558441162
n02325366_5559-4,rabbit,A photo of a rabbit,0.39326274394989014,0.3938157558441162
n02325366_5559-5,rabbit,A photo of a rabbit,0.39326274394989014,0.3938157558441162
n02325366_5559-6,rabbit,A photo of a rabbit,0.39326274394989014,0.3938157558441162
n02325366_5559-7,rabbit,A photo of a rabbit,0.39326274394989014,0.3938157558441162
n02325366_5669-3,rabbit,A photo of a rabbit,0.39326274394989014,0.3938157558441162
n02325366_5824-4,rabbit,A photo of a rabbit,0.39326274394989014,0.3938157558441162
n02325366_5824-5,rabbit,A photo of a rabbit,0.3850046396255493,0.3847084641456604
n02325366_5972-1,rabbit,A photo of a rabbit,0.3850046396255493,0.3847084641456604
n02325366_5972-3,rabbit,A photo of a rabbit,0.3850046396255493,0.3847084641456604
n02325366_5980-3,rabbit,A photo of a rabbit,0.3850046396255493,0.3847084641456604
n02325366_6062-1,rabbit,A photo of a rabbit,0.3850046396255493,0.3847084641456604
n02325366_6132-4,rabbit,A photo of a rabbit,0.3850046396255493,0.3847084641456604
n02325366_6267-1,rabbit,A photo of a rabbit,0.3850046396255493,0.3847084641456604
n02325366_6270-3,rabbit,A photo of a rabbit,0.3850046396255493,0.3847084641456604
n02325366_6270-4,rabbit,A photo of a rabbit,0.38852283358573914,0.3872941732406616
n02325366_6391-4,rabbit,A photo of a rabbit,0.38852283358573914,0.3872941732406616
n02325366_6527-4,rabbit,A photo of a rabbit,0.38852283358573914,0.3872941732406616
n02325366_6567-3,rabbit,A photo of a rabbit,0.38852283358573914,0.3872941732406616
n02325366_6582-3,rabbit,A photo of a rabbit,0.38852283358573914,0.3872941732406616
n02325366_6582-6,rabbit,A photo of a rabbit,0.38852283358573914,0.3872941732406616
n02325366_6582-8,rabbit,A photo of a rabbit,0.38852283358573914,0.3872941732406616
n02325366_6684-10,rabbit,A photo of a rabbit,0.38852283358573914,0.3872941732406616
n02325366_6689-3,rabbit,A photo of a rabbit,0.3653233051300049,0.3662123680114746
n02325366_6689-5,rabbit,A photo of a rabbit,0.3653233051300049,0.3662123680114746
n02325366_7111-5,rabbit,A photo of a rabbit,0.3653233051300049,0.3662123680114746
n02325366_7131-3,rabbit,A photo of a rabbit,0.3653233051300049,0.3662123680114746
n02325366_7131-4,rabbit,A photo of a rabbit,0.3653233051300049,0.3662123680114746
n02325366_7209-9,rabbit,A photo of a rabbit,0.3653233051300049,0.3662123680114746
n02325366_7359-2,rabbit,A photo of a rabbit,0.3653233051300049,0.3662123680114746
n02325366_7359-3,rabbit,A photo of a rabbit,0.3653233051300049,0.3662123680114746
n02325366_7413-3,rabbit,A photo of a rabbit,0.33989641070365906,0.3369993567466736
n02325366_7454-1,rabbit,A photo of a rabbit,0.33989641070365906,0.3369993567466736
n02325366_7454-2,rabbit,A photo of a rabbit,0.33989641070365906,0.3369993567466736
n02325366_8063-1,rabbit,A photo of a rabbit,0.33989641070365906,0.3369993567466736
n02325366_8063-7,rabbit,A photo of a rabbit,0.33989641070365906,0.3369993567466736
n02325366_8128-2,rabbit,A photo of a rabbit,0.33989641070365906,0.3369993567466736
n02325366_8128-4,rabbit,A photo of a rabbit,0.33989641070365906,0.3369993567466736
n02325366_8417-4,rabbit,A photo of a rabbit,0.33989641070365906,0.3369993567466736
n02325366_8417-7,rabbit,A photo of a rabbit,0.37555205821990967,0.3740587532520294
n02325366_8754-1,rabbit,A photo of a rabbit,0.37555205821990967,0.3740587532520294
n02325366_8754-5,rabbit,A photo of a rabbit,0.37555205821990967,0.3740587532520294
n02325366_8881-4,rabbit,A photo of a rabbit,0.37555205821990967,0.3740587532520294
n02325366_8881-6,rabbit,A photo of a rabbit,0.37555205821990967,0.3740587532520294
n02325366_9045-3,rabbit,A photo of a rabbit,0.37555205821990967,0.3740587532520294
n02325366_9045-4,rabbit,A photo of a rabbit,0.37555205821990967,0.3740587532520294
n02325366_9226-1,rabbit,A photo of a rabbit,0.37555205821990967,0.3740587532520294
n02325366_9226-10,rabbit,A photo of a rabbit,0.3569931983947754,0.35812240839004517
n02325366_9226-8,rabbit,A photo of a rabbit,0.3569931983947754,0.35812240839004517
n02325366_9567-4,rabbit,A photo of a rabbit,0.3569931983947754,0.35812240839004517
n02325366_9721-4,rabbit,A photo of a rabbit,0.3569931983947754,0.35812240839004517
n02325366_9721-6,rabbit,A photo of a rabbit,0.3569931983947754,0.35812240839004517
n02325366_9771-1,rabbit,A photo of a rabbit,0.3569931983947754,0.35812240839004517
n02325366_9771-3,rabbit,A photo of a rabbit,0.3569931983947754,0.35812240839004517
n02325366_9796-1,rabbit,A photo of a rabbit,0.3569931983947754,0.35812240839004517
n02325366_9796-3,rabbit,A photo of a rabbit,0.39118754863739014,0.3952193856239319
n02325366_992-1,rabbit,A photo of a rabbit,0.39118754863739014,0.3952193856239319
n02325366_992-2,rabbit,A photo of a rabbit,0.39118754863739014,0.3952193856239319
n02325366_9981-2,rabbit,A photo of a rabbit,0.39118754863739014,0.3952193856239319
n02325366_9981-3,rabbit,A photo of a rabbit,0.39118754863739014,0.3952193856239319
n02508021_10406-2,raccoon,A photo of a raccoon,0.39118754863739014,0.3952193856239319
n02508021_10406-4,raccoon,A photo of a raccoon,0.39118754863739014,0.3952193856239319
n02508021_1077-2,raccoon,A photo of a raccoon,0.39118754863739014,0.3952193856239319
n02508021_10788-4,raccoon,A photo of a raccoon,0.37477076053619385,0.374693900346756
n02508021_10788-5,raccoon,A photo of a raccoon,0.37477076053619385,0.374693900346756
n02508021_11237-10,raccoon,A photo of a raccoon,0.37477076053619385,0.374693900346756
n02508021_11412-10,raccoon,A photo of a raccoon,0.37477076053619385,0.374693900346756
n02508021_11609-5,raccoon,A photo of a raccoon,0.37477076053619385,0.374693900346756
n02508021_12465-8,raccoon,A photo of a raccoon,0.37477076053619385,0.374693900346756
n02508021_1294-1,raccoon,A photo of a raccoon,0.37477076053619385,0.374693900346756
n02508021_1294-6,raccoon,A photo of a raccoon,0.37477076053619385,0.374693900346756
n02508021_12996-3,raccoon,A photo of a raccoon,0.37847936153411865,0.3791765868663788
n02508021_1306-4,raccoon,A photo of a raccoon,0.37847936153411865,0.3791765868663788
n02508021_1306-5,raccoon,A photo of a raccoon,0.37847936153411865,0.3791765868663788
n02508021_1306-8,raccoon,A photo of a raccoon,0.37847936153411865,0.3791765868663788
n02508021_13402-6,raccoon,A photo of a raccoon,0.37847936153411865,0.3791765868663788
n02508021_13476-6,raccoon,A photo of a raccoon,0.37847936153411865,0.3791765868663788
n02508021_13897-1,raccoon,A photo of a raccoon,0.37847936153411865,0.3791765868663788
n02508021_15552-1,raccoon,A photo of a raccoon,0.37847936153411865,0.3791765868663788
n02508021_15552-3,raccoon,A photo of a raccoon,0.37062549591064453,0.36609044671058655
n02508021_15552-6,raccoon,A photo of a raccoon,0.37062549591064453,0.36609044671058655
n02508021_15552-8,raccoon,A photo of a raccoon,0.37062549591064453,0.36609044671058655
n02508021_15766-3,raccoon,A photo of a raccoon,0.37062549591064453,0.36609044671058655
n02508021_1579-4,raccoon,A photo of a raccoon,0.37062549591064453,0.36609044671058655
n02508021_1579-8,raccoon,A photo of a raccoon,0.37062549591064453,0.36609044671058655
n02508021_15807-1,raccoon,A photo of a raccoon,0.37062549591064453,0.36609044671058655
n02508021_15807-2,raccoon,A photo of a raccoon,0.37062549591064453,0.36609044671058655
n02508021_15891-2,raccoon,A photo of a raccoon,0.37771284580230713,0.3815889358520508
n02508021_15891-8,raccoon,A photo of a raccoon,0.37771284580230713,0.3815889358520508
n02508021_1606-2,raccoon,A photo of a raccoon,0.37771284580230713,0.3815889358520508
n02508021_1606-4,raccoon,A photo of a raccoon,0.37771284580230713,0.3815889358520508
n02508021_16177-5,raccoon,A photo of a raccoon,0.37771284580230713,0.3815889358520508
n02508021_1644-2,raccoon,A photo of a raccoon,0.37771284580230713,0.3815889358520508
n02508021_1644-5,raccoon,A photo of a raccoon,0.37771284580230713,0.3815889358520508
n02508021_1646-4,raccoon,A photo of a raccoon,0.37771284580230713,0.3815889358520508
n02508021_1646-5,raccoon,A photo of a raccoon,0.36665910482406616,0.36757200956344604
n02508021_1646-8,raccoon,A photo of a raccoon,0.36665910482406616,0.36757200956344604
n02508021_16643-3,raccoon,A photo of a raccoon,0.36665910482406616,0.36757200956344604
n02508021_16643-5,raccoon,A photo of a raccoon,0.36665910482406616,0.36757200956344604
n02508021_16707-4,raccoon,A photo of a raccoon,0.36665910482406616,0.36757200956344604
n02508021_1752-10,raccoon,A photo of a raccoon,0.36665910482406616,0.36757200956344604
n02508021_1752-5,raccoon,A photo of a raccoon,0.36665910482406616,0.36757200956344604
n02508021_1752-6,raccoon,A photo of a raccoon,0.36665910482406616,0.36757200956344604
n02508021_1752-9,raccoon,A photo of a raccoon,0.37238454818725586,0.3739396333694458
n02508021_1964-7,raccoon,A photo of a raccoon,0.37238454818725586,0.3739396333694458
n02508021_2297-1,raccoon,A photo of a raccoon,0.37238454818725586,0.3739396333694458
n02508021_2318-2,raccoon,A photo of a raccoon,0.37238454818725586,0.3739396333694458
n02508021_2318-3,raccoon,A photo of a raccoon,0.37238454818725586,0.3739396333694458
n02508021_2318-4,raccoon,A photo of a raccoon,0.37238454818725586,0.3739396333694458
n02508021_2326-1,raccoon,A photo of a raccoon,0.37238454818725586,0.3739396333694458
n02508021_2326-9,raccoon,A photo of a raccoon,0.37238454818725586,0.3739396333694458
n02508021_234-11,raccoon,A photo of a raccoon,0.4079301953315735,0.405676007270813
n02508021_234-5,raccoon,A photo of a raccoon,0.4079301953315735,0.405676007270813
n02508021_234-6,raccoon,A photo of a raccoon,0.4079301953315735,0.405676007270813
n02508021_234-9,raccoon,A photo of a raccoon,0.4079301953315735,0.405676007270813
n02508021_2437-3,raccoon,A photo of a raccoon,0.4079301953315735,0.405676007270813
n02508021_2437-5,raccoon,A photo of a raccoon,0.4079301953315735,0.405676007270813
n02508021_2437-6,raccoon,A photo of a raccoon,0.4079301953315735,0.405676007270813
n02508021_2535-1,raccoon,A photo of a raccoon,0.4079301953315735,0.405676007270813
n02508021_254-5,raccoon,A photo of a raccoon,0.3603547215461731,0.3623145818710327
n02508021_2650-1,raccoon,A photo of a raccoon,0.3603547215461731,0.3623145818710327
n02508021_2650-5,raccoon,A photo of a raccoon,0.3603547215461731,0.3623145818710327
n02508021_2696-1,raccoon,A photo of a raccoon,0.3603547215461731,0.3623145818710327
n02508021_2767-3,raccoon,A photo of a raccoon,0.3603547215461731,0.3623145818710327
n02508021_2767-7,raccoon,A photo of a raccoon,0.3603547215461731,0.3623145818710327
n02508021_2797-5,raccoon,A photo of a raccoon,0.3603547215461731,0.3623145818710327
n02508021_2797-8,raccoon,A photo of a raccoon,0.3603547215461731,0.3623145818710327
n02508021_2938-2,raccoon,A photo of a raccoon,0.3761783540248871,0.3795701563358307
n02508021_3229-5,raccoon,A photo of a raccoon,0.3761783540248871,0.3795701563358307
n02508021_3403-4,raccoon,A photo of a raccoon,0.3761783540248871,0.3795701563358307
n02508021_3403-5,raccoon,A photo of a raccoon,0.3761783540248871,0.3795701563358307
n02508021_344-5,raccoon,A photo of a raccoon,0.3761783540248871,0.3795701563358307
n02508021_3512-1,raccoon,A photo of a raccoon,0.3761783540248871,0.3795701563358307
n02508021_3512-3,raccoon,A photo of a raccoon,0.3761783540248871,0.3795701563358307
n02508021_3812-6,raccoon,A photo of a raccoon,0.3761783540248871,0.3795701563358307
n02508021_4104-6,raccoon,A photo of a raccoon,0.3276669681072235,0.32764697074890137
n02508021_4104-7,raccoon,A photo of a raccoon,0.3276669681072235,0.32764697074890137
n02508021_4353-4,raccoon,A photo of a raccoon,0.3276669681072235,0.32764697074890137
n02508021_4353-7,raccoon,A photo of a raccoon,0.3276669681072235,0.32764697074890137
n02508021_437-10,raccoon,A photo of a raccoon,0.3276669681072235,0.32764697074890137
n02508021_437-9,raccoon,A photo of a raccoon,0.3276669681072235,0.32764697074890137
n02508021_4383-1,raccoon,A photo of a raccoon,0.3276669681072235,0.32764697074890137
n02508021_4383-10,raccoon,A photo of a raccoon,0.3276669681072235,0.32764697074890137
n02508021_4383-4,raccoon,A photo of a raccoon,0.33673346042633057,0.3364405035972595
n02508021_4654-1,raccoon,A photo of a raccoon,0.33673346042633057,0.3364405035972595
n02508021_4654-5,raccoon,A photo of a raccoon,0.33673346042633057,0.3364405035972595
n02508021_4654-6,raccoon,A photo of a raccoon,0.33673346042633057,0.3364405035972595
n02508021_4712-5,raccoon,A photo of a raccoon,0.33673346042633057,0.3364405035972595
n02508021_4721-6,raccoon,A photo of a raccoon,0.33673346042633057,0.3364405035972595
n02508021_4721-7,raccoon,A photo of a raccoon,0.33673346042633057,0.3364405035972595
n02508021_5112-5,raccoon,A photo of a raccoon,0.33673346042633057,0.3364405035972595
n02508021_5112-7,raccoon,A photo of a raccoon,0.35940372943878174,0.36123281717300415
n02508021_5172-5,raccoon,A photo of a raccoon,0.35940372943878174,0.36123281717300415
n02508021_5604-4,raccoon,A photo of a raccoon,0.35940372943878174,0.36123281717300415
n02508021_5604-5,raccoon,A photo of a raccoon,0.35940372943878174,0.36123281717300415
n02508021_5607-1,raccoon,A photo of a raccoon,0.35940372943878174,0.36123281717300415
n02508021_5607-5,raccoon,A photo of a raccoon,0.35940372943878174,0.36123281717300415
n02508021_563-8,raccoon,A photo of a raccoon,0.35940372943878174,0.36123281717300415
n02508021_580-7,raccoon,A photo of a raccoon,0.35940372943878174,0.36123281717300415
n02508021_6078-2,raccoon,A photo of a raccoon,0.3722107708454132,0.3737408518791199
n02508021_6078-3,raccoon,A photo of a raccoon,0.3722107708454132,0.3737408518791199
n02508021_6078-5,raccoon,A photo of a raccoon,0.3722107708454132,0.3737408518791199
n02508021_6108-4,raccoon,A photo of a raccoon,0.3722107708454132,0.3737408518791199
n02508021_6108-6,raccoon,A photo of a raccoon,0.3722107708454132,0.3737408518791199
n02508021_6142-2,raccoon,A photo of a raccoon,0.3722107708454132,0.3737408518791199
n02508021_6246-1,raccoon,A photo of a raccoon,0.3722107708454132,0.3737408518791199
n02508021_6388-2,raccoon,A photo of a raccoon,0.3722107708454132,0.3737408518791199
n02508021_6388-4,raccoon,A photo of a raccoon,0.3409228026866913,0.33918195962905884
n02508021_6388-8,raccoon,A photo of a raccoon,0.3409228026866913,0.33918195962905884
n02508021_7030-3,raccoon,A photo of a raccoon,0.3409228026866913,0.33918195962905884
n02508021_7468-2,raccoon,A photo of a raccoon,0.3409228026866913,0.33918195962905884
n02508021_7675-6,raccoon,A photo of a raccoon,0.3409228026866913,0.33918195962905884
n02508021_7712-3,raccoon,A photo of a raccoon,0.3409228026866913,0.33918195962905884
n02508021_7712-4,raccoon,A photo of a raccoon,0.3409228026866913,0.33918195962905884
n02508021_7712-5,raccoon,A photo of a raccoon,0.3409228026866913,0.33918195962905884
n02508021_7996-12,raccoon,A photo of a raccoon,0.3850231170654297,0.3796657621860504
n02508021_7996-2,raccoon,A photo of a raccoon,0.3850231170654297,0.3796657621860504
n02508021_7996-8,raccoon,A photo of a raccoon,0.3850231170654297,0.3796657621860504
n02508021_8717-7,raccoon,A photo of a raccoon,0.3850231170654297,0.3796657621860504
n02508021_893-5,raccoon,A photo of a raccoon,0.3850231170654297,0.3796657621860504
n02508021_9818-1,raccoon,A photo of a raccoon,0.3850231170654297,0.3796657621860504
n02508021_998-1,raccoon,A photo of a raccoon,0.3850231170654297,0.3796657621860504
n02508021_998-12,raccoon,A photo of a raccoon,0.3850231170654297,0.3796657621860504
n02508021_998-4,raccoon,A photo of a raccoon,0.43043941259384155,0.4295422434806824
n02508021_998-6,raccoon,A photo of a raccoon,0.43043941259384155,0.4295422434806824
n02508021_998-7,raccoon,A photo of a raccoon,0.43043941259384155,0.4295422434806824
n02772700_10025-4,racket,A photo of a racket,0.43043941259384155,0.4295422434806824
n02772700_10454-4,racket,A photo of a racket,0.43043941259384155,0.4295422434806824
n02772700_233-4,racket,A photo of a racket,0.43043941259384155,0.4295422434806824
n02772700_4510-1,racket,A photo of a racket,0.43043941259384155,0.4295422434806824
n02772700_4996-1,racket,A photo of a racket,0.43043941259384155,0.4295422434806824
n02772700_4996-4,racket,A photo of a racket,0.3839077055454254,0.3846753239631653
n02772700_5499-3,racket,A photo of a racket,0.3839077055454254,0.3846753239631653
n02772700_5915-3,racket,A photo of a racket,0.3839077055454254,0.3846753239631653
n02772700_7021-3,racket,A photo of a racket,0.3839077055454254,0.3846753239631653
n04039381_10664-1,racket,A photo of a racket,0.3839077055454254,0.3846753239631653
n04039381_10757-3,racket,A photo of a racket,0.3839077055454254,0.3846753239631653
n04039381_10757-7,racket,A photo of a racket,0.3839077055454254,0.3846753239631653
n04039381_11236-5,racket,A photo of a racket,0.3839077055454254,0.3846753239631653
n04039381_13480-1,racket,A photo of a racket,0.40487003326416016,0.40613994002342224
n04039381_13480-3,racket,A photo of a racket,0.40487003326416016,0.40613994002342224
n04039381_13674-3,racket,A photo of a racket,0.40487003326416016,0.40613994002342224
n04039381_13674-5,racket,A photo of a racket,0.40487003326416016,0.40613994002342224
n04039381_13899-1,racket,A photo of a racket,0.40487003326416016,0.40613994002342224
n04039381_13899-5,racket,A photo of a racket,0.40487003326416016,0.40613994002342224
n04039381_14139-3,racket,A photo of a racket,0.40487003326416016,0.40613994002342224
n04039381_14187-6,racket,A photo of a racket,0.40487003326416016,0.40613994002342224
n04039381_14339-5,racket,A photo of a racket,0.395038902759552,0.39794421195983887
n04039381_14533-4,racket,A photo of a racket,0.395038902759552,0.39794421195983887
n04039381_1529-1,racket,A photo of a racket,0.395038902759552,0.39794421195983887
n04039381_16574-2,racket,A photo of a racket,0.395038902759552,0.39794421195983887
n04039381_1676-2,racket,A photo of a racket,0.395038902759552,0.39794421195983887
n04039381_20257-1,racket,A photo of a racket,0.395038902759552,0.39794421195983887
n04039381_2051-3,racket,A photo of a racket,0.395038902759552,0.39794421195983887
n04039381_2051-5,racket,A photo of a racket,0.395038902759552,0.39794421195983887
n04039381_3400-3,racket,A photo of a racket,0.3716263175010681,0.3740602433681488
n04039381_3400-5,racket,A photo of a racket,0.3716263175010681,0.3740602433681488
n04039381_3877-4,racket,A photo of a racket,0.3716263175010681,0.3740602433681488
n04039381_4405-2,racket,A photo of a racket,0.3716263175010681,0.3740602433681488
n04039381_4405-5,racket,A photo of a racket,0.3716263175010681,0.3740602433681488
n04039381_4405-7,racket,A photo of a racket,0.3716263175010681,0.3740602433681488
n04039381_4443-3,racket,A photo of a racket,0.3716263175010681,0.3740602433681488
n04039381_4687-1,racket,A photo of a racket,0.3716263175010681,0.3740602433681488
n04039381_4860-1,racket,A photo of a racket,0.3550527095794678,0.35764291882514954
n04039381_4860-2,racket,A photo of a racket,0.3550527095794678,0.35764291882514954
n04039381_5046-1,racket,A photo of a racket,0.3550527095794678,0.35764291882514954
n04039381_5046-11,racket,A photo of a racket,0.3550527095794678,0.35764291882514954
n04039381_5046-2,racket,A photo of a racket,0.3550527095794678,0.35764291882514954
n04039381_5046-6,racket,A photo of a racket,0.3550527095794678,0.35764291882514954
n04039381_5046-7,racket,A photo of a racket,0.3550527095794678,0.35764291882514954
n04039381_571-1,racket,A photo of a racket,0.3550527095794678,0.35764291882514954
n04039381_593-4,racket,A photo of a racket,0.3485924005508423,0.3495103418827057
n04039381_601-3,racket,A photo of a racket,0.3485924005508423,0.3495103418827057
n04039381_7038-1,racket,A photo of a racket,0.3485924005508423,0.3495103418827057
n04039381_7038-4,racket,A photo of a racket,0.3485924005508423,0.3495103418827057
n04039381_7234-5,racket,A photo of a racket,0.3485924005508423,0.3495103418827057
n04039381_7370-1,racket,A photo of a racket,0.3485924005508423,0.3495103418827057
n04039381_7380-4,racket,A photo of a racket,0.3485924005508423,0.3495103418827057
n04039381_7708-2,racket,A photo of a racket,0.3485924005508423,0.3495103418827057
n04039381_7708-4,racket,A photo of a racket,0.42371419072151184,0.4242243766784668
n04039381_8327-4,racket,A photo of a racket,0.42371419072151184,0.4242243766784668
n04039381_8327-5,racket,A photo of a racket,0.42371419072151184,0.4242243766784668
n04039381_8356-1,racket,A photo of a racket,0.42371419072151184,0.4242243766784668
n04039381_838-3,racket,A photo of a racket,0.42371419072151184,0.4242243766784668
n04039381_838-5,racket,A photo of a racket,0.42371419072151184,0.4242243766784668
n04039381_8435-3,racket,A photo of a racket,0.42371419072151184,0.4242243766784668
n04409806_1015-5,racket,A photo of a racket,0.42371419072151184,0.4242243766784668
n04409806_11521-2,racket,A photo of a racket,0.3626551628112793,0.3677026033401489
n04409806_11521-5,racket,A photo of a racket,0.3626551628112793,0.3677026033401489
n04409806_12047-2,racket,A photo of a racket,0.3626551628112793,0.3677026033401489
n04409806_328-3,racket,A photo of a racket,0.3626551628112793,0.3677026033401489
n04409806_3735-4,racket,A photo of a racket,0.3626551628112793,0.3677026033401489
n04409806_5226-1,racket,A photo of a racket,0.3626551628112793,0.3677026033401489
n04409806_7488-3,racket,A photo of a racket,0.3626551628112793,0.3677026033401489
n04409806_7990-2,racket,A photo of a racket,0.3626551628112793,0.3677026033401489
n04409806_9450-1,racket,A photo of a racket,0.3860713541507721,0.3868405520915985
n01496331_12814-5,ray,A photo of a ray,0.3860713541507721,0.3868405520915985
n01496331_12885-6,ray,A photo of a ray,0.3860713541507721,0.3868405520915985
n01496331_13467-4,ray,A photo of a ray,0.3860713541507721,0.3868405520915985
n01496331_14714-1,ray,A photo of a ray,0.3860713541507721,0.3868405520915985
n01496331_15577-4,ray,A photo of a ray,0.3860713541507721,0.3868405520915985
n01496331_15801-3,ray,A photo of a ray,0.3860713541507721,0.3868405520915985
n01496331_15906-3,ray,A photo of a ray,0.3860713541507721,0.3868405520915985
n01496331_16346-5,ray,A photo of a ray,0.37614595890045166,0.3836846351623535
n01496331_17373-4,ray,A photo of a ray,0.37614595890045166,0.3836846351623535
n01496331_20851-5,ray,A photo of a ray,0.37614595890045166,0.3836846351623535
n01496331_21049-7,ray,A photo of a ray,0.37614595890045166,0.3836846351623535
n01496331_21942-2,ray,A photo of a ray,0.37614595890045166,0.3836846351623535
n01496331_23471-2,ray,A photo of a ray,0.37614595890045166,0.3836846351623535
n01496331_2367-4,ray,A photo of a ray,0.37614595890045166,0.3836846351623535
n01496331_2367-5,ray,A photo of a ray,0.37614595890045166,0.3836846351623535
n01496331_25111-2,ray,A photo of a ray,0.37731900811195374,0.3859446346759796
n01496331_25111-4,ray,A photo of a ray,0.37731900811195374,0.3859446346759796
n01496331_25111-5,ray,A photo of a ray,0.37731900811195374,0.3859446346759796
n01496331_26148-3,ray,A photo of a ray,0.37731900811195374,0.3859446346759796
n01496331_26148-6,ray,A photo of a ray,0.37731900811195374,0.3859446346759796
n01496331_30068-3,ray,A photo of a ray,0.37731900811195374,0.3859446346759796
n01496331_31421-1,ray,A photo of a ray,0.37731900811195374,0.3859446346759796
n01496331_31421-5,ray,A photo of a ray,0.37731900811195374,0.3859446346759796
n01496331_3246-3,ray,A photo of a ray,0.39569762349128723,0.39685559272766113
n01496331_3246-5,ray,A photo of a ray,0.39569762349128723,0.39685559272766113
n01496331_34865-1,ray,A photo of a ray,0.39569762349128723,0.39685559272766113
n01496331_35664-3,ray,A photo of a ray,0.39569762349128723,0.39685559272766113
n01496331_5102-2,ray,A photo of a ray,0.39569762349128723,0.39685559272766113
n01496331_6511-2,ray,A photo of a ray,0.39569762349128723,0.39685559272766113
n01496331_8049-3,ray,A photo of a ray,0.39569762349128723,0.39685559272766113
n01496331_8049-5,ray,A photo of a ray,0.39569762349128723,0.39685559272766113
n01496331_8205-1,ray,A photo of a ray,0.39655694365501404,0.4006927013397217
n01496331_8205-2,ray,A photo of a ray,0.39655694365501404,0.4006927013397217
n01496331_8205-5,ray,A photo of a ray,0.39655694365501404,0.4006927013397217
n01498041_10197-1,ray,A photo of a ray,0.39655694365501404,0.4006927013397217
n01498041_10279-3,ray,A photo of a ray,0.39655694365501404,0.4006927013397217
n01498041_10279-4,ray,A photo of a ray,0.39655694365501404,0.4006927013397217
n01498041_10283-1,ray,A photo of a ray,0.39655694365501404,0.4006927013397217
n01498041_10566-2,ray,A photo of a ray,0.39655694365501404,0.4006927013397217
n01498041_10595-4,ray,A photo of a ray,0.41515275835990906,0.4187483787536621
n01498041_10604-4,ray,A photo of a ray,0.41515275835990906,0.4187483787536621
n01498041_10604-6,ray,A photo of a ray,0.41515275835990906,0.4187483787536621
n01498041_10608-3,ray,A photo of a ray,0.41515275835990906,0.4187483787536621
n01498041_10608-4,ray,A photo of a ray,0.41515275835990906,0.4187483787536621
n01498041_10726-1,ray,A photo of a ray,0.41515275835990906,0.4187483787536621
n01498041_10884-3,ray,A photo of a ray,0.41515275835990906,0.4187483787536621
n01498041_10884-4,ray,A photo of a ray,0.41515275835990906,0.4187483787536621
n01498041_11184-6,ray,A photo of a ray,0.4117963910102844,0.419575572013855
n01498041_11366-1,ray,A photo of a ray,0.4117963910102844,0.419575572013855
n01498041_11383-1,ray,A photo of a ray,0.4117963910102844,0.419575572013855
n01498041_12309-1,ray,A photo of a ray,0.4117963910102844,0.419575572013855
n01498041_12309-4,ray,A photo of a ray,0.4117963910102844,0.419575572013855
n01498041_12427-1,ray,A photo of a ray,0.4117963910102844,0.419575572013855
n01498041_12493-4,ray,A photo of a ray,0.4117963910102844,0.419575572013855
n01498041_1776-3,ray,A photo of a ray,0.4117963910102844,0.419575572013855
n01498041_2351-5,ray,A photo of a ray,0.3926624655723572,0.40090638399124146
n01498041_2557-5,ray,A photo of a ray,0.3926624655723572,0.40090638399124146
n01498041_260-4,ray,A photo of a ray,0.3926624655723572,0.40090638399124146
n01498041_2764-3,ray,A photo of a ray,0.3926624655723572,0.40090638399124146
n01498041_3627-1,ray,A photo of a ray,0.3926624655723572,0.40090638399124146
n01498041_3627-3,ray,A photo of a ray,0.3926624655723572,0.40090638399124146
n01498041_3627-4,ray,A photo of a ray,0.3926624655723572,0.40090638399124146
n01498041_5169-1,ray,A photo of a ray,0.3926624655723572,0.40090638399124146
n01498041_5169-2,ray,A photo of a ray,0.38560712337493896,0.3926539123058319
n01498041_5169-5,ray,A photo of a ray,0.38560712337493896,0.3926539123058319
n01498041_5353-3,ray,A photo of a ray,0.38560712337493896,0.3926539123058319
n01498041_8971-3,ray,A photo of a ray,0.38560712337493896,0.3926539123058319
n01498041_9044-1,ray,A photo of a ray,0.38560712337493896,0.3926539123058319
n01498041_9044-5,ray,A photo of a ray,0.38560712337493896,0.3926539123058319
n01498041_9134-5,ray,A photo of a ray,0.38560712337493896,0.3926539123058319
n01498041_9134-6,ray,A photo of a ray,0.38560712337493896,0.3926539123058319
n02391994_11554-2,rhinoceros,A photo of a rhinoceros,0.4014143943786621,0.39680126309394836
n02391994_11554-5,rhinoceros,A photo of a rhinoceros,0.4014143943786621,0.39680126309394836
n02391994_12378-1,rhinoceros,A photo of a rhinoceros,0.4014143943786621,0.39680126309394836
n02391994_12492-1,rhinoceros,A photo of a rhinoceros,0.4014143943786621,0.39680126309394836
n02391994_12492-4,rhinoceros,A photo of a rhinoceros,0.4014143943786621,0.39680126309394836
n02391994_12492-6,rhinoceros,A photo of a rhinoceros,0.4014143943786621,0.39680126309394836
n02391994_12558-3,rhinoceros,A photo of a rhinoceros,0.4014143943786621,0.39680126309394836
n02391994_12758-5,rhinoceros,A photo of a rhinoceros,0.4014143943786621,0.39680126309394836
n02391994_12875-3,rhinoceros,A photo of a rhinoceros,0.3577041029930115,0.356708288192749
n02391994_13133-1,rhinoceros,A photo of a rhinoceros,0.3577041029930115,0.356708288192749
n02391994_1328-1,rhinoceros,A photo of a rhinoceros,0.3577041029930115,0.356708288192749
n02391994_1328-2,rhinoceros,A photo of a rhinoceros,0.3577041029930115,0.356708288192749
n02391994_1328-5,rhinoceros,A photo of a rhinoceros,0.3577041029930115,0.356708288192749
n02391994_13658-1,rhinoceros,A photo of a rhinoceros,0.3577041029930115,0.356708288192749
n02391994_13658-4,rhinoceros,A photo of a rhinoceros,0.3577041029930115,0.356708288192749
n02391994_13677-4,rhinoceros,A photo of a rhinoceros,0.3577041029930115,0.356708288192749
n02391994_13677-5,rhinoceros,A photo of a rhinoceros,0.37964344024658203,0.37974995374679565
n02391994_13712-1,rhinoceros,A photo of a rhinoceros,0.37964344024658203,0.37974995374679565
n02391994_13738-3,rhinoceros,A photo of a rhinoceros,0.37964344024658203,0.37974995374679565
n02391994_13777-1,rhinoceros,A photo of a rhinoceros,0.37964344024658203,0.37974995374679565
n02391994_13777-4,rhinoceros,A photo of a rhinoceros,0.37964344024658203,0.37974995374679565
n02391994_13798-1,rhinoceros,A photo of a rhinoceros,0.37964344024658203,0.37974995374679565
n02391994_13802-1,rhinoceros,A photo of a rhinoceros,0.37964344024658203,0.37974995374679565
n02391994_13802-6,rhinoceros,A photo of a rhinoceros,0.37964344024658203,0.37974995374679565
n02391994_14012-3,rhinoceros,A photo of a rhinoceros,0.35252392292022705,0.3519766330718994
n02391994_14114-3,rhinoceros,A photo of a rhinoceros,0.35252392292022705,0.3519766330718994
n02391994_14135-3,rhinoceros,A photo of a rhinoceros,0.35252392292022705,0.3519766330718994
n02391994_1421-5,rhinoceros,A photo of a rhinoceros,0.35252392292022705,0.3519766330718994
n02391994_14451-3,rhinoceros,A photo of a rhinoceros,0.35252392292022705,0.3519766330718994
n02391994_14679-3,rhinoceros,A photo of a rhinoceros,0.35252392292022705,0.3519766330718994
n02391994_14706-1,rhinoceros,A photo of a rhinoceros,0.35252392292022705,0.3519766330718994
n02391994_14706-5,rhinoceros,A photo of a rhinoceros,0.35252392292022705,0.3519766330718994
n02391994_14868-2,rhinoceros,A photo of a rhinoceros,0.3930261433124542,0.3890519142150879
n02391994_14936-6,rhinoceros,A photo of a rhinoceros,0.3930261433124542,0.3890519142150879
n02391994_14936-7,rhinoceros,A photo of a rhinoceros,0.3930261433124542,0.3890519142150879
n02391994_15483-3,rhinoceros,A photo of a rhinoceros,0.3930261433124542,0.3890519142150879
n02391994_15702-3,rhinoceros,A photo of a rhinoceros,0.3930261433124542,0.3890519142150879
n02391994_15702-5,rhinoceros,A photo of a rhinoceros,0.3930261433124542,0.3890519142150879
n02391994_15777-2,rhinoceros,A photo of a rhinoceros,0.3930261433124542,0.3890519142150879
n02391994_15777-4,rhinoceros,A photo of a rhinoceros,0.3930261433124542,0.3890519142150879
n02391994_16228-1,rhinoceros,A photo of a rhinoceros,0.3582746088504791,0.3590421676635742
n02391994_16364-5,rhinoceros,A photo of a rhinoceros,0.3582746088504791,0.3590421676635742
n02391994_1717-2,rhinoceros,A photo of a rhinoceros,0.3582746088504791,0.3590421676635742
n02391994_1727-1,rhinoceros,A photo of a rhinoceros,0.3582746088504791,0.3590421676635742
n02391994_1727-5,rhinoceros,A photo of a rhinoceros,0.3582746088504791,0.3590421676635742
n02391994_17280-3,rhinoceros,A photo of a rhinoceros,0.3582746088504791,0.3590421676635742
n02391994_17329-5,rhinoceros,A photo of a rhinoceros,0.3582746088504791,0.3590421676635742
n02391994_17787-1,rhinoceros,A photo of a rhinoceros,0.3582746088504791,0.3590421676635742
n02391994_18242-3,rhinoceros,A photo of a rhinoceros,0.3449518382549286,0.34069395065307617
n02391994_18242-4,rhinoceros,A photo of a rhinoceros,0.3449518382549286,0.34069395065307617
n02391994_18242-5,rhinoceros,A photo of a rhinoceros,0.3449518382549286,0.34069395065307617
n02391994_18288-1,rhinoceros,A photo of a rhinoceros,0.3449518382549286,0.34069395065307617
n02391994_18292-4,rhinoceros,A photo of a rhinoceros,0.3449518382549286,0.34069395065307617
n02391994_18320-5,rhinoceros,A photo of a rhinoceros,0.3449518382549286,0.34069395065307617
n02391994_18527-5,rhinoceros,A photo of a rhinoceros,0.3449518382549286,0.34069395065307617
n02391994_18653-1,rhinoceros,A photo of a rhinoceros,0.3449518382549286,0.34069395065307617
n02391994_19014-1,rhinoceros,A photo of a rhinoceros,0.3703099489212036,0.3697189688682556
n02391994_1948-2,rhinoceros,A photo of a rhinoceros,0.3703099489212036,0.3697189688682556
n02391994_1948-6,rhinoceros,A photo of a rhinoceros,0.3703099489212036,0.3697189688682556
n02391994_2027-1,rhinoceros,A photo of a rhinoceros,0.3703099489212036,0.3697189688682556
n02391994_2563-6,rhinoceros,A photo of a rhinoceros,0.3703099489212036,0.3697189688682556
n02391994_2676-1,rhinoceros,A photo of a rhinoceros,0.3703099489212036,0.3697189688682556
n02391994_2676-2,rhinoceros,A photo of a rhinoceros,0.3703099489212036,0.3697189688682556
n02391994_3272-2,rhinoceros,A photo of a rhinoceros,0.3703099489212036,0.3697189688682556
n02391994_3382-2,rhinoceros,A photo of a rhinoceros,0.3535241484642029,0.35547497868537903
n02391994_3382-3,rhinoceros,A photo of a rhinoceros,0.3535241484642029,0.35547497868537903
n02391994_3382-5,rhinoceros,A photo of a rhinoceros,0.3535241484642029,0.35547497868537903
n02391994_3451-3,rhinoceros,A photo of a rhinoceros,0.3535241484642029,0.35547497868537903
n02391994_3485-6,rhinoceros,A photo of a rhinoceros,0.3535241484642029,0.35547497868537903
n02391994_3490-5,rhinoceros,A photo of a rhinoceros,0.3535241484642029,0.35547497868537903
n02391994_3941-4,rhinoceros,A photo of a rhinoceros,0.3535241484642029,0.35547497868537903
n02391994_3941-5,rhinoceros,A photo of a rhinoceros,0.3535241484642029,0.35547497868537903
n02391994_3941-6,rhinoceros,A photo of a rhinoceros,0.3709683418273926,0.3697288930416107
n02391994_4976-2,rhinoceros,A photo of a rhinoceros,0.3709683418273926,0.3697288930416107
n02391994_4976-4,rhinoceros,A photo of a rhinoceros,0.3709683418273926,0.3697288930416107
n02391994_5101-4,rhinoceros,A photo of a rhinoceros,0.3709683418273926,0.3697288930416107
n02391994_5101-5,rhinoceros,A photo of a rhinoceros,0.3709683418273926,0.3697288930416107
n02391994_5101-6,rhinoceros,A photo of a rhinoceros,0.3709683418273926,0.3697288930416107
n02391994_530-2,rhinoceros,A photo of a rhinoceros,0.3709683418273926,0.3697288930416107
n02391994_530-6,rhinoceros,A photo of a rhinoceros,0.3709683418273926,0.3697288930416107
n02391994_619-2,rhinoceros,A photo of a rhinoceros,0.3761324882507324,0.3805517256259918
n02391994_6885-4,rhinoceros,A photo of a rhinoceros,0.3761324882507324,0.3805517256259918
n02391994_8585-4,rhinoceros,A photo of a rhinoceros,0.3761324882507324,0.3805517256259918
n02749479_1735-2,rifle,A photo of a rifle,0.3761324882507324,0.3805517256259918
n02749479_1735-5,rifle,A photo of a rifle,0.3761324882507324,0.3805517256259918
n02749479_2021-2,rifle,A photo of a rifle,0.3761324882507324,0.3805517256259918
n02749479_2021-4,rifle,A photo of a rifle,0.3761324882507324,0.3805517256259918
n02749479_2096-1,rifle,A photo of a rifle,0.3761324882507324,0.3805517256259918
n02749479_3233-2,rifle,A photo of a rifle,0.38087764382362366,0.38526058197021484
n02749479_3233-6,rifle,A photo of a rifle,0.38087764382362366,0.38526058197021484
n02749479_3234-1,rifle,A photo of a rifle,0.38087764382362366,0.38526058197021484
n02749479_3646-3,rifle,A photo of a rifle,0.38087764382362366,0.38526058197021484
n02749479_3646-4,rifle,A photo of a rifle,0.38087764382362366,0.38526058197021484
n02749479_4107-3,rifle,A photo of a rifle,0.38087764382362366,0.38526058197021484
n02749479_4107-4,rifle,A photo of a rifle,0.38087764382362366,0.38526058197021484
n02749479_4107-5,rifle,A photo of a rifle,0.38087764382362366,0.38526058197021484
n02749479_4396-5,rifle,A photo of a rifle,0.40655285120010376,0.407692551612854
n02749479_4396-6,rifle,A photo of a rifle,0.40655285120010376,0.407692551612854
n02749479_4891-3,rifle,A photo of a rifle,0.40655285120010376,0.407692551612854
n02749479_4964-7,rifle,A photo of a rifle,0.40655285120010376,0.407692551612854
n02749479_5070-1,rifle,A photo of a rifle,0.40655285120010376,0.407692551612854
n02749479_5236-4,rifle,A photo of a rifle,0.40655285120010376,0.407692551612854
n02749479_578-1,rifle,A photo of a rifle,0.40655285120010376,0.407692551612854
n02749479_578-6,rifle,A photo of a rifle,0.40655285120010376,0.407692551612854
n02749479_6680-1,rifle,A photo of a rifle,0.38025790452957153,0.38211166858673096
n02749479_7154-1,rifle,A photo of a rifle,0.38025790452957153,0.38211166858673096
n02749479_7154-2,rifle,A photo of a rifle,0.38025790452957153,0.38211166858673096
n02749479_7403-1,rifle,A photo of a rifle,0.38025790452957153,0.38211166858673096
n02749479_7817-5,rifle,A photo of a rifle,0.38025790452957153,0.38211166858673096
n02749479_854-1,rifle,A photo of a rifle,0.38025790452957153,0.38211166858673096
n02749479_854-4,rifle,A photo of a rifle,0.38025790452957153,0.38211166858673096
n02749479_854-5,rifle,A photo of a rifle,0.38025790452957153,0.38211166858673096
n02907391_11823-7,rifle,A photo of a rifle,0.40835464000701904,0.41285440325737
n02907391_12999-6,rifle,A photo of a rifle,0.40835464000701904,0.41285440325737
n02907391_1315-3,rifle,A photo of a rifle,0.40835464000701904,0.41285440325737
n02907391_2023-3,rifle,A photo of a rifle,0.40835464000701904,0.41285440325737
n02907391_2023-4,rifle,A photo of a rifle,0.40835464000701904,0.41285440325737
n02907391_21279-6,rifle,A photo of a rifle,0.40835464000701904,0.41285440325737
n02907391_21817-2,rifle,A photo of a rifle,0.40835464000701904,0.41285440325737
n02907391_3627-1,rifle,A photo of a rifle,0.40835464000701904,0.41285440325737
n03416775_14476-7,rifle,A photo of a rifle,0.4109572470188141,0.4150235056877136
n03416775_15254-3,rifle,A photo of a rifle,0.4109572470188141,0.4150235056877136
n03416775_15389-2,rifle,A photo of a rifle,0.4109572470188141,0.4150235056877136
n03416775_15389-3,rifle,A photo of a rifle,0.4109572470188141,0.4150235056877136
n03416775_16480-3,rifle,A photo of a rifle,0.4109572470188141,0.4150235056877136
n03416775_16611-2,rifle,A photo of a rifle,0.4109572470188141,0.4150235056877136
n03416775_16611-5,rifle,A photo of a rifle,0.4109572470188141,0.4150235056877136
n03416775_16749-3,rifle,A photo of a rifle,0.4109572470188141,0.4150235056877136
n03416775_17077-1,rifle,A photo of a rifle,0.4031984806060791,0.40367162227630615
n03416775_17077-6,rifle,A photo of a rifle,0.4031984806060791,0.40367162227630615
n03416775_2379-5,rifle,A photo of a rifle,0.4031984806060791,0.40367162227630615
n03416775_5212-1,rifle,A photo of a rifle,0.4031984806060791,0.40367162227630615
n03416775_5212-6,rifle,A photo of a rifle,0.4031984806060791,0.40367162227630615
n03416775_5249-4,rifle,A photo of a rifle,0.4031984806060791,0.40367162227630615
n03416775_5249-7,rifle,A photo of a rifle,0.4031984806060791,0.40367162227630615
n03416775_5827-5,rifle,A photo of a rifle,0.4031984806060791,0.40367162227630615
n03416775_6144-1,rifle,A photo of a rifle,0.37481892108917236,0.37764617800712585
n03416775_6775-3,rifle,A photo of a rifle,0.37481892108917236,0.37764617800712585
n03416775_6775-6,rifle,A photo of a rifle,0.37481892108917236,0.37764617800712585
n03416775_684-3,rifle,A photo of a rifle,0.37481892108917236,0.37764617800712585
n03416775_6951-3,rifle,A photo of a rifle,0.37481892108917236,0.37764617800712585
n03416775_6951-6,rifle,A photo of a rifle,0.37481892108917236,0.37764617800712585
n03416775_7405-1,rifle,A photo of a rifle,0.37481892108917236,0.37764617800712585
n03416775_7405-2,rifle,A photo of a rifle,0.37481892108917236,0.37764617800712585
n03416775_8292-3,rifle,A photo of a rifle,0.4072592556476593,0.41254955530166626
n03416775_8292-4,rifle,A photo of a rifle,0.4072592556476593,0.41254955530166626
n03416775_9378-5,rifle,A photo of a rifle,0.4072592556476593,0.41254955530166626
n04090263_12423-2,rifle,A photo of a rifle,0.4072592556476593,0.41254955530166626
n04090263_12481-5,rifle,A photo of a rifle,0.4072592556476593,0.41254955530166626
n04090263_18979-3,rifle,A photo of a rifle,0.4072592556476593,0.41254955530166626
n04090263_18979-4,rifle,A photo of a rifle,0.4072592556476593,0.41254955530166626
n04090263_1946-2,rifle,A photo of a rifle,0.4072592556476593,0.41254955530166626
n04090263_1946-6,rifle,A photo of a rifle,0.40481817722320557,0.40694916248321533
n04090263_1946-7,rifle,A photo of a rifle,0.40481817722320557,0.40694916248321533
n04090263_19667-4,rifle,A photo of a rifle,0.40481817722320557,0.40694916248321533
n04090263_21957-2,rifle,A photo of a rifle,0.40481817722320557,0.40694916248321533
n04090263_24512-4,rifle,A photo of a rifle,0.40481817722320557,0.40694916248321533
n04090263_24512-6,rifle,A photo of a rifle,0.40481817722320557,0.40694916248321533
n04090263_25867-3,rifle,A photo of a rifle,0.40481817722320557,0.40694916248321533
n04090263_27358-1,rifle,A photo of a rifle,0.40481817722320557,0.40694916248321533
n04090263_27564-1,rifle,A photo of a rifle,0.41948699951171875,0.42267560958862305
n04090263_27949-1,rifle,A photo of a rifle,0.41948699951171875,0.42267560958862305
n04090263_27949-5,rifle,A photo of a rifle,0.41948699951171875,0.42267560958862305
n04090263_3380-10,rifle,A photo of a rifle,0.41948699951171875,0.42267560958862305
n04090263_3380-4,rifle,A photo of a rifle,0.41948699951171875,0.42267560958862305
n04090263_3380-5,rifle,A photo of a rifle,0.41948699951171875,0.42267560958862305
n04090263_3380-8,rifle,A photo of a rifle,0.41948699951171875,0.42267560958862305
n04090263_3380-9,rifle,A photo of a rifle,0.41948699951171875,0.42267560958862305
n04090263_3944-5,rifle,A photo of a rifle,0.4207671880722046,0.42300286889076233
n04090263_4286-4,rifle,A photo of a rifle,0.4207671880722046,0.42300286889076233
n04090263_5109-1,rifle,A photo of a rifle,0.4207671880722046,0.42300286889076233
n04090263_6546-1,rifle,A photo of a rifle,0.4207671880722046,0.42300286889076233
n04090263_726-2,rifle,A photo of a rifle,0.4207671880722046,0.42300286889076233
n04090263_8089-4,rifle,A photo of a rifle,0.4207671880722046,0.42300286889076233
n04090263_8882-4,rifle,A photo of a rifle,0.4207671880722046,0.42300286889076233
n03773504_10236-1,rocket,A photo of a rocket,0.4207671880722046,0.42300286889076233
n03773504_10236-2,rocket,A photo of a rocket,0.3582340478897095,0.3579621911048889
n03773504_10236-3,rocket,A photo of a rocket,0.3582340478897095,0.3579621911048889
n03773504_10236-5,rocket,A photo of a rocket,0.3582340478897095,0.3579621911048889
n03773504_10455-5,rocket,A photo of a rocket,0.3582340478897095,0.3579621911048889
n03773504_1058-3,rocket,A photo of a rocket,0.3582340478897095,0.3579621911048889
n03773504_1058-4,rocket,A photo of a rocket,0.3582340478897095,0.3579621911048889
n03773504_1058-5,rocket,A photo of a rocket,0.3582340478897095,0.3579621911048889
n03773504_11447-3,rocket,A photo of a rocket,0.3582340478897095,0.3579621911048889
n03773504_11447-5,rocket,A photo of a rocket,0.38943934440612793,0.3911638855934143
n03773504_12062-1,rocket,A photo of a rocket,0.38943934440612793,0.3911638855934143
n03773504_14916-1,rocket,A photo of a rocket,0.38943934440612793,0.3911638855934143
n03773504_14916-3,rocket,A photo of a rocket,0.38943934440612793,0.3911638855934143
n03773504_14916-5,rocket,A photo of a rocket,0.38943934440612793,0.3911638855934143
n03773504_15059-3,rocket,A photo of a rocket,0.38943934440612793,0.3911638855934143
n03773504_16242-1,rocket,A photo of a rocket,0.38943934440612793,0.3911638855934143
n03773504_16880-1,rocket,A photo of a rocket,0.38943934440612793,0.3911638855934143
n03773504_1701-3,rocket,A photo of a rocket,0.37751296162605286,0.38229870796203613
n03773504_17355-2,rocket,A photo of a rocket,0.37751296162605286,0.38229870796203613
n03773504_17355-5,rocket,A photo of a rocket,0.37751296162605286,0.38229870796203613
n03773504_21983-2,rocket,A photo of a rocket,0.37751296162605286,0.38229870796203613
n03773504_22120-3,rocket,A photo of a rocket,0.37751296162605286,0.38229870796203613
n03773504_3453-6,rocket,A photo of a rocket,0.37751296162605286,0.38229870796203613
n03773504_3694-3,rocket,A photo of a rocket,0.37751296162605286,0.38229870796203613
n03773504_4876-2,rocket,A photo of a rocket,0.37751296162605286,0.38229870796203613
n03773504_5730-3,rocket,A photo of a rocket,0.374231219291687,0.37628963589668274
n03773504_5730-4,rocket,A photo of a rocket,0.374231219291687,0.37628963589668274
n03773504_6665-1,rocket,A photo of a rocket,0.374231219291687,0.37628963589668274
n03773504_6665-3,rocket,A photo of a rocket,0.374231219291687,0.37628963589668274
n03773504_6665-5,rocket,A photo of a rocket,0.374231219291687,0.37628963589668274
n03773504_6706-3,rocket,A photo of a rocket,0.374231219291687,0.37628963589668274
n03773504_7654-2,rocket,A photo of a rocket,0.374231219291687,0.37628963589668274
n03773504_7654-3,rocket,A photo of a rocket,0.374231219291687,0.37628963589668274
n03773504_7654-5,rocket,A photo of a rocket,0.4081490635871887,0.4159258008003235
n03773504_8513-1,rocket,A photo of a rocket,0.4081490635871887,0.4159258008003235
n03773504_865-2,rocket,A photo of a rocket,0.4081490635871887,0.4159258008003235
n03773504_8985-1,rocket,A photo of a rocket,0.4081490635871887,0.4159258008003235
n03773504_8985-5,rocket,A photo of a rocket,0.4081490635871887,0.4159258008003235
n03799375_3309-5,rocket,A photo of a rocket,0.4081490635871887,0.4159258008003235
n03799375_56-6,rocket,A photo of a rocket,0.4081490635871887,0.4159258008003235
n03799375_5735-2,rocket,A photo of a rocket,0.4081490635871887,0.4159258008003235
n04099429_10316-1,rocket,A photo of a rocket,0.3749622106552124,0.37833619117736816
n04099429_10316-6,rocket,A photo of a rocket,0.3749622106552124,0.37833619117736816
n04099429_10923-6,rocket,A photo of a rocket,0.3749622106552124,0.37833619117736816
n04099429_10972-2,rocket,A photo of a rocket,0.3749622106552124,0.37833619117736816
n04099429_10972-7,rocket,A photo of a rocket,0.3749622106552124,0.37833619117736816
n04099429_10972-8,rocket,A photo of a rocket,0.3749622106552124,0.37833619117736816
n04099429_1168-4,rocket,A photo of a rocket,0.3749622106552124,0.37833619117736816
n04099429_1168-5,rocket,A photo of a rocket,0.3749622106552124,0.37833619117736816
n04099429_1534-1,rocket,A photo of a rocket,0.356614887714386,0.3584657311439514
n04099429_1534-2,rocket,A photo of a rocket,0.356614887714386,0.3584657311439514
n04099429_15892-10,rocket,A photo of a rocket,0.356614887714386,0.3584657311439514
n04099429_17927-2,rocket,A photo of a rocket,0.356614887714386,0.3584657311439514
n04099429_17927-3,rocket,A photo of a rocket,0.356614887714386,0.3584657311439514
n04099429_17927-4,rocket,A photo of a rocket,0.356614887714386,0.3584657311439514
n04099429_17927-5,rocket,A photo of a rocket,0.356614887714386,0.3584657311439514
n04099429_17927-6,rocket,A photo of a rocket,0.356614887714386,0.3584657311439514
n04099429_18317-4,rocket,A photo of a rocket,0.3587312400341034,0.36038047075271606
n04099429_20475-4,rocket,A photo of a rocket,0.3587312400341034,0.36038047075271606
n04099429_2189-1,rocket,A photo of a rocket,0.3587312400341034,0.36038047075271606
n04099429_2189-6,rocket,A photo of a rocket,0.3587312400341034,0.36038047075271606
n04099429_24770-1,rocket,A photo of a rocket,0.3587312400341034,0.36038047075271606
n04099429_2525-1,rocket,A photo of a rocket,0.3587312400341034,0.36038047075271606
n04099429_2525-3,rocket,A photo of a rocket,0.3587312400341034,0.36038047075271606
n04099429_2525-7,rocket,A photo of a rocket,0.3587312400341034,0.36038047075271606
n04099429_27654-4,rocket,A photo of a rocket,0.39888447523117065,0.4033512473106384
n04099429_27654-5,rocket,A photo of a rocket,0.39888447523117065,0.4033512473106384
n04099429_27654-6,rocket,A photo of a rocket,0.39888447523117065,0.4033512473106384
n04099429_28410-3,rocket,A photo of a rocket,0.39888447523117065,0.4033512473106384
n04099429_29449-2,rocket,A photo of a rocket,0.39888447523117065,0.4033512473106384
n04099429_29449-3,rocket,A photo of a rocket,0.39888447523117065,0.4033512473106384
n04099429_34087-2,rocket,A photo of a rocket,0.39888447523117065,0.4033512473106384
n04099429_3504-2,rocket,A photo of a rocket,0.39888447523117065,0.4033512473106384
n04099429_3504-4,rocket,A photo of a rocket,0.38050079345703125,0.38536444306373596
n04099429_364-4,rocket,A photo of a rocket,0.38050079345703125,0.38536444306373596
n04099429_6719-1,rocket,A photo of a rocket,0.38050079345703125,0.38536444306373596
n04099429_6719-4,rocket,A photo of a rocket,0.38050079345703125,0.38536444306373596
n04099429_6719-5,rocket,A photo of a rocket,0.38050079345703125,0.38536444306373596
n04099429_7316-2,rocket,A photo of a rocket,0.38050079345703125,0.38536444306373596
n04099429_9144-8,rocket,A photo of a rocket,0.38050079345703125,0.38536444306373596
n04099429_9144-9,rocket,A photo of a rocket,0.38050079345703125,0.38536444306373596
n04415663_10624-1,rocket,A photo of a rocket,0.4190081059932709,0.4179673194885254
n04415663_11288-6,rocket,A photo of a rocket,0.4190081059932709,0.4179673194885254
n04415663_13-4,rocket,A photo of a rocket,0.4190081059932709,0.4179673194885254
n04415663_1440-2,rocket,A photo of a rocket,0.4190081059932709,0.4179673194885254
n04415663_2561-1,rocket,A photo of a rocket,0.4190081059932709,0.4179673194885254
n04415663_2561-4,rocket,A photo of a rocket,0.4190081059932709,0.4179673194885254
n04415663_2960-11,rocket,A photo of a rocket,0.4190081059932709,0.4179673194885254
n04415663_3277-1,rocket,A photo of a rocket,0.4190081059932709,0.4179673194885254
n04415663_3277-2,rocket,A photo of a rocket,0.4126031994819641,0.40953585505485535
n04415663_4099-6,rocket,A photo of a rocket,0.4126031994819641,0.40953585505485535
n04415663_4439-1,rocket,A photo of a rocket,0.4126031994819641,0.40953585505485535
n04415663_4439-4,rocket,A photo of a rocket,0.4126031994819641,0.40953585505485535
n04415663_4998-4,rocket,A photo of a rocket,0.4126031994819641,0.40953585505485535
n04415663_4998-5,rocket,A photo of a rocket,0.4126031994819641,0.40953585505485535
n04415663_5211-4,rocket,A photo of a rocket,0.4126031994819641,0.40953585505485535
n04415663_5211-5,rocket,A photo of a rocket,0.4126031994819641,0.40953585505485535
n04415663_5281-4,rocket,A photo of a rocket,0.37132394313812256,0.3665314316749573
n04415663_5281-6,rocket,A photo of a rocket,0.37132394313812256,0.3665314316749573
n04415663_5945-2,rocket,A photo of a rocket,0.37132394313812256,0.3665314316749573
n04415663_7607-4,rocket,A photo of a rocket,0.37132394313812256,0.3665314316749573
n04415663_8090-2,rocket,A photo of a rocket,0.37132394313812256,0.3665314316749573
n04415663_8844-2,rocket,A photo of a rocket,0.37132394313812256,0.3665314316749573
n04415663_8844-6,rocket,A photo of a rocket,0.37132394313812256,0.3665314316749573
n04415663_9561-1,rocket,A photo of a rocket,0.37132394313812256,0.3665314316749573
n04415663_9561-2,rocket,A photo of a rocket,0.3981587886810303,0.40002745389938354
n04415663_9561-6,rocket,A photo of a rocket,0.3981587886810303,0.40002745389938354
n04415663_9926-1,rocket,A photo of a rocket,0.3981587886810303,0.40002745389938354
n04128499_10067-2,sailboat,A photo of a sailboat,0.3981587886810303,0.40002745389938354
n04128499_10067-4,sailboat,A photo of a sailboat,0.3981587886810303,0.40002745389938354
n04128499_10174-5,sailboat,A photo of a sailboat,0.3981587886810303,0.40002745389938354
n04128499_10935-1,sailboat,A photo of a sailboat,0.3981587886810303,0.40002745389938354
n04128499_11959-2,sailboat,A photo of a sailboat,0.3981587886810303,0.40002745389938354
n04128499_11959-3,sailboat,A photo of a sailboat,0.35080617666244507,0.35177892446517944
n04128499_11959-4,sailboat,A photo of a sailboat,0.35080617666244507,0.35177892446517944
n04128499_11959-5,sailboat,A photo of a sailboat,0.35080617666244507,0.35177892446517944
n04128499_12110-5,sailboat,A photo of a sailboat,0.35080617666244507,0.35177892446517944
n04128499_12501-1,sailboat,A photo of a sailboat,0.35080617666244507,0.35177892446517944
n04128499_12946-2,sailboat,A photo of a sailboat,0.35080617666244507,0.35177892446517944
n04128499_13104-3,sailboat,A photo of a sailboat,0.35080617666244507,0.35177892446517944
n04128499_13222-1,sailboat,A photo of a sailboat,0.35080617666244507,0.35177892446517944
n04128499_13402-2,sailboat,A photo of a sailboat,0.4079801142215729,0.40194472670555115
n04128499_13402-3,sailboat,A photo of a sailboat,0.4079801142215729,0.40194472670555115
n04128499_13658-4,sailboat,A photo of a sailboat,0.4079801142215729,0.40194472670555115
n04128499_14767-5,sailboat,A photo of a sailboat,0.4079801142215729,0.40194472670555115
n04128499_14840-1,sailboat,A photo of a sailboat,0.4079801142215729,0.40194472670555115
n04128499_14840-2,sailboat,A photo of a sailboat,0.4079801142215729,0.40194472670555115
n04128499_14840-8,sailboat,A photo of a sailboat,0.4079801142215729,0.40194472670555115
n04128499_14840-9,sailboat,A photo of a sailboat,0.4079801142215729,0.40194472670555115
n04128499_15486-5,sailboat,A photo of a sailboat,0.3641112446784973,0.36504191160202026
n04128499_15486-6,sailboat,A photo of a sailboat,0.3641112446784973,0.36504191160202026
n04128499_1579-3,sailboat,A photo of a sailboat,0.3641112446784973,0.36504191160202026
n04128499_1686-9,sailboat,A photo of a sailboat,0.3641112446784973,0.36504191160202026
n04128499_19526-4,sailboat,A photo of a sailboat,0.3641112446784973,0.36504191160202026
n04128499_22409-6,sailboat,A photo of a sailboat,0.3641112446784973,0.36504191160202026
n04128499_2366-1,sailboat,A photo of a sailboat,0.3641112446784973,0.36504191160202026
n04128499_2466-5,sailboat,A photo of a sailboat,0.3641112446784973,0.36504191160202026
n04128499_2600-1,sailboat,A photo of a sailboat,0.3967130780220032,0.3965109586715698
n04128499_2691-1,sailboat,A photo of a sailboat,0.3967130780220032,0.3965109586715698
n04128499_27102-5,sailboat,A photo of a sailboat,0.3967130780220032,0.3965109586715698
n04128499_2910-1,sailboat,A photo of a sailboat,0.3967130780220032,0.3965109586715698
n04128499_4001-3,sailboat,A photo of a sailboat,0.3967130780220032,0.3965109586715698
n04128499_4127-1,sailboat,A photo of a sailboat,0.3967130780220032,0.3965109586715698
n04128499_4352-5,sailboat,A photo of a sailboat,0.3967130780220032,0.3965109586715698
n04128499_4488-4,sailboat,A photo of a sailboat,0.3967130780220032,0.3965109586715698
n04128499_4488-6,sailboat,A photo of a sailboat,0.37072762846946716,0.3709946870803833
n04128499_4609-1,sailboat,A photo of a sailboat,0.37072762846946716,0.3709946870803833
n04128499_4871-2,sailboat,A photo of a sailboat,0.37072762846946716,0.3709946870803833
n04128499_4871-6,sailboat,A photo of a sailboat,0.37072762846946716,0.3709946870803833
n04128499_4911-10,sailboat,A photo of a sailboat,0.37072762846946716,0.3709946870803833
n04128499_4911-2,sailboat,A photo of a sailboat,0.37072762846946716,0.3709946870803833
n04128499_4911-3,sailboat,A photo of a sailboat,0.37072762846946716,0.3709946870803833
n04128499_4911-6,sailboat,A photo of a sailboat,0.37072762846946716,0.3709946870803833
n04128499_5124-2,sailboat,A photo of a sailboat,0.38773953914642334,0.3838072717189789
n04128499_5397-3,sailboat,A photo of a sailboat,0.38773953914642334,0.3838072717189789
n04128499_5397-5,sailboat,A photo of a sailboat,0.38773953914642334,0.3838072717189789
n04128499_5543-1,sailboat,A photo of a sailboat,0.38773953914642334,0.3838072717189789
n04128499_5543-2,sailboat,A photo of a sailboat,0.38773953914642334,0.3838072717189789
n04128499_5543-5,sailboat,A photo of a sailboat,0.38773953914642334,0.3838072717189789
n04128499_5599-3,sailboat,A photo of a sailboat,0.38773953914642334,0.3838072717189789
n04128499_5599-5,sailboat,A photo of a sailboat,0.38773953914642334,0.3838072717189789
n04128499_5599-6,sailboat,A photo of a sailboat,0.3605859875679016,0.3613024353981018
n04128499_5640-1,sailboat,A photo of a sailboat,0.3605859875679016,0.3613024353981018
n04128499_5640-6,sailboat,A photo of a sailboat,0.3605859875679016,0.3613024353981018
n04128499_6235-1,sailboat,A photo of a sailboat,0.3605859875679016,0.3613024353981018
n04128499_6371-2,sailboat,A photo of a sailboat,0.3605859875679016,0.3613024353981018
n04128499_654-2,sailboat,A photo of a sailboat,0.3605859875679016,0.3613024353981018
n04128499_654-5,sailboat,A photo of a sailboat,0.3605859875679016,0.3613024353981018
n04128499_6762-6,sailboat,A photo of a sailboat,0.3605859875679016,0.3613024353981018
n04128499_6797-8,sailboat,A photo of a sailboat,0.3456689417362213,0.34324586391448975
n04128499_7053-1,sailboat,A photo of a sailboat,0.3456689417362213,0.34324586391448975
n04128499_7164-5,sailboat,A photo of a sailboat,0.3456689417362213,0.34324586391448975
n04128499_7263-2,sailboat,A photo of a sailboat,0.3456689417362213,0.34324586391448975
n04128499_745-4,sailboat,A photo of a sailboat,0.3456689417362213,0.34324586391448975
n04128499_745-9,sailboat,A photo of a sailboat,0.3456689417362213,0.34324586391448975
n04128499_7488-3,sailboat,A photo of a sailboat,0.3456689417362213,0.34324586391448975
n04128499_7488-5,sailboat,A photo of a sailboat,0.3456689417362213,0.34324586391448975
n04128499_7488-6,sailboat,A photo of a sailboat,0.3887662887573242,0.3850005865097046
n04128499_7568-2,sailboat,A photo of a sailboat,0.3887662887573242,0.3850005865097046
n04128499_7568-5,sailboat,A photo of a sailboat,0.3887662887573242,0.3850005865097046
n04128499_7709-2,sailboat,A photo of a sailboat,0.3887662887573242,0.3850005865097046
n04128499_7709-5,sailboat,A photo of a sailboat,0.3887662887573242,0.3850005865097046
n04128499_7807-1,sailboat,A photo of a sailboat,0.3887662887573242,0.3850005865097046
n04128499_7807-4,sailboat,A photo of a sailboat,0.3887662887573242,0.3850005865097046
n04128499_7916-1,sailboat,A photo of a sailboat,0.3887662887573242,0.3850005865097046
n04128499_8112-5,sailboat,A photo of a sailboat,0.37212246656417847,0.3702111840248108
n04128499_8272-1,sailboat,A photo of a sailboat,0.37212246656417847,0.3702111840248108
n04128499_8272-2,sailboat,A photo of a sailboat,0.37212246656417847,0.3702111840248108
n04128499_8462-4,sailboat,A photo of a sailboat,0.37212246656417847,0.3702111840248108
n04128499_8677-1,sailboat,A photo of a sailboat,0.37212246656417847,0.3702111840248108
n04128499_8677-5,sailboat,A photo of a sailboat,0.37212246656417847,0.3702111840248108
n04128499_8835-2,sailboat,A photo of a sailboat,0.37212246656417847,0.3702111840248108
n04128499_8835-6,sailboat,A photo of a sailboat,0.37212246656417847,0.3702111840248108
n04128499_8980-4,sailboat,A photo of a sailboat,0.38621291518211365,0.3907204270362854
n04128499_9441-1,sailboat,A photo of a sailboat,0.38621291518211365,0.3907204270362854
n04128499_9441-8,sailboat,A photo of a sailboat,0.38621291518211365,0.3907204270362854
n02770585_2210-2,saw,A photo of a saw,0.38621291518211365,0.3907204270362854
n02770585_2210-5,saw,A photo of a saw,0.38621291518211365,0.3907204270362854
n02770585_3674-2,saw,A photo of a saw,0.38621291518211365,0.3907204270362854
n02770585_3674-4,saw,A photo of a saw,0.38621291518211365,0.3907204270362854
n02770585_4196-3,saw,A photo of a saw,0.38621291518211365,0.3907204270362854
n02770585_4793-2,saw,A photo of a saw,0.3913649022579193,0.39398765563964844
n02770585_4793-3,saw,A photo of a saw,0.3913649022579193,0.39398765563964844
n02770585_5006-2,saw,A photo of a saw,0.3913649022579193,0.39398765563964844
n02770585_5457-1,saw,A photo of a saw,0.3913649022579193,0.39398765563964844
n02770585_5457-2,saw,A photo of a saw,0.3913649022579193,0.39398765563964844
n02770585_5645-2,saw,A photo of a saw,0.3913649022579193,0.39398765563964844
n02770585_5645-3,saw,A photo of a saw,0.3913649022579193,0.39398765563964844
n02770585_6548-3,saw,A photo of a saw,0.3913649022579193,0.39398765563964844
n02770585_8967-2,saw,A photo of a saw,0.40135741233825684,0.4035407602787018
n02770585_8967-4,saw,A photo of a saw,0.40135741233825684,0.4035407602787018
n03474779_13549-5,saw,A photo of a saw,0.40135741233825684,0.4035407602787018
n03474779_13549-6,saw,A photo of a saw,0.40135741233825684,0.4035407602787018
n03474779_1402-3,saw,A photo of a saw,0.40135741233825684,0.4035407602787018
n03474779_14656-2,saw,A photo of a saw,0.40135741233825684,0.4035407602787018
n03474779_14656-5,saw,A photo of a saw,0.40135741233825684,0.4035407602787018
n03474779_14656-6,saw,A photo of a saw,0.40135741233825684,0.4035407602787018
n03474779_19283-1,saw,A photo of a saw,0.403409481048584,0.41084766387939453
n03474779_2195-1,saw,A photo of a saw,0.403409481048584,0.41084766387939453
n03474779_2195-3,saw,A photo of a saw,0.403409481048584,0.41084766387939453
n03474779_2195-4,saw,A photo of a saw,0.403409481048584,0.41084766387939453
n03474779_24156-6,saw,A photo of a saw,0.403409481048584,0.41084766387939453
n03474779_24933-2,saw,A photo of a saw,0.403409481048584,0.41084766387939453
n03474779_24933-4,saw,A photo of a saw,0.403409481048584,0.41084766387939453
n03474779_25176-2,saw,A photo of a saw,0.403409481048584,0.41084766387939453
n03474779_25176-5,saw,A photo of a saw,0.4262821674346924,0.4293437600135803
n03474779_2840-5,saw,A photo of a saw,0.4262821674346924,0.4293437600135803
n03474779_4314-1,saw,A photo of a saw,0.4262821674346924,0.4293437600135803
n03474779_5753-5,saw,A photo of a saw,0.4262821674346924,0.4293437600135803
n03474779_668-3,saw,A photo of a saw,0.4262821674346924,0.4293437600135803
n03474779_668-5,saw,A photo of a saw,0.4262821674346924,0.4293437600135803
n03474779_8756-1,saw,A photo of a saw,0.4262821674346924,0.4293437600135803
n04140064_11952-1,saw,A photo of a saw,0.4262821674346924,0.4293437600135803
n04140064_11952-3,saw,A photo of a saw,0.42418524622917175,0.4250919818878174
n04140064_11952-4,saw,A photo of a saw,0.42418524622917175,0.4250919818878174
n04140064_16974-4,saw,A photo of a saw,0.42418524622917175,0.4250919818878174
n04140064_17074-1,saw,A photo of a saw,0.42418524622917175,0.4250919818878174
n04140064_17741-3,saw,A photo of a saw,0.42418524622917175,0.4250919818878174
n04140064_18639-1,saw,A photo of a saw,0.42418524622917175,0.4250919818878174
n04140064_18657-1,saw,A photo of a saw,0.42418524622917175,0.4250919818878174
n04140064_18657-2,saw,A photo of a saw,0.42418524622917175,0.4250919818878174
n04140064_18657-5,saw,A photo of a saw,0.40764254331588745,0.41221126914024353
n04140064_18814-2,saw,A photo of a saw,0.40764254331588745,0.41221126914024353
n04140064_19771-4,saw,A photo of a saw,0.40764254331588745,0.41221126914024353
n04140064_19771-5,saw,A photo of a saw,0.40764254331588745,0.41221126914024353
n04140064_210-4,saw,A photo of a saw,0.40764254331588745,0.41221126914024353
n04140064_21861-4,saw,A photo of a saw,0.40764254331588745,0.41221126914024353
n04140064_21861-5,saw,A photo of a saw,0.40764254331588745,0.41221126914024353
n04140064_25139-4,saw,A photo of a saw,0.40764254331588745,0.41221126914024353
n04140064_25782-1,saw,A photo of a saw,0.38633477687835693,0.3934323787689209
n04140064_27716-4,saw,A photo of a saw,0.38633477687835693,0.3934323787689209
n04140064_2810-2,saw,A photo of a saw,0.38633477687835693,0.3934323787689209
n04140064_2810-3,saw,A photo of a saw,0.38633477687835693,0.3934323787689209
n04140064_2810-4,saw,A photo of a saw,0.38633477687835693,0.3934323787689209
n04140064_2810-5,saw,A photo of a saw,0.38633477687835693,0.3934323787689209
n04140064_29913-2,saw,A photo of a saw,0.38633477687835693,0.3934323787689209
n04140064_29913-5,saw,A photo of a saw,0.38633477687835693,0.3934323787689209
n04140064_29941-5,saw,A photo of a saw,0.40499427914619446,0.40915578603744507
n04140064_30133-2,saw,A photo of a saw,0.40499427914619446,0.40915578603744507
n04140064_30133-3,saw,A photo of a saw,0.40499427914619446,0.40915578603744507
n04140064_30133-5,saw,A photo of a saw,0.40499427914619446,0.40915578603744507
n04140064_31324-3,saw,A photo of a saw,0.40499427914619446,0.40915578603744507
n04140064_31324-5,saw,A photo of a saw,0.40499427914619446,0.40915578603744507
n04140064_32334-2,saw,A photo of a saw,0.40499427914619446,0.40915578603744507
n04140064_35526-3,saw,A photo of a saw,0.40499427914619446,0.40915578603744507
n04140064_43780-3,saw,A photo of a saw,0.3951789140701294,0.40104180574417114
n04140064_43780-5,saw,A photo of a saw,0.3951789140701294,0.40104180574417114
n04140064_43834-5,saw,A photo of a saw,0.3951789140701294,0.40104180574417114
n04140064_4388-1,saw,A photo of a saw,0.3951789140701294,0.40104180574417114
n04140064_4388-4,saw,A photo of a saw,0.3951789140701294,0.40104180574417114
n04140064_4861-2,saw,A photo of a saw,0.3951789140701294,0.40104180574417114
n04140064_4861-4,saw,A photo of a saw,0.3951789140701294,0.40104180574417114
n04140064_5146-6,saw,A photo of a saw,0.3951789140701294,0.40104180574417114
n04140064_5990-4,saw,A photo of a saw,0.4173242449760437,0.42004767060279846
n04140064_6895-2,saw,A photo of a saw,0.4173242449760437,0.42004767060279846
n04140064_6895-3,saw,A photo of a saw,0.4173242449760437,0.42004767060279846
n04140064_6895-5,saw,A photo of a saw,0.4173242449760437,0.42004767060279846
n04140064_6895-6,saw,A photo of a saw,0.4173242449760437,0.42004767060279846
n04140064_7787-6,saw,A photo of a saw,0.4173242449760437,0.42004767060279846
n04140064_7911-5,saw,A photo of a saw,0.4173242449760437,0.42004767060279846
n04140064_8236-1,saw,A photo of a saw,0.4173242449760437,0.42004767060279846
n04140064_8236-4,saw,A photo of a saw,0.38465458154678345,0.38725554943084717
n04140064_8460-5,saw,A photo of a saw,0.38465458154678345,0.38725554943084717
n04140064_8515-5,saw,A photo of a saw,0.38465458154678345,0.38725554943084717
n04140064_9230-2,saw,A photo of a saw,0.38465458154678345,0.38725554943084717
n04141076_12329-7,saxophone,A photo of a saxophone,0.38465458154678345,0.38725554943084717
n04141076_13266-1,saxophone,A photo of a saxophone,0.38465458154678345,0.38725554943084717
n04141076_13266-5,saxophone,A photo of a saxophone,0.38465458154678345,0.38725554943084717
n04141076_33722-1,saxophone,A photo of a saxophone,0.38465458154678345,0.38725554943084717
n04141076_33722-3,saxophone,A photo of a saxophone,0.38194984197616577,0.38280031085014343
n04141076_33722-6,saxophone,A photo of a saxophone,0.38194984197616577,0.38280031085014343
n04141076_34840-5,saxophone,A photo of a saxophone,0.38194984197616577,0.38280031085014343
n04141076_35278-2,saxophone,A photo of a saxophone,0.38194984197616577,0.38280031085014343
n04141076_35490-1,saxophone,A photo of a saxophone,0.38194984197616577,0.38280031085014343
n04141076_35492-4,saxophone,A photo of a saxophone,0.38194984197616577,0.38280031085014343
n04141076_35759-4,saxophone,A photo of a saxophone,0.38194984197616577,0.38280031085014343
n04141076_36035-3,saxophone,A photo of a saxophone,0.38194984197616577,0.38280031085014343
n04141076_36075-5,saxophone,A photo of a saxophone,0.36601489782333374,0.3661614656448364
n04141076_36084-1,saxophone,A photo of a saxophone,0.36601489782333374,0.3661614656448364
n04141076_36104-1,saxophone,A photo of a saxophone,0.36601489782333374,0.3661614656448364
n04141076_36106-2,saxophone,A photo of a saxophone,0.36601489782333374,0.3661614656448364
n04141076_36106-5,saxophone,A photo of a saxophone,0.36601489782333374,0.3661614656448364
n04141076_37045-3,saxophone,A photo of a saxophone,0.36601489782333374,0.3661614656448364
n04141076_37045-4,saxophone,A photo of a saxophone,0.36601489782333374,0.3661614656448364
n04141076_38236-4,saxophone,A photo of a saxophone,0.36601489782333374,0.3661614656448364
n04141076_38236-5,saxophone,A photo of a saxophone,0.36821478605270386,0.3683549463748932
n04141076_38397-7,saxophone,A photo of a saxophone,0.36821478605270386,0.3683549463748932
n04141076_38413-1,saxophone,A photo of a saxophone,0.36821478605270386,0.3683549463748932
n04141076_38825-2,saxophone,A photo of a saxophone,0.36821478605270386,0.3683549463748932
n04141076_38845-2,saxophone,A photo of a saxophone,0.36821478605270386,0.3683549463748932
n04141076_38943-1,saxophone,A photo of a saxophone,0.36821478605270386,0.3683549463748932
n04141076_38943-5,saxophone,A photo of a saxophone,0.36821478605270386,0.3683549463748932
n04141076_39197-2,saxophone,A photo of a saxophone,0.36821478605270386,0.3683549463748932
n04141076_39197-4,saxophone,A photo of a saxophone,0.3527660369873047,0.3548882007598877
n04141076_39262-1,saxophone,A photo of a saxophone,0.3527660369873047,0.3548882007598877
n04141076_39333-4,saxophone,A photo of a saxophone,0.3527660369873047,0.3548882007598877
n04141076_39406-4,saxophone,A photo of a saxophone,0.3527660369873047,0.3548882007598877
n04141076_39462-1,saxophone,A photo of a saxophone,0.3527660369873047,0.3548882007598877
n04141076_39462-4,saxophone,A photo of a saxophone,0.3527660369873047,0.3548882007598877
n04141076_40077-2,saxophone,A photo of a saxophone,0.3527660369873047,0.3548882007598877
n04141076_40077-5,saxophone,A photo of a saxophone,0.3527660369873047,0.3548882007598877
n04141076_40096-2,saxophone,A photo of a saxophone,0.35705938935279846,0.35932278633117676
n04141076_40271-4,saxophone,A photo of a saxophone,0.35705938935279846,0.35932278633117676
n04141076_40372-5,saxophone,A photo of a saxophone,0.35705938935279846,0.35932278633117676
n04141076_40578-5,saxophone,A photo of a saxophone,0.35705938935279846,0.35932278633117676
n04141076_41535-1,saxophone,A photo of a saxophone,0.35705938935279846,0.35932278633117676
n04141076_41643-3,saxophone,A photo of a saxophone,0.35705938935279846,0.35932278633117676
n04141076_41681-1,saxophone,A photo of a saxophone,0.35705938935279846,0.35932278633117676
n04141076_41723-1,saxophone,A photo of a saxophone,0.35705938935279846,0.35932278633117676
n04141076_42145-3,saxophone,A photo of a saxophone,0.3740054666996002,0.37820762395858765
n04141076_42145-4,saxophone,A photo of a saxophone,0.3740054666996002,0.37820762395858765
n04141076_42195-4,saxophone,A photo of a saxophone,0.3740054666996002,0.37820762395858765
n04141076_42402-1,saxophone,A photo of a saxophone,0.3740054666996002,0.37820762395858765
n04141076_42402-2,saxophone,A photo of a saxophone,0.3740054666996002,0.37820762395858765
n04141076_42961-5,saxophone,A photo of a saxophone,0.3740054666996002,0.37820762395858765
n04141076_43038-5,saxophone,A photo of a saxophone,0.3740054666996002,0.37820762395858765
n04141076_43931-4,saxophone,A photo of a saxophone,0.3740054666996002,0.37820762395858765
n04141076_43931-5,saxophone,A photo of a saxophone,0.3626706898212433,0.3651427626609802
n04141076_4403-1,saxophone,A photo of a saxophone,0.3626706898212433,0.3651427626609802
n04141076_4403-4,saxophone,A photo of a saxophone,0.3626706898212433,0.3651427626609802
n04141076_44311-2,saxophone,A photo of a saxophone,0.3626706898212433,0.3651427626609802
n04141076_44325-3,saxophone,A photo of a saxophone,0.3626706898212433,0.3651427626609802
n04141076_44568-2,saxophone,A photo of a saxophone,0.3626706898212433,0.3651427626609802
n04141076_44568-3,saxophone,A photo of a saxophone,0.3626706898212433,0.3651427626609802
n04141076_45120-3,saxophone,A photo of a saxophone,0.3626706898212433,0.3651427626609802
n04141076_45120-4,saxophone,A photo of a saxophone,0.3752560019493103,0.37552398443222046
n04141076_45120-6,saxophone,A photo of a saxophone,0.3752560019493103,0.37552398443222046
n04141076_45163-1,saxophone,A photo of a saxophone,0.3752560019493103,0.37552398443222046
n04141076_45163-2,saxophone,A photo of a saxophone,0.3752560019493103,0.37552398443222046
n04141076_45163-5,saxophone,A photo of a saxophone,0.3752560019493103,0.37552398443222046
n04141076_45433-7,saxophone,A photo of a saxophone,0.3752560019493103,0.37552398443222046
n04141076_46531-3,saxophone,A photo of a saxophone,0.3752560019493103,0.37552398443222046
n04141076_47277-1,saxophone,A photo of a saxophone,0.3752560019493103,0.37552398443222046
n04141076_47330-2,saxophone,A photo of a saxophone,0.3569277822971344,0.3634400963783264
n04141076_47413-4,saxophone,A photo of a saxophone,0.3569277822971344,0.3634400963783264
n04141076_47572-4,saxophone,A photo of a saxophone,0.3569277822971344,0.3634400963783264
n04141076_47572-7,saxophone,A photo of a saxophone,0.3569277822971344,0.3634400963783264
n04141076_48005-2,saxophone,A photo of a saxophone,0.3569277822971344,0.3634400963783264
n04141076_48005-4,saxophone,A photo of a saxophone,0.3569277822971344,0.3634400963783264
n04141076_48027-2,saxophone,A photo of a saxophone,0.3569277822971344,0.3634400963783264
n04141076_49309-1,saxophone,A photo of a saxophone,0.3569277822971344,0.3634400963783264
n04141076_49705-1,saxophone,A photo of a saxophone,0.4171906113624573,0.4182552099227905
n04141076_49747-3,saxophone,A photo of a saxophone,0.4171906113624573,0.4182552099227905
n04141076_5383-1,saxophone,A photo of a saxophone,0.4171906113624573,0.4182552099227905
n04141076_6843-4,saxophone,A photo of a saxophone,0.4171906113624573,0.4182552099227905
n04141076_9682-5,saxophone,A photo of a saxophone,0.4171906113624573,0.4182552099227905
n03044934_5634-5,scissors,A photo of a scissors,0.4171906113624573,0.4182552099227905
n03044934_7203-6,scissors,A photo of a scissors,0.4171906113624573,0.4182552099227905
n03044934_8867-1,scissors,A photo of a scissors,0.4171906113624573,0.4182552099227905
n04148054_10148-1,scissors,A photo of a scissors,0.3889578580856323,0.39247122406959534
n04148054_10207-5,scissors,A photo of a scissors,0.3889578580856323,0.39247122406959534
n04148054_11302-2,scissors,A photo of a scissors,0.3889578580856323,0.39247122406959534
n04148054_11540-5,scissors,A photo of a scissors,0.3889578580856323,0.39247122406959534
n04148054_12048-2,scissors,A photo of a scissors,0.3889578580856323,0.39247122406959534
n04148054_12048-3,scissors,A photo of a scissors,0.3889578580856323,0.39247122406959534
n04148054_12304-2,scissors,A photo of a scissors,0.3889578580856323,0.39247122406959534
n04148054_12304-5,scissors,A photo of a scissors,0.3889578580856323,0.39247122406959534
n04148054_1255-4,scissors,A photo of a scissors,0.4556031823158264,0.4621245265007019
n04148054_12974-3,scissors,A photo of a scissors,0.4556031823158264,0.4621245265007019
n04148054_13312-2,scissors,A photo of a scissors,0.4556031823158264,0.4621245265007019
n04148054_13433-3,scissors,A photo of a scissors,0.4556031823158264,0.4621245265007019
n04148054_13433-4,scissors,A photo of a scissors,0.4556031823158264,0.4621245265007019
n04148054_13596-1,scissors,A photo of a scissors,0.4556031823158264,0.4621245265007019
n04148054_13596-2,scissors,A photo of a scissors,0.4556031823158264,0.4621245265007019
n04148054_13596-3,scissors,A photo of a scissors,0.4556031823158264,0.4621245265007019
n04148054_13647-5,scissors,A photo of a scissors,0.42464786767959595,0.4276597499847412
n04148054_14215-3,scissors,A photo of a scissors,0.42464786767959595,0.4276597499847412
n04148054_14215-6,scissors,A photo of a scissors,0.42464786767959595,0.4276597499847412
n04148054_14287-5,scissors,A photo of a scissors,0.42464786767959595,0.4276597499847412
n04148054_14551-1,scissors,A photo of a scissors,0.42464786767959595,0.4276597499847412
n04148054_1471-4,scissors,A photo of a scissors,0.42464786767959595,0.4276597499847412
n04148054_1493-5,scissors,A photo of a scissors,0.42464786767959595,0.4276597499847412
n04148054_15657-3,scissors,A photo of a scissors,0.42464786767959595,0.4276597499847412
n04148054_15674-2,scissors,A photo of a scissors,0.4364299774169922,0.4395323395729065
n04148054_15716-5,scissors,A photo of a scissors,0.4364299774169922,0.4395323395729065
n04148054_16101-6,scissors,A photo of a scissors,0.4364299774169922,0.4395323395729065
n04148054_16138-1,scissors,A photo of a scissors,0.4364299774169922,0.4395323395729065
n04148054_16364-5,scissors,A photo of a scissors,0.4364299774169922,0.4395323395729065
n04148054_16999-2,scissors,A photo of a scissors,0.4364299774169922,0.4395323395729065
n04148054_17206-5,scissors,A photo of a scissors,0.4364299774169922,0.4395323395729065
n04148054_17396-3,scissors,A photo of a scissors,0.4364299774169922,0.4395323395729065
n04148054_17682-2,scissors,A photo of a scissors,0.4081268906593323,0.41064000129699707
n04148054_17682-4,scissors,A photo of a scissors,0.4081268906593323,0.41064000129699707
n04148054_17682-5,scissors,A photo of a scissors,0.4081268906593323,0.41064000129699707
n04148054_17707-1,scissors,A photo of a scissors,0.4081268906593323,0.41064000129699707
n04148054_17837-5,scissors,A photo of a scissors,0.4081268906593323,0.41064000129699707
n04148054_18007-1,scissors,A photo of a scissors,0.4081268906593323,0.41064000129699707
n04148054_18048-4,scissors,A photo of a scissors,0.4081268906593323,0.41064000129699707
n04148054_18401-2,scissors,A photo of a scissors,0.4081268906593323,0.41064000129699707
n04148054_18970-3,scissors,A photo of a scissors,0.45258766412734985,0.4581814706325531
n04148054_19099-6,scissors,A photo of a scissors,0.45258766412734985,0.4581814706325531
n04148054_19570-5,scissors,A photo of a scissors,0.45258766412734985,0.4581814706325531
n04148054_20384-2,scissors,A photo of a scissors,0.45258766412734985,0.4581814706325531
n04148054_20384-5,scissors,A photo of a scissors,0.45258766412734985,0.4581814706325531
n04148054_20392-1,scissors,A photo of a scissors,0.45258766412734985,0.4581814706325531
n04148054_20392-3,scissors,A photo of a scissors,0.45258766412734985,0.4581814706325531
n04148054_20430-3,scissors,A photo of a scissors,0.45258766412734985,0.4581814706325531
n04148054_20430-5,scissors,A photo of a scissors,0.4114370346069336,0.42122650146484375
n04148054_20792-4,scissors,A photo of a scissors,0.4114370346069336,0.42122650146484375
n04148054_2324-3,scissors,A photo of a scissors,0.4114370346069336,0.42122650146484375
n04148054_2324-4,scissors,A photo of a scissors,0.4114370346069336,0.42122650146484375
n04148054_237-2,scissors,A photo of a scissors,0.4114370346069336,0.42122650146484375
n04148054_24128-1,scissors,A photo of a scissors,0.4114370346069336,0.42122650146484375
n04148054_24128-2,scissors,A photo of a scissors,0.4114370346069336,0.42122650146484375
n04148054_2603-3,scissors,A photo of a scissors,0.4114370346069336,0.42122650146484375
n04148054_2603-4,scissors,A photo of a scissors,0.4303979277610779,0.4410969913005829
n04148054_3393-5,scissors,A photo of a scissors,0.4303979277610779,0.4410969913005829
n04148054_3681-2,scissors,A photo of a scissors,0.4303979277610779,0.4410969913005829
n04148054_370-9,scissors,A photo of a scissors,0.4303979277610779,0.4410969913005829
n04148054_4264-5,scissors,A photo of a scissors,0.4303979277610779,0.4410969913005829
n04148054_4873-3,scissors,A photo of a scissors,0.4303979277610779,0.4410969913005829
n04148054_4873-4,scissors,A photo of a scissors,0.4303979277610779,0.4410969913005829
n04148054_4873-6,scissors,A photo of a scissors,0.4303979277610779,0.4410969913005829
n04148054_5354-6,scissors,A photo of a scissors,0.4300711750984192,0.44008302688598633
n04148054_596-4,scissors,A photo of a scissors,0.4300711750984192,0.44008302688598633
n04148054_6872-2,scissors,A photo of a scissors,0.4300711750984192,0.44008302688598633
n04148054_7301-5,scissors,A photo of a scissors,0.4300711750984192,0.44008302688598633
n04148054_7459-2,scissors,A photo of a scissors,0.4300711750984192,0.44008302688598633
n04148054_7600-3,scissors,A photo of a scissors,0.4300711750984192,0.44008302688598633
n04148054_7600-4,scissors,A photo of a scissors,0.4300711750984192,0.44008302688598633
n04148054_7600-5,scissors,A photo of a scissors,0.4300711750984192,0.44008302688598633
n04148054_7616-3,scissors,A photo of a scissors,0.40180811285972595,0.406502366065979
n04148054_7616-5,scissors,A photo of a scissors,0.40180811285972595,0.406502366065979
n04148054_7616-6,scissors,A photo of a scissors,0.40180811285972595,0.406502366065979
n04148054_7634-3,scissors,A photo of a scissors,0.40180811285972595,0.406502366065979
n04148054_7900-5,scissors,A photo of a scissors,0.40180811285972595,0.406502366065979
n04148054_8138-5,scissors,A photo of a scissors,0.40180811285972595,0.406502366065979
n04148054_8423-4,scissors,A photo of a scissors,0.40180811285972595,0.406502366065979
n04148054_9044-5,scissors,A photo of a scissors,0.40180811285972595,0.406502366065979
n04148054_9314-1,scissors,A photo of a scissors,0.3949422538280487,0.40122801065444946
n04148054_9441-3,scissors,A photo of a scissors,0.3949422538280487,0.40122801065444946
n04148054_9441-5,scissors,A photo of a scissors,0.3949422538280487,0.40122801065444946
n04148054_9880-4,scissors,A photo of a scissors,0.3949422538280487,0.40122801065444946
n04148054_9880-6,scissors,A photo of a scissors,0.3949422538280487,0.40122801065444946
n01770393_10284-4,scorpion,A photo of a scorpion,0.3949422538280487,0.40122801065444946
n01770393_10284-5,scorpion,A photo of a scorpion,0.3949422538280487,0.40122801065444946
n01770393_10731-3,scorpion,A photo of a scorpion,0.3949422538280487,0.40122801065444946
n01770393_10760-2,scorpion,A photo of a scorpion,0.3863171339035034,0.39095601439476013
n01770393_11302-5,scorpion,A photo of a scorpion,0.3863171339035034,0.39095601439476013
n01770393_12205-5,scorpion,A photo of a scorpion,0.3863171339035034,0.39095601439476013
n01770393_12297-5,scorpion,A photo of a scorpion,0.3863171339035034,0.39095601439476013
n01770393_1283-3,scorpion,A photo of a scorpion,0.3863171339035034,0.39095601439476013
n01770393_1301-3,scorpion,A photo of a scorpion,0.3863171339035034,0.39095601439476013
n01770393_1323-4,scorpion,A photo of a scorpion,0.3863171339035034,0.39095601439476013
n01770393_1323-8,scorpion,A photo of a scorpion,0.3863171339035034,0.39095601439476013
n01770393_144-1,scorpion,A photo of a scorpion,0.4201233983039856,0.41985422372817993
n01770393_144-2,scorpion,A photo of a scorpion,0.4201233983039856,0.41985422372817993
n01770393_144-5,scorpion,A photo of a scorpion,0.4201233983039856,0.41985422372817993
n01770393_1518-1,scorpion,A photo of a scorpion,0.4201233983039856,0.41985422372817993
n01770393_16276-1,scorpion,A photo of a scorpion,0.4201233983039856,0.41985422372817993
n01770393_16276-3,scorpion,A photo of a scorpion,0.4201233983039856,0.41985422372817993
n01770393_16276-4,scorpion,A photo of a scorpion,0.4201233983039856,0.41985422372817993
n01770393_16941-5,scorpion,A photo of a scorpion,0.4201233983039856,0.41985422372817993
n01770393_1748-3,scorpion,A photo of a scorpion,0.4094626009464264,0.4104306101799011
n01770393_1748-7,scorpion,A photo of a scorpion,0.4094626009464264,0.4104306101799011
n01770393_18627-4,scorpion,A photo of a scorpion,0.4094626009464264,0.4104306101799011
n01770393_1929-5,scorpion,A photo of a scorpion,0.4094626009464264,0.4104306101799011
n01770393_20398-2,scorpion,A photo of a scorpion,0.4094626009464264,0.4104306101799011
n01770393_20551-2,scorpion,A photo of a scorpion,0.4094626009464264,0.4104306101799011
n01770393_20648-9,scorpion,A photo of a scorpion,0.4094626009464264,0.4104306101799011
n01770393_21037-2,scorpion,A photo of a scorpion,0.4094626009464264,0.4104306101799011
n01770393_21297-2,scorpion,A photo of a scorpion,0.4031829237937927,0.40098363161087036
n01770393_23704-2,scorpion,A photo of a scorpion,0.4031829237937927,0.40098363161087036
n01770393_23704-6,scorpion,A photo of a scorpion,0.4031829237937927,0.40098363161087036
n01770393_2477-2,scorpion,A photo of a scorpion,0.4031829237937927,0.40098363161087036
n01770393_2477-6,scorpion,A photo of a scorpion,0.4031829237937927,0.40098363161087036
n01770393_25786-3,scorpion,A photo of a scorpion,0.4031829237937927,0.40098363161087036
n01770393_25786-6,scorpion,A photo of a scorpion,0.4031829237937927,0.40098363161087036
n01770393_26286-2,scorpion,A photo of a scorpion,0.4031829237937927,0.40098363161087036
n01770393_26286-4,scorpion,A photo of a scorpion,0.4056819677352905,0.41018128395080566
n01770393_27092-5,scorpion,A photo of a scorpion,0.4056819677352905,0.41018128395080566
n01770393_27264-5,scorpion,A photo of a scorpion,0.4056819677352905,0.41018128395080566
n01770393_2821-2,scorpion,A photo of a scorpion,0.4056819677352905,0.41018128395080566
n01770393_2821-4,scorpion,A photo of a scorpion,0.4056819677352905,0.41018128395080566
n01770393_28531-1,scorpion,A photo of a scorpion,0.4056819677352905,0.41018128395080566
n01770393_28531-2,scorpion,A photo of a scorpion,0.4056819677352905,0.41018128395080566
n01770393_28531-3,scorpion,A photo of a scorpion,0.4056819677352905,0.41018128395080566
n01770393_29339-1,scorpion,A photo of a scorpion,0.4242771863937378,0.4261208474636078
n01770393_31305-1,scorpion,A photo of a scorpion,0.4242771863937378,0.4261208474636078
n01770393_31305-4,scorpion,A photo of a scorpion,0.4242771863937378,0.4261208474636078
n01770393_3618-2,scorpion,A photo of a scorpion,0.4242771863937378,0.4261208474636078
n01770393_3629-6,scorpion,A photo of a scorpion,0.4242771863937378,0.4261208474636078
n01770393_3860-3,scorpion,A photo of a scorpion,0.4242771863937378,0.4261208474636078
n01770393_4298-1,scorpion,A photo of a scorpion,0.4242771863937378,0.4261208474636078
n01770393_4298-3,scorpion,A photo of a scorpion,0.4242771863937378,0.4261208474636078
n01770393_4298-4,scorpion,A photo of a scorpion,0.3863816261291504,0.39093008637428284
n01770393_4416-2,scorpion,A photo of a scorpion,0.3863816261291504,0.39093008637428284
n01770393_4534-5,scorpion,A photo of a scorpion,0.3863816261291504,0.39093008637428284
n01770393_4534-6,scorpion,A photo of a scorpion,0.3863816261291504,0.39093008637428284
n01770393_4534-9,scorpion,A photo of a scorpion,0.3863816261291504,0.39093008637428284
n01770393_4670-1,scorpion,A photo of a scorpion,0.3863816261291504,0.39093008637428284
n01770393_4779-6,scorpion,A photo of a scorpion,0.3863816261291504,0.39093008637428284
n01770393_5672-1,scorpion,A photo of a scorpion,0.3863816261291504,0.39093008637428284
n01770393_5672-2,scorpion,A photo of a scorpion,0.4299721121788025,0.4330592155456543
n01770393_5672-3,scorpion,A photo of a scorpion,0.4299721121788025,0.4330592155456543
n01770393_5672-5,scorpion,A photo of a scorpion,0.4299721121788025,0.4330592155456543
n01770393_6033-6,scorpion,A photo of a scorpion,0.4299721121788025,0.4330592155456543
n01770393_6249-5,scorpion,A photo of a scorpion,0.4299721121788025,0.4330592155456543
n01770393_6353-2,scorpion,A photo of a scorpion,0.4299721121788025,0.4330592155456543
n01770393_6365-1,scorpion,A photo of a scorpion,0.4299721121788025,0.4330592155456543
n01770393_6365-6,scorpion,A photo of a scorpion,0.4299721121788025,0.4330592155456543
n01770393_6786-1,scorpion,A photo of a scorpion,0.3834083080291748,0.38439372181892395
n01770393_7257-5,scorpion,A photo of a scorpion,0.3834083080291748,0.38439372181892395
n01770393_7257-6,scorpion,A photo of a scorpion,0.3834083080291748,0.38439372181892395
n01770393_7257-7,scorpion,A photo of a scorpion,0.3834083080291748,0.38439372181892395
n01770393_7469-2,scorpion,A photo of a scorpion,0.3834083080291748,0.38439372181892395
n01770393_7469-4,scorpion,A photo of a scorpion,0.3834083080291748,0.38439372181892395
n01770393_7559-4,scorpion,A photo of a scorpion,0.3834083080291748,0.38439372181892395
n01770393_7580-2,scorpion,A photo of a scorpion,0.3834083080291748,0.38439372181892395
n01770393_7580-6,scorpion,A photo of a scorpion,0.37814873456954956,0.38094842433929443
n01770393_8063-2,scorpion,A photo of a scorpion,0.37814873456954956,0.38094842433929443
n01770393_8063-6,scorpion,A photo of a scorpion,0.37814873456954956,0.38094842433929443
n01770393_8317-2,scorpion,A photo of a scorpion,0.37814873456954956,0.38094842433929443
n01770393_8317-4,scorpion,A photo of a scorpion,0.37814873456954956,0.38094842433929443
n01770393_8317-5,scorpion,A photo of a scorpion,0.37814873456954956,0.38094842433929443
n01770393_8744-5,scorpion,A photo of a scorpion,0.37814873456954956,0.38094842433929443
n01770393_9253-2,scorpion,A photo of a scorpion,0.37814873456954956,0.38094842433929443
n01770393_9253-3,scorpion,A photo of a scorpion,0.4143581986427307,0.415836364030838
n01770393_932-5,scorpion,A photo of a scorpion,0.4143581986427307,0.415836364030838
n01770393_9723-10,scorpion,A photo of a scorpion,0.4143581986427307,0.415836364030838
n01770393_9723-5,scorpion,A photo of a scorpion,0.4143581986427307,0.415836364030838
n01770393_9764-2,scorpion,A photo of a scorpion,0.4143581986427307,0.415836364030838
n01770393_9795-2,scorpion,A photo of a scorpion,0.4143581986427307,0.415836364030838
n01770393_9795-5,scorpion,A photo of a scorpion,0.4143581986427307,0.415836364030838
n01663401_10158-1,sea_turtle,A photo of a sea turtle,0.4143581986427307,0.415836364030838
n01663401_10341-3,sea_turtle,A photo of a sea turtle,0.39308276772499084,0.3896963596343994
n01663401_10394-1,sea_turtle,A photo of a sea turtle,0.39308276772499084,0.3896963596343994
n01663401_10394-5,sea_turtle,A photo of a sea turtle,0.39308276772499084,0.3896963596343994
n01663401_11120-3,sea_turtle,A photo of a sea turtle,0.39308276772499084,0.3896963596343994
n01663401_11192-5,sea_turtle,A photo of a sea turtle,0.39308276772499084,0.3896963596343994
n01663401_11567-2,sea_turtle,A photo of a sea turtle,0.39308276772499084,0.3896963596343994
n01663401_11567-9,sea_turtle,A photo of a sea turtle,0.39308276772499084,0.3896963596343994
n01663401_11988-5,sea_turtle,A photo of a sea turtle,0.39308276772499084,0.3896963596343994
n01663401_1415-6,sea_turtle,A photo of a sea turtle,0.3764292597770691,0.3813350796699524
n01663401_2478-3,sea_turtle,A photo of a sea turtle,0.3764292597770691,0.3813350796699524
n01663401_2733-2,sea_turtle,A photo of a sea turtle,0.3764292597770691,0.3813350796699524
n01663401_2733-5,sea_turtle,A photo of a sea turtle,0.3764292597770691,0.3813350796699524
n01663401_3035-3,sea_turtle,A photo of a sea turtle,0.3764292597770691,0.3813350796699524
n01663401_3063-3,sea_turtle,A photo of a sea turtle,0.3764292597770691,0.3813350796699524
n01663401_309-3,sea_turtle,A photo of a sea turtle,0.3764292597770691,0.3813350796699524
n01663401_3396-1,sea_turtle,A photo of a sea turtle,0.3764292597770691,0.3813350796699524
n01663401_3396-4,sea_turtle,A photo of a sea turtle,0.36848458647727966,0.370491087436676
n01663401_3543-2,sea_turtle,A photo of a sea turtle,0.36848458647727966,0.370491087436676
n01663401_3775-1,sea_turtle,A photo of a sea turtle,0.36848458647727966,0.370491087436676
n01663401_3775-3,sea_turtle,A photo of a sea turtle,0.36848458647727966,0.370491087436676
n01663401_5100-4,sea_turtle,A photo of a sea turtle,0.36848458647727966,0.370491087436676
n01663401_5481-7,sea_turtle,A photo of a sea turtle,0.36848458647727966,0.370491087436676
n01663401_6596-3,sea_turtle,A photo of a sea turtle,0.36848458647727966,0.370491087436676
n01663401_6596-5,sea_turtle,A photo of a sea turtle,0.36848458647727966,0.370491087436676
n01663401_6623-5,sea_turtle,A photo of a sea turtle,0.3760119676589966,0.3757970631122589
n01663401_8261-3,sea_turtle,A photo of a sea turtle,0.3760119676589966,0.3757970631122589
n01663401_8282-4,sea_turtle,A photo of a sea turtle,0.3760119676589966,0.3757970631122589
n01663401_8282-5,sea_turtle,A photo of a sea turtle,0.3760119676589966,0.3757970631122589
n01663401_8499-2,sea_turtle,A photo of a sea turtle,0.3760119676589966,0.3757970631122589
n01663401_9363-5,sea_turtle,A photo of a sea turtle,0.3760119676589966,0.3757970631122589
n01664065_10199-3,sea_turtle,A photo of a sea turtle,0.3760119676589966,0.3757970631122589
n01664065_12810-3,sea_turtle,A photo of a sea turtle,0.3760119676589966,0.3757970631122589
n01664065_12810-6,sea_turtle,A photo of a sea turtle,0.36575189232826233,0.36623018980026245
n01664065_13532-1,sea_turtle,A photo of a sea turtle,0.36575189232826233,0.36623018980026245
n01664065_13532-4,sea_turtle,A photo of a sea turtle,0.36575189232826233,0.36623018980026245
n01664065_15521-2,sea_turtle,A photo of a sea turtle,0.36575189232826233,0.36623018980026245
n01664065_15939-3,sea_turtle,A photo of a sea turtle,0.36575189232826233,0.36623018980026245
n01664065_15939-5,sea_turtle,A photo of a sea turtle,0.36575189232826233,0.36623018980026245
n01664065_16003-1,sea_turtle,A photo of a sea turtle,0.36575189232826233,0.36623018980026245
n01664065_16659-2,sea_turtle,A photo of a sea turtle,0.36575189232826233,0.36623018980026245
n01664065_18808-5,sea_turtle,A photo of a sea turtle,0.4150204658508301,0.4126242399215698
n01664065_18808-6,sea_turtle,A photo of a sea turtle,0.4150204658508301,0.4126242399215698
n01664065_20817-6,sea_turtle,A photo of a sea turtle,0.4150204658508301,0.4126242399215698
n01664065_2112-2,sea_turtle,A photo of a sea turtle,0.4150204658508301,0.4126242399215698
n01664065_2112-4,sea_turtle,A photo of a sea turtle,0.4150204658508301,0.4126242399215698
n01664065_2471-4,sea_turtle,A photo of a sea turtle,0.4150204658508301,0.4126242399215698
n01664065_25521-9,sea_turtle,A photo of a sea turtle,0.4150204658508301,0.4126242399215698
n01664065_26246-1,sea_turtle,A photo of a sea turtle,0.4150204658508301,0.4126242399215698
n01664065_26514-6,sea_turtle,A photo of a sea turtle,0.3621063828468323,0.3661606013774872
n01664065_26514-7,sea_turtle,A photo of a sea turtle,0.3621063828468323,0.3661606013774872
n01664065_3163-2,sea_turtle,A photo of a sea turtle,0.3621063828468323,0.3661606013774872
n01664065_3945-1,sea_turtle,A photo of a sea turtle,0.3621063828468323,0.3661606013774872
n01664065_3945-4,sea_turtle,A photo of a sea turtle,0.3621063828468323,0.3661606013774872
n01664065_4095-5,sea_turtle,A photo of a sea turtle,0.3621063828468323,0.3661606013774872
n01664065_4349-2,sea_turtle,A photo of a sea turtle,0.3621063828468323,0.3661606013774872
n01664065_4590-1,sea_turtle,A photo of a sea turtle,0.3621063828468323,0.3661606013774872
n01664065_5537-3,sea_turtle,A photo of a sea turtle,0.40445005893707275,0.4071783125400543
n01664065_5554-1,sea_turtle,A photo of a sea turtle,0.40445005893707275,0.4071783125400543
n01664065_7062-3,sea_turtle,A photo of a sea turtle,0.40445005893707275,0.4071783125400543
n01664065_7074-1,sea_turtle,A photo of a sea turtle,0.40445005893707275,0.4071783125400543
n01664065_7074-5,sea_turtle,A photo of a sea turtle,0.40445005893707275,0.4071783125400543
n01664065_7281-3,sea_turtle,A photo of a sea turtle,0.40445005893707275,0.4071783125400543
n01664065_8047-1,sea_turtle,A photo of a sea turtle,0.40445005893707275,0.4071783125400543
n01664065_8322-2,sea_turtle,A photo of a sea turtle,0.40445005893707275,0.4071783125400543
n01664065_8402-2,sea_turtle,A photo of a sea turtle,0.42467638850212097,0.42231041193008423
n01664065_8481-1,sea_turtle,A photo of a sea turtle,0.42467638850212097,0.42231041193008423
n01664065_8481-2,sea_turtle,A photo of a sea turtle,0.42467638850212097,0.42231041193008423
n01664065_8481-5,sea_turtle,A photo of a sea turtle,0.42467638850212097,0.42231041193008423
n01664065_8481-8,sea_turtle,A photo of a sea turtle,0.42467638850212097,0.42231041193008423
n01664065_8830-4,sea_turtle,A photo of a sea turtle,0.42467638850212097,0.42231041193008423
n01664065_9358-4,sea_turtle,A photo of a sea turtle,0.42467638850212097,0.42231041193008423
n01664065_9358-5,sea_turtle,A photo of a sea turtle,0.42467638850212097,0.42231041193008423
n01665541_14061-2,sea_turtle,A photo of a sea turtle,0.4166752099990845,0.4167175889015198
n01665541_14061-7,sea_turtle,A photo of a sea turtle,0.4166752099990845,0.4167175889015198
n01665541_15580-4,sea_turtle,A photo of a sea turtle,0.4166752099990845,0.4167175889015198
n01665541_4388-1,sea_turtle,A photo of a sea turtle,0.4166752099990845,0.4167175889015198
n01665541_4388-3,sea_turtle,A photo of a sea turtle,0.4166752099990845,0.4167175889015198
n01665541_4388-5,sea_turtle,A photo of a sea turtle,0.4166752099990845,0.4167175889015198
n01665541_7935-4,sea_turtle,A photo of a sea turtle,0.4166752099990845,0.4167175889015198
n01665541_8081-2,sea_turtle,A photo of a sea turtle,0.4166752099990845,0.4167175889015198
n02041246_10298-1,seagull,A photo of a seagull,0.40011531114578247,0.39855942130088806
n02041246_10298-2,seagull,A photo of a seagull,0.40011531114578247,0.39855942130088806
n02041246_10298-5,seagull,A photo of a seagull,0.40011531114578247,0.39855942130088806
n02041246_10549-4,seagull,A photo of a seagull,0.40011531114578247,0.39855942130088806
n02041246_10867-4,seagull,A photo of a seagull,0.40011531114578247,0.39855942130088806
n02041246_10867-6,seagull,A photo of a seagull,0.40011531114578247,0.39855942130088806
n02041246_11341-4,seagull,A photo of a seagull,0.40011531114578247,0.39855942130088806
n02041246_11566-4,seagull,A photo of a seagull,0.40011531114578247,0.39855942130088806
n02041246_12364-4,seagull,A photo of a seagull,0.38944679498672485,0.3878045082092285
n02041246_12364-6,seagull,A photo of a seagull,0.38944679498672485,0.3878045082092285
n02041246_12457-1,seagull,A photo of a seagull,0.38944679498672485,0.3878045082092285
n02041246_12694-3,seagull,A photo of a seagull,0.38944679498672485,0.3878045082092285
n02041246_12694-4,seagull,A photo of a seagull,0.38944679498672485,0.3878045082092285
n02041246_12694-6,seagull,A photo of a seagull,0.38944679498672485,0.3878045082092285
n02041246_12956-1,seagull,A photo of a seagull,0.38944679498672485,0.3878045082092285
n02041246_13325-6,seagull,A photo of a seagull,0.38944679498672485,0.3878045082092285
n02041246_13325-7,seagull,A photo of a seagull,0.3885495066642761,0.3853546380996704
n02041246_13493-4,seagull,A photo of a seagull,0.3885495066642761,0.3853546380996704
n02041246_13573-1,seagull,A photo of a seagull,0.3885495066642761,0.3853546380996704
n02041246_1366-5,seagull,A photo of a seagull,0.3885495066642761,0.3853546380996704
n02041246_1366-7,seagull,A photo of a seagull,0.3885495066642761,0.3853546380996704
n02041246_13842-2,seagull,A photo of a seagull,0.3885495066642761,0.3853546380996704
n02041246_13842-4,seagull,A photo of a seagull,0.3885495066642761,0.3853546380996704
n02041246_1477-2,seagull,A photo of a seagull,0.3885495066642761,0.3853546380996704
n02041246_14771-1,seagull,A photo of a seagull,0.38935112953186035,0.3898465633392334
n02041246_14771-2,seagull,A photo of a seagull,0.38935112953186035,0.3898465633392334
n02041246_14771-3,seagull,A photo of a seagull,0.38935112953186035,0.3898465633392334
n02041246_1490-3,seagull,A photo of a seagull,0.38935112953186035,0.3898465633392334
n02041246_15464-2,seagull,A photo of a seagull,0.38935112953186035,0.3898465633392334
n02041246_15464-7,seagull,A photo of a seagull,0.38935112953186035,0.3898465633392334
n02041246_15507-1,seagull,A photo of a seagull,0.38935112953186035,0.3898465633392334
n02041246_15507-3,seagull,A photo of a seagull,0.38935112953186035,0.3898465633392334
n02041246_15507-4,seagull,A photo of a seagull,0.38781458139419556,0.3819293677806854
n02041246_16400-1,seagull,A photo of a seagull,0.38781458139419556,0.3819293677806854
n02041246_16400-2,seagull,A photo of a seagull,0.38781458139419556,0.3819293677806854
n02041246_16400-5,seagull,A photo of a seagull,0.38781458139419556,0.3819293677806854
n02041246_17143-3,seagull,A photo of a seagull,0.38781458139419556,0.3819293677806854
n02041246_17224-3,seagull,A photo of a seagull,0.38781458139419556,0.3819293677806854
n02041246_17224-7,seagull,A photo of a seagull,0.38781458139419556,0.3819293677806854
n02041246_17224-9,seagull,A photo of a seagull,0.38781458139419556,0.3819293677806854
n02041246_18122-2,seagull,A photo of a seagull,0.4258280396461487,0.4263041317462921
n02041246_18122-6,seagull,A photo of a seagull,0.4258280396461487,0.4263041317462921
n02041246_18434-6,seagull,A photo of a seagull,0.4258280396461487,0.4263041317462921
n02041246_18434-7,seagull,A photo of a seagull,0.4258280396461487,0.4263041317462921
n02041246_18596-2,seagull,A photo of a seagull,0.4258280396461487,0.4263041317462921
n02041246_19457-1,seagull,A photo of a seagull,0.4258280396461487,0.4263041317462921
n02041246_20823-3,seagull,A photo of a seagull,0.4258280396461487,0.4263041317462921
n02041246_20823-4,seagull,A photo of a seagull,0.4258280396461487,0.4263041317462921
n02041246_20823-6,seagull,A photo of a seagull,0.388100266456604,0.3884808123111725
n02041246_23159-6,seagull,A photo of a seagull,0.388100266456604,0.3884808123111725
n02041246_2347-1,seagull,A photo of a seagull,0.388100266456604,0.3884808123111725
n02041246_23491-3,seagull,A photo of a seagull,0.388100266456604,0.3884808123111725
n02041246_23491-7,seagull,A photo of a seagull,0.388100266456604,0.3884808123111725
n02041246_23618-3,seagull,A photo of a seagull,0.388100266456604,0.3884808123111725
n02041246_23644-3,seagull,A photo of a seagull,0.388100266456604,0.3884808123111725
n02041246_23644-5,seagull,A photo of a seagull,0.388100266456604,0.3884808123111725
n02041246_23644-6,seagull,A photo of a seagull,0.4050580561161041,0.4052650034427643
n02041246_2475-1,seagull,A photo of a seagull,0.4050580561161041,0.4052650034427643
n02041246_2475-2,seagull,A photo of a seagull,0.4050580561161041,0.4052650034427643
n02041246_2599-4,seagull,A photo of a seagull,0.4050580561161041,0.4052650034427643
n02041246_26688-7,seagull,A photo of a seagull,0.4050580561161041,0.4052650034427643
n02041246_3016-7,seagull,A photo of a seagull,0.4050580561161041,0.4052650034427643
n02041246_3017-8,seagull,A photo of a seagull,0.4050580561161041,0.4052650034427643
n02041246_3423-5,seagull,A photo of a seagull,0.4050580561161041,0.4052650034427643
n02041246_3463-2,seagull,A photo of a seagull,0.40354448556900024,0.4030514657497406
n02041246_3463-4,seagull,A photo of a seagull,0.40354448556900024,0.4030514657497406
n02041246_35326-6,seagull,A photo of a seagull,0.40354448556900024,0.4030514657497406
n02041246_37233-1,seagull,A photo of a seagull,0.40354448556900024,0.4030514657497406
n02041246_4512-6,seagull,A photo of a seagull,0.40354448556900024,0.4030514657497406
n02041246_4572-2,seagull,A photo of a seagull,0.40354448556900024,0.4030514657497406
n02041246_4572-3,seagull,A photo of a seagull,0.40354448556900024,0.4030514657497406
n02041246_4769-2,seagull,A photo of a seagull,0.40354448556900024,0.4030514657497406
n02041246_4830-3,seagull,A photo of a seagull,0.4329994320869446,0.4301626682281494
n02041246_4862-3,seagull,A photo of a seagull,0.4329994320869446,0.4301626682281494
n02041246_4862-5,seagull,A photo of a seagull,0.4329994320869446,0.4301626682281494
n02041246_4986-6,seagull,A photo of a seagull,0.4329994320869446,0.4301626682281494
n02041246_5299-4,seagull,A photo of a seagull,0.4329994320869446,0.4301626682281494
n02041246_5945-4,seagull,A photo of a seagull,0.4329994320869446,0.4301626682281494
n02041246_6167-2,seagull,A photo of a seagull,0.4329994320869446,0.4301626682281494
n02041246_6167-7,seagull,A photo of a seagull,0.4329994320869446,0.4301626682281494
n02041246_6200-10,seagull,A photo of a seagull,0.446065217256546,0.44732579588890076
n02041246_6200-8,seagull,A photo of a seagull,0.446065217256546,0.44732579588890076
n02041246_6533-6,seagull,A photo of a seagull,0.446065217256546,0.44732579588890076
n02041246_6563-5,seagull,A photo of a seagull,0.446065217256546,0.44732579588890076
n02041246_6613-4,seagull,A photo of a seagull,0.446065217256546,0.44732579588890076
n02041246_6646-3,seagull,A photo of a seagull,0.446065217256546,0.44732579588890076
n02041246_6816-2,seagull,A photo of a seagull,0.446065217256546,0.44732579588890076
n02041246_6816-3,seagull,A photo of a seagull,0.446065217256546,0.44732579588890076
n02041246_7397-1,seagull,A photo of a seagull,0.3865792155265808,0.38595980405807495
n02041246_7397-3,seagull,A photo of a seagull,0.3865792155265808,0.38595980405807495
n02041246_7397-4,seagull,A photo of a seagull,0.3865792155265808,0.38595980405807495
n02041246_7428-2,seagull,A photo of a seagull,0.3865792155265808,0.38595980405807495
n02041246_7428-4,seagull,A photo of a seagull,0.3865792155265808,0.38595980405807495
n02041246_7428-6,seagull,A photo of a seagull,0.3865792155265808,0.38595980405807495
n02041246_7433-4,seagull,A photo of a seagull,0.3865792155265808,0.38595980405807495
n02041246_7678-1,seagull,A photo of a seagull,0.3865792155265808,0.38595980405807495
n02041246_7806-5,seagull,A photo of a seagull,0.36896568536758423,0.36776280403137207
n02041246_7834-10,seagull,A photo of a seagull,0.36896568536758423,0.36776280403137207
n02041246_7834-3,seagull,A photo of a seagull,0.36896568536758423,0.36776280403137207
n02041246_7834-7,seagull,A photo of a seagull,0.36896568536758423,0.36776280403137207
n02041246_7904-1,seagull,A photo of a seagull,0.36896568536758423,0.36776280403137207
n02041246_7904-4,seagull,A photo of a seagull,0.36896568536758423,0.36776280403137207
n02041246_830-3,seagull,A photo of a seagull,0.36896568536758423,0.36776280403137207
n02041246_8612-3,seagull,A photo of a seagull,0.36896568536758423,0.36776280403137207
n02041246_8612-4,seagull,A photo of a seagull,0.39344078302383423,0.3913499712944031
n02041246_9212-3,seagull,A photo of a seagull,0.39344078302383423,0.3913499712944031
n02041246_934-3,seagull,A photo of a seagull,0.39344078302383423,0.3913499712944031
n02041246_9384-3,seagull,A photo of a seagull,0.39344078302383423,0.3913499712944031
n02076196_10596-3,seal,A photo of a seal,0.39344078302383423,0.3913499712944031
n02076196_1157-4,seal,A photo of a seal,0.39344078302383423,0.3913499712944031
n02076196_11916-3,seal,A photo of a seal,0.39344078302383423,0.3913499712944031
n02076196_13-1,seal,A photo of a seal,0.39344078302383423,0.3913499712944031
n02076196_13-4,seal,A photo of a seal,0.41714727878570557,0.419269859790802
n02076196_1598-5,seal,A photo of a seal,0.41714727878570557,0.419269859790802
n02076196_16800-2,seal,A photo of a seal,0.41714727878570557,0.419269859790802
n02076196_17306-4,seal,A photo of a seal,0.41714727878570557,0.419269859790802
n02076196_18026-4,seal,A photo of a seal,0.41714727878570557,0.419269859790802
n02076196_19381-6,seal,A photo of a seal,0.41714727878570557,0.419269859790802
n02076196_19381-8,seal,A photo of a seal,0.41714727878570557,0.419269859790802
n02076196_19520-3,seal,A photo of a seal,0.41714727878570557,0.419269859790802
n02076196_19520-6,seal,A photo of a seal,0.41288861632347107,0.412916362285614
n02076196_1998-3,seal,A photo of a seal,0.41288861632347107,0.412916362285614
n02076196_2375-2,seal,A photo of a seal,0.41288861632347107,0.412916362285614
n02076196_2375-4,seal,A photo of a seal,0.41288861632347107,0.412916362285614
n02076196_2469-2,seal,A photo of a seal,0.41288861632347107,0.412916362285614
n02076196_2469-3,seal,A photo of a seal,0.41288861632347107,0.412916362285614
n02076196_2469-4,seal,A photo of a seal,0.41288861632347107,0.412916362285614
n02076196_3060-4,seal,A photo of a seal,0.41288861632347107,0.412916362285614
n02076196_3170-1,seal,A photo of a seal,0.39159372448921204,0.3909722864627838
n02076196_404-3,seal,A photo of a seal,0.39159372448921204,0.3909722864627838
n02076196_404-5,seal,A photo of a seal,0.39159372448921204,0.3909722864627838
n02076196_4519-3,seal,A photo of a seal,0.39159372448921204,0.3909722864627838
n02076196_5018-1,seal,A photo of a seal,0.39159372448921204,0.3909722864627838
n02076196_6293-1,seal,A photo of a seal,0.39159372448921204,0.3909722864627838
n02076196_645-5,seal,A photo of a seal,0.39159372448921204,0.3909722864627838
n02076196_6525-6,seal,A photo of a seal,0.39159372448921204,0.3909722864627838
n02076196_6611-3,seal,A photo of a seal,0.3818049430847168,0.3815065920352936
n02076196_6611-4,seal,A photo of a seal,0.3818049430847168,0.3815065920352936
n02076196_6611-6,seal,A photo of a seal,0.3818049430847168,0.3815065920352936
n02076196_6663-3,seal,A photo of a seal,0.3818049430847168,0.3815065920352936
n02076196_8697-2,seal,A photo of a seal,0.3818049430847168,0.3815065920352936
n02076196_8697-4,seal,A photo of a seal,0.3818049430847168,0.3815065920352936
n02076196_9231-5,seal,A photo of a seal,0.3818049430847168,0.3815065920352936
n02076196_975-9,seal,A photo of a seal,0.3818049430847168,0.3815065920352936
n02077923_107-4,seal,A photo of a seal,0.37396514415740967,0.37254685163497925
n02077923_1096-2,seal,A photo of a seal,0.37396514415740967,0.37254685163497925
n02077923_1161-2,seal,A photo of a seal,0.37396514415740967,0.37254685163497925
n02077923_1161-3,seal,A photo of a seal,0.37396514415740967,0.37254685163497925
n02077923_1161-4,seal,A photo of a seal,0.37396514415740967,0.37254685163497925
n02077923_12058-4,seal,A photo of a seal,0.37396514415740967,0.37254685163497925
n02077923_1208-1,seal,A photo of a seal,0.37396514415740967,0.37254685163497925
n02077923_1208-2,seal,A photo of a seal,0.37396514415740967,0.37254685163497925
n02077923_12341-4,seal,A photo of a seal,0.36324548721313477,0.3664368987083435
n02077923_1254-3,seal,A photo of a seal,0.36324548721313477,0.3664368987083435
n02077923_1255-1,seal,A photo of a seal,0.36324548721313477,0.3664368987083435
n02077923_1255-2,seal,A photo of a seal,0.36324548721313477,0.3664368987083435
n02077923_1255-5,seal,A photo of a seal,0.36324548721313477,0.3664368987083435
n02077923_1277-4,seal,A photo of a seal,0.36324548721313477,0.3664368987083435
n02077923_1277-6,seal,A photo of a seal,0.36324548721313477,0.3664368987083435
n02077923_12787-1,seal,A photo of a seal,0.36324548721313477,0.3664368987083435
n02077923_12945-1,seal,A photo of a seal,0.3843439519405365,0.38510334491729736
n02077923_12945-3,seal,A photo of a seal,0.3843439519405365,0.38510334491729736
n02077923_12945-4,seal,A photo of a seal,0.3843439519405365,0.38510334491729736
n02077923_1303-2,seal,A photo of a seal,0.3843439519405365,0.38510334491729736
n02077923_13766-5,seal,A photo of a seal,0.3843439519405365,0.38510334491729736
n02077923_1388-6,seal,A photo of a seal,0.3843439519405365,0.38510334491729736
n02077923_1400-1,seal,A photo of a seal,0.3843439519405365,0.38510334491729736
n02077923_1400-4,seal,A photo of a seal,0.3843439519405365,0.38510334491729736
n02077923_15-4,seal,A photo of a seal,0.37289953231811523,0.37062811851501465
n02077923_1519-2,seal,A photo of a seal,0.37289953231811523,0.37062811851501465
n02077923_1519-3,seal,A photo of a seal,0.37289953231811523,0.37062811851501465
n02077923_1536-3,seal,A photo of a seal,0.37289953231811523,0.37062811851501465
n02077923_1536-4,seal,A photo of a seal,0.37289953231811523,0.37062811851501465
n02077923_1536-5,seal,A photo of a seal,0.37289953231811523,0.37062811851501465
n02077923_15618-1,seal,A photo of a seal,0.37289953231811523,0.37062811851501465
n02077923_1977-3,seal,A photo of a seal,0.37289953231811523,0.37062811851501465
n02077923_2092-1,seal,A photo of a seal,0.3667130768299103,0.36865103244781494
n02077923_2092-5,seal,A photo of a seal,0.3667130768299103,0.36865103244781494
n02077923_2182-6,seal,A photo of a seal,0.3667130768299103,0.36865103244781494
n02077923_253-6,seal,A photo of a seal,0.3667130768299103,0.36865103244781494
n02077923_3156-1,seal,A photo of a seal,0.3667130768299103,0.36865103244781494
n02077923_3713-4,seal,A photo of a seal,0.3667130768299103,0.36865103244781494
n02077923_4624-2,seal,A photo of a seal,0.3667130768299103,0.36865103244781494
n02077923_4624-3,seal,A photo of a seal,0.3667130768299103,0.36865103244781494
n02077923_480-6,seal,A photo of a seal,0.3793673515319824,0.3797755241394043
n02077923_521-3,seal,A photo of a seal,0.3793673515319824,0.3797755241394043
n02077923_5262-3,seal,A photo of a seal,0.3793673515319824,0.3797755241394043
n02077923_5262-4,seal,A photo of a seal,0.3793673515319824,0.3797755241394043
n02077923_5458-2,seal,A photo of a seal,0.3793673515319824,0.3797755241394043
n02077923_5458-5,seal,A photo of a seal,0.3793673515319824,0.3797755241394043
n02077923_5458-8,seal,A photo of a seal,0.3793673515319824,0.3797755241394043
n02077923_576-2,seal,A photo of a seal,0.3793673515319824,0.3797755241394043
n02077923_5944-6,seal,A photo of a seal,0.3479551076889038,0.3471115231513977
n02077923_620-4,seal,A photo of a seal,0.3479551076889038,0.3471115231513977
n02077923_833-8,seal,A photo of a seal,0.3479551076889038,0.3471115231513977
n02077923_8405-1,seal,A photo of a seal,0.3479551076889038,0.3471115231513977
n02077923_8405-7,seal,A photo of a seal,0.3479551076889038,0.3471115231513977
n02077923_95-3,seal,A photo of a seal,0.3479551076889038,0.3471115231513977
n02077923_967-3,seal,A photo of a seal,0.3479551076889038,0.3471115231513977
n01482330_10087-4,shark,A photo of a shark,0.3479551076889038,0.3471115231513977
n01482330_10087-5,shark,A photo of a shark,0.3923408091068268,0.3909691572189331
n01482330_10372-1,shark,A photo of a shark,0.3923408091068268,0.3909691572189331
n01482330_1311-3,shark,A photo of a shark,0.3923408091068268,0.3909691572189331
n01482330_14621-1,shark,A photo of a shark,0.3923408091068268,0.3909691572189331
n01482330_14621-2,shark,A photo of a shark,0.3923408091068268,0.3909691572189331
n01482330_1639-5,shark,A photo of a shark,0.3923408091068268,0.3909691572189331
n01482330_1753-2,shark,A photo of a shark,0.3923408091068268,0.3909691572189331
n01482330_2055-5,shark,A photo of a shark,0.3923408091068268,0.3909691572189331
n01482330_2087-3,shark,A photo of a shark,0.43005427718162537,0.4321415424346924
n01482330_2087-4,shark,A photo of a shark,0.43005427718162537,0.4321415424346924
n01482330_3285-2,shark,A photo of a shark,0.43005427718162537,0.4321415424346924
n01482330_3315-2,shark,A photo of a shark,0.43005427718162537,0.4321415424346924
n01482330_4159-2,shark,A photo of a shark,0.43005427718162537,0.4321415424346924
n01482330_4159-4,shark,A photo of a shark,0.43005427718162537,0.4321415424346924
n01482330_6588-2,shark,A photo of a shark,0.43005427718162537,0.4321415424346924
n01482330_6588-3,shark,A photo of a shark,0.43005427718162537,0.4321415424346924
n01482330_7514-5,shark,A photo of a shark,0.37291425466537476,0.37509793043136597
n01482330_9209-1,shark,A photo of a shark,0.37291425466537476,0.37509793043136597
n01482330_9209-2,shark,A photo of a shark,0.37291425466537476,0.37509793043136597
n01482330_9747-2,shark,A photo of a shark,0.37291425466537476,0.37509793043136597
n01483021_50-3,shark,A photo of a shark,0.37291425466537476,0.37509793043136597
n01483021_50-5,shark,A photo of a shark,0.37291425466537476,0.37509793043136597
n01483021_50-6,shark,A photo of a shark,0.37291425466537476,0.37509793043136597
n01487506_10032-4,shark,A photo of a shark,0.37291425466537476,0.37509793043136597
n01487506_14582-1,shark,A photo of a shark,0.39962443709373474,0.4010159969329834
n01489920_10004-2,shark,A photo of a shark,0.39962443709373474,0.4010159969329834
n01489920_10189-4,shark,A photo of a shark,0.39962443709373474,0.4010159969329834
n01489920_11936-5,shark,A photo of a shark,0.39962443709373474,0.4010159969329834
n01489920_12174-3,shark,A photo of a shark,0.39962443709373474,0.4010159969329834
n01489920_2390-1,shark,A photo of a shark,0.39962443709373474,0.4010159969329834
n01489920_244-2,shark,A photo of a shark,0.39962443709373474,0.4010159969329834
n01489920_3833-3,shark,A photo of a shark,0.39962443709373474,0.4010159969329834
n01489920_7806-5,shark,A photo of a shark,0.3921937942504883,0.39115920662879944
n01489920_7982-4,shark,A photo of a shark,0.3921937942504883,0.39115920662879944
n01489920_8683-1,shark,A photo of a shark,0.3921937942504883,0.39115920662879944
n01489920_8683-4,shark,A photo of a shark,0.3921937942504883,0.39115920662879944
n01489920_9229-4,shark,A photo of a shark,0.3921937942504883,0.39115920662879944
n01491361_10602-2,shark,A photo of a shark,0.3921937942504883,0.39115920662879944
n01491361_11353-3,shark,A photo of a shark,0.3921937942504883,0.39115920662879944
n01491361_11353-4,shark,A photo of a shark,0.3921937942504883,0.39115920662879944
n01491361_12958-4,shark,A photo of a shark,0.3871718645095825,0.38633447885513306
n01491361_13715-1,shark,A photo of a shark,0.3871718645095825,0.38633447885513306
n01491361_13715-2,shark,A photo of a shark,0.3871718645095825,0.38633447885513306
n01491361_152-5,shark,A photo of a shark,0.3871718645095825,0.38633447885513306
n01491361_152-6,shark,A photo of a shark,0.3871718645095825,0.38633447885513306
n01491361_1731-4,shark,A photo of a shark,0.3871718645095825,0.38633447885513306
n01491361_1731-5,shark,A photo of a shark,0.3871718645095825,0.38633447885513306
n01491361_3252-3,shark,A photo of a shark,0.3871718645095825,0.38633447885513306
n01491361_3252-4,shark,A photo of a shark,0.3843616843223572,0.3840596079826355
n01491361_4444-1,shark,A photo of a shark,0.3843616843223572,0.3840596079826355
n01491361_4444-4,shark,A photo of a shark,0.3843616843223572,0.3840596079826355
n01491361_4716-7,shark,A photo of a shark,0.3843616843223572,0.3840596079826355
n01491361_5076-5,shark,A photo of a shark,0.3843616843223572,0.3840596079826355
n01491361_5504-5,shark,A photo of a shark,0.3843616843223572,0.3840596079826355
n01491361_5657-5,shark,A photo of a shark,0.3843616843223572,0.3840596079826355
n01491361_6872-1,shark,A photo of a shark,0.3843616843223572,0.3840596079826355
n01491361_7277-1,shark,A photo of a shark,0.3723691701889038,0.3749079704284668
n01491361_7534-1,shark,A photo of a shark,0.3723691701889038,0.3749079704284668
n01491361_892-4,shark,A photo of a shark,0.3723691701889038,0.3749079704284668
n01494475_1587-1,shark,A photo of a shark,0.3723691701889038,0.3749079704284668
n01494475_1587-3,shark,A photo of a shark,0.3723691701889038,0.3749079704284668
n01494475_22-5,shark,A photo of a shark,0.3723691701889038,0.3749079704284668
n01494475_2684-5,shark,A photo of a shark,0.3723691701889038,0.3749079704284668
n01494475_2741-3,shark,A photo of a shark,0.3723691701889038,0.3749079704284668
n01494475_2974-2,shark,A photo of a shark,0.4214685261249542,0.4182125926017761
n01494475_4109-1,shark,A photo of a shark,0.4214685261249542,0.4182125926017761
n01494475_4109-6,shark,A photo of a shark,0.4214685261249542,0.4182125926017761
n01494475_4925-3,shark,A photo of a shark,0.4214685261249542,0.4182125926017761
n01494475_714-4,shark,A photo of a shark,0.4214685261249542,0.4182125926017761
n01494475_8348-1,shark,A photo of a shark,0.4214685261249542,0.4182125926017761
n01494475_8365-3,shark,A photo of a shark,0.4214685261249542,0.4182125926017761
n01494475_8588-5,shark,A photo of a shark,0.4214685261249542,0.4182125926017761
n02411705_10117-6,sheep,A photo of a sheep,0.3707444369792938,0.3668563663959503
n02411705_10440-5,sheep,A photo of a sheep,0.3707444369792938,0.3668563663959503
n02411705_10440-6,sheep,A photo of a sheep,0.3707444369792938,0.3668563663959503
n02411705_10461-1,sheep,A photo of a sheep,0.3707444369792938,0.3668563663959503
n02411705_10461-3,sheep,A photo of a sheep,0.3707444369792938,0.3668563663959503
n02411705_1113-2,sheep,A photo of a sheep,0.3707444369792938,0.3668563663959503
n02411705_11151-1,sheep,A photo of a sheep,0.3707444369792938,0.3668563663959503
n02411705_11690-3,sheep,A photo of a sheep,0.3707444369792938,0.3668563663959503
n02411705_11690-5,sheep,A photo of a sheep,0.3757193684577942,0.37506264448165894
n02411705_12249-3,sheep,A photo of a sheep,0.3757193684577942,0.37506264448165894
n02411705_12831-2,sheep,A photo of a sheep,0.3757193684577942,0.37506264448165894
n02411705_13031-6,sheep,A photo of a sheep,0.3757193684577942,0.37506264448165894
n02411705_13543-7,sheep,A photo of a sheep,0.3757193684577942,0.37506264448165894
n02411705_13543-8,sheep,A photo of a sheep,0.3757193684577942,0.37506264448165894
n02411705_13729-1,sheep,A photo of a sheep,0.3757193684577942,0.37506264448165894
n02411705_13729-2,sheep,A photo of a sheep,0.3757193684577942,0.37506264448165894
n02411705_13729-6,sheep,A photo of a sheep,0.3815370202064514,0.37821105122566223
n02411705_14647-1,sheep,A photo of a sheep,0.3815370202064514,0.37821105122566223
n02411705_14647-5,sheep,A photo of a sheep,0.3815370202064514,0.37821105122566223
n02411705_1556-6,sheep,A photo of a sheep,0.3815370202064514,0.37821105122566223
n02411705_15870-1,sheep,A photo of a sheep,0.3815370202064514,0.37821105122566223
n02411705_15870-4,sheep,A photo of a sheep,0.3815370202064514,0.37821105122566223
n02411705_16324-3,sheep,A photo of a sheep,0.3815370202064514,0.37821105122566223
n02411705_1728-1,sheep,A photo of a sheep,0.3815370202064514,0.37821105122566223
n02411705_1728-6,sheep,A photo of a sheep,0.37123721837997437,0.375895619392395
n02411705_3363-3,sheep,A photo of a sheep,0.37123721837997437,0.375895619392395
n02411705_3880-5,sheep,A photo of a sheep,0.37123721837997437,0.375895619392395
n02411705_4709-2,sheep,A photo of a sheep,0.37123721837997437,0.375895619392395
n02411705_4709-6,sheep,A photo of a sheep,0.37123721837997437,0.375895619392395
n02411705_5029-4,sheep,A photo of a sheep,0.37123721837997437,0.375895619392395
n02411705_5029-5,sheep,A photo of a sheep,0.37123721837997437,0.375895619392395
n02411705_5574-5,sheep,A photo of a sheep,0.37123721837997437,0.375895619392395
n02411705_5574-7,sheep,A photo of a sheep,0.3924863934516907,0.3850370943546295
n02411705_5619-2,sheep,A photo of a sheep,0.3924863934516907,0.3850370943546295
n02411705_5641-1,sheep,A photo of a sheep,0.3924863934516907,0.3850370943546295
n02411705_5641-3,sheep,A photo of a sheep,0.3924863934516907,0.3850370943546295
n02411705_5641-4,sheep,A photo of a sheep,0.3924863934516907,0.3850370943546295
n02411705_6015-3,sheep,A photo of a sheep,0.3924863934516907,0.3850370943546295
n02411705_6501-4,sheep,A photo of a sheep,0.3924863934516907,0.3850370943546295
n02411705_6501-5,sheep,A photo of a sheep,0.3924863934516907,0.3850370943546295
n02411705_6501-7,sheep,A photo of a sheep,0.3849775195121765,0.3845854103565216
n02411705_6546-6,sheep,A photo of a sheep,0.3849775195121765,0.3845854103565216
n02411705_8514-5,sheep,A photo of a sheep,0.3849775195121765,0.3845854103565216
n02411705_8514-6,sheep,A photo of a sheep,0.3849775195121765,0.3845854103565216
n02411705_9558-2,sheep,A photo of a sheep,0.3849775195121765,0.3845854103565216
n02411705_9558-3,sheep,A photo of a sheep,0.3849775195121765,0.3845854103565216
n02411705_9558-6,sheep,A photo of a sheep,0.3849775195121765,0.3845854103565216
n02411705_9558-7,sheep,A photo of a sheep,0.3849775195121765,0.3845854103565216
n02411705_9884-2,sheep,A photo of a sheep,0.3670462965965271,0.3618791997432709
n02412080_10992-2,sheep,A photo of a sheep,0.3670462965965271,0.3618791997432709
n02412080_11686-3,sheep,A photo of a sheep,0.3670462965965271,0.3618791997432709
n02412080_11686-7,sheep,A photo of a sheep,0.3670462965965271,0.3618791997432709
n02412080_11686-8,sheep,A photo of a sheep,0.3670462965965271,0.3618791997432709
n02412080_12492-3,sheep,A photo of a sheep,0.3670462965965271,0.3618791997432709
n02412080_13381-7,sheep,A photo of a sheep,0.3670462965965271,0.3618791997432709
n02412080_15659-2,sheep,A photo of a sheep,0.3670462965965271,0.3618791997432709
n02412080_15659-5,sheep,A photo of a sheep,0.3400002419948578,0.33767688274383545
n02412080_16046-3,sheep,A photo of a sheep,0.3400002419948578,0.33767688274383545
n02412080_16046-5,sheep,A photo of a sheep,0.3400002419948578,0.33767688274383545
n02412080_16285-4,sheep,A photo of a sheep,0.3400002419948578,0.33767688274383545
n02412080_17440-3,sheep,A photo of a sheep,0.3400002419948578,0.33767688274383545
n02412080_18381-4,sheep,A photo of a sheep,0.3400002419948578,0.33767688274383545
n02412080_18381-5,sheep,A photo of a sheep,0.3400002419948578,0.33767688274383545
n02412080_18381-7,sheep,A photo of a sheep,0.3400002419948578,0.33767688274383545
n02412080_1867-3,sheep,A photo of a sheep,0.3426135778427124,0.33832889795303345
n02412080_19365-2,sheep,A photo of a sheep,0.3426135778427124,0.33832889795303345
n02412080_19365-7,sheep,A photo of a sheep,0.3426135778427124,0.33832889795303345
n02412080_19382-6,sheep,A photo of a sheep,0.3426135778427124,0.33832889795303345
n02412080_20384-8,sheep,A photo of a sheep,0.3426135778427124,0.33832889795303345
n02412080_20652-1,sheep,A photo of a sheep,0.3426135778427124,0.33832889795303345
n02412080_20652-2,sheep,A photo of a sheep,0.3426135778427124,0.33832889795303345
n02412080_20652-3,sheep,A photo of a sheep,0.3426135778427124,0.33832889795303345
n02412080_20652-4,sheep,A photo of a sheep,0.35554319620132446,0.35813987255096436
n02412080_20660-3,sheep,A photo of a sheep,0.35554319620132446,0.35813987255096436
n02412080_20660-8,sheep,A photo of a sheep,0.35554319620132446,0.35813987255096436
n02412080_20706-2,sheep,A photo of a sheep,0.35554319620132446,0.35813987255096436
n02412080_2939-10,sheep,A photo of a sheep,0.35554319620132446,0.35813987255096436
n02412080_2939-4,sheep,A photo of a sheep,0.35554319620132446,0.35813987255096436
n02412080_2939-5,sheep,A photo of a sheep,0.35554319620132446,0.35813987255096436
n02412080_2939-9,sheep,A photo of a sheep,0.35554319620132446,0.35813987255096436
n02412080_3610-1,sheep,A photo of a sheep,0.3777407705783844,0.3774944245815277
n02412080_4637-9,sheep,A photo of a sheep,0.3777407705783844,0.3774944245815277
n02412080_5355-1,sheep,A photo of a sheep,0.3777407705783844,0.3774944245815277
n02412080_5355-7,sheep,A photo of a sheep,0.3777407705783844,0.3774944245815277
n02412080_6209-4,sheep,A photo of a sheep,0.3777407705783844,0.3774944245815277
n02412080_6949-2,sheep,A photo of a sheep,0.3777407705783844,0.3774944245815277
n02412080_7720-2,sheep,A photo of a sheep,0.3777407705783844,0.3774944245815277
n02412080_7720-3,sheep,A photo of a sheep,0.3777407705783844,0.3774944245815277
n02412080_7894-2,sheep,A photo of a sheep,0.37396007776260376,0.37178856134414673
n02412080_8410-1,sheep,A photo of a sheep,0.37396007776260376,0.37178856134414673
n02412080_8410-5,sheep,A photo of a sheep,0.37396007776260376,0.37178856134414673
n02412080_8410-6,sheep,A photo of a sheep,0.37396007776260376,0.37178856134414673
n02412210_3336-4,sheep,A photo of a sheep,0.37396007776260376,0.37178856134414673
n02414290_2445-4,sheep,A photo of a sheep,0.37396007776260376,0.37178856134414673
n02414290_2445-5,sheep,A photo of a sheep,0.37396007776260376,0.37178856134414673
n02414290_3439-1,sheep,A photo of a sheep,0.37396007776260376,0.37178856134414673
n02414290_3681-4,sheep,A photo of a sheep,0.3993109166622162,0.39709776639938354
n02414290_4943-5,sheep,A photo of a sheep,0.3993109166622162,0.39709776639938354
n02414290_5558-5,sheep,A photo of a sheep,0.3993109166622162,0.39709776639938354
n02414290_5558-7,sheep,A photo of a sheep,0.3993109166622162,0.39709776639938354
n02414290_5558-8,sheep,A photo of a sheep,0.3993109166622162,0.39709776639938354
n02414290_8565-3,sheep,A photo of a sheep,0.3993109166622162,0.39709776639938354
n02882894_3148-4,shoe,A photo of a shoe,0.3993109166622162,0.39709776639938354
n02882894_5569-6,shoe,A photo of a shoe,0.3993109166622162,0.39709776639938354
n02882894_570-4,shoe,A photo of a shoe,0.37864887714385986,0.380481481552124
n03680355_10372-3,shoe,A photo of a shoe,0.37864887714385986,0.380481481552124
n03680355_10372-6,shoe,A photo of a shoe,0.37864887714385986,0.380481481552124
n03680355_11188-4,shoe,A photo of a shoe,0.37864887714385986,0.380481481552124
n03680355_1295-1,shoe,A photo of a shoe,0.37864887714385986,0.380481481552124
n03680355_1389-2,shoe,A photo of a shoe,0.37864887714385986,0.380481481552124
n03680355_14963-4,shoe,A photo of a shoe,0.37864887714385986,0.380481481552124
n03680355_2074-2,shoe,A photo of a shoe,0.37864887714385986,0.380481481552124
n03680355_2074-3,shoe,A photo of a shoe,0.3671518862247467,0.371301531791687
n03680355_2585-1,shoe,A photo of a shoe,0.3671518862247467,0.371301531791687
n03680355_2585-3,shoe,A photo of a shoe,0.3671518862247467,0.371301531791687
n03680355_2585-4,shoe,A photo of a shoe,0.3671518862247467,0.371301531791687
n03680355_2822-4,shoe,A photo of a shoe,0.3671518862247467,0.371301531791687
n03680355_3310-3,shoe,A photo of a shoe,0.3671518862247467,0.371301531791687
n03680355_3310-4,shoe,A photo of a shoe,0.3671518862247467,0.371301531791687
n03680355_4028-2,shoe,A photo of a shoe,0.3671518862247467,0.371301531791687
n03680355_4028-6,shoe,A photo of a shoe,0.3587803244590759,0.36243903636932373
n03680355_4161-2,shoe,A photo of a shoe,0.3587803244590759,0.36243903636932373
n03680355_4637-2,shoe,A photo of a shoe,0.3587803244590759,0.36243903636932373
n03680355_4637-3,shoe,A photo of a shoe,0.3587803244590759,0.36243903636932373
n03680355_9308-7,shoe,A photo of a shoe,0.3587803244590759,0.36243903636932373
n03680355_9909-3,shoe,A photo of a shoe,0.3587803244590759,0.36243903636932373
n03680355_9909-6,shoe,A photo of a shoe,0.3587803244590759,0.36243903636932373
n04120489_106-4,shoe,A photo of a shoe,0.3587803244590759,0.36243903636932373
n04120489_1442-1,shoe,A photo of a shoe,0.3946855664253235,0.39566072821617126
n04120489_1764-4,shoe,A photo of a shoe,0.3946855664253235,0.39566072821617126
n04120489_1764-5,shoe,A photo of a shoe,0.3946855664253235,0.39566072821617126
n04120489_1895-4,shoe,A photo of a shoe,0.3946855664253235,0.39566072821617126
n04120489_1990-1,shoe,A photo of a shoe,0.3946855664253235,0.39566072821617126
n04120489_1990-3,shoe,A photo of a shoe,0.3946855664253235,0.39566072821617126
n04120489_1990-5,shoe,A photo of a shoe,0.3946855664253235,0.39566072821617126
n04120489_1990-6,shoe,A photo of a shoe,0.3946855664253235,0.39566072821617126
n04120489_3237-4,shoe,A photo of a shoe,0.3711881935596466,0.37143492698669434
n04120489_3518-4,shoe,A photo of a shoe,0.3711881935596466,0.37143492698669434
n04120489_3518-5,shoe,A photo of a shoe,0.3711881935596466,0.37143492698669434
n04120489_4013-1,shoe,A photo of a shoe,0.3711881935596466,0.37143492698669434
n04120489_4013-3,shoe,A photo of a shoe,0.3711881935596466,0.37143492698669434
n04120489_4357-3,shoe,A photo of a shoe,0.3711881935596466,0.37143492698669434
n04120489_4434-1,shoe,A photo of a shoe,0.3711881935596466,0.37143492698669434
n04120489_4434-3,shoe,A photo of a shoe,0.3711881935596466,0.37143492698669434
n04120489_4434-4,shoe,A photo of a shoe,0.36114007234573364,0.3644198477268219
n04120489_4434-6,shoe,A photo of a shoe,0.36114007234573364,0.3644198477268219
n04120489_4753-1,shoe,A photo of a shoe,0.36114007234573364,0.3644198477268219
n04120489_4828-5,shoe,A photo of a shoe,0.36114007234573364,0.3644198477268219
n04120489_5478-4,shoe,A photo of a shoe,0.36114007234573364,0.3644198477268219
n04120489_5478-5,shoe,A photo of a shoe,0.36114007234573364,0.3644198477268219
n04120489_5587-4,shoe,A photo of a shoe,0.36114007234573364,0.3644198477268219
n04120489_5855-4,shoe,A photo of a shoe,0.36114007234573364,0.3644198477268219
n04120489_5968-5,shoe,A photo of a shoe,0.3800239562988281,0.38517388701438904
n04120489_6065-2,shoe,A photo of a shoe,0.3800239562988281,0.38517388701438904
n04120489_6588-4,shoe,A photo of a shoe,0.3800239562988281,0.38517388701438904
n04120489_6588-5,shoe,A photo of a shoe,0.3800239562988281,0.38517388701438904
n04120489_728-1,shoe,A photo of a shoe,0.3800239562988281,0.38517388701438904
n04120489_9896-2,shoe,A photo of a shoe,0.3800239562988281,0.38517388701438904
n04199027_10027-1,shoe,A photo of a shoe,0.3800239562988281,0.38517388701438904
n04199027_10027-4,shoe,A photo of a shoe,0.3800239562988281,0.38517388701438904
n04199027_10467-4,shoe,A photo of a shoe,0.39106476306915283,0.39552247524261475
n04199027_1092-4,shoe,A photo of a shoe,0.39106476306915283,0.39552247524261475
n04199027_1092-5,shoe,A photo of a shoe,0.39106476306915283,0.39552247524261475
n04199027_13848-3,shoe,A photo of a shoe,0.39106476306915283,0.39552247524261475
n04199027_13848-6,shoe,A photo of a shoe,0.39106476306915283,0.39552247524261475
n04199027_13853-3,shoe,A photo of a shoe,0.39106476306915283,0.39552247524261475
n04199027_5456-3,shoe,A photo of a shoe,0.39106476306915283,0.39552247524261475
n04199027_6050-2,shoe,A photo of a shoe,0.39106476306915283,0.39552247524261475
n04199027_6050-5,shoe,A photo of a shoe,0.38643136620521545,0.38771817088127136
n04546081_1653-2,shoe,A photo of a shoe,0.38643136620521545,0.38771817088127136
n04546081_3760-6,shoe,A photo of a shoe,0.38643136620521545,0.38771817088127136
n04546081_8781-3,shoe,A photo of a shoe,0.38643136620521545,0.38771817088127136
n04546081_8781-4,shoe,A photo of a shoe,0.38643136620521545,0.38771817088127136
n04593524_2800-1,shoe,A photo of a shoe,0.38643136620521545,0.38771817088127136
n04593524_3502-4,shoe,A photo of a shoe,0.38643136620521545,0.38771817088127136
n04593524_3733-4,shoe,A photo of a shoe,0.38643136620521545,0.38771817088127136
n04593524_4510-5,shoe,A photo of a shoe,0.3934395909309387,0.3955276310443878
n04593524_5683-6,shoe,A photo of a shoe,0.3934395909309387,0.3955276310443878
n04593524_7117-3,shoe,A photo of a shoe,0.3934395909309387,0.3955276310443878
n04593524_7569-3,shoe,A photo of a shoe,0.3934395909309387,0.3955276310443878
n04233124_10716-1,skyscraper,A photo of a skyscraper,0.3934395909309387,0.3955276310443878
n04233124_10716-3,skyscraper,A photo of a skyscraper,0.3934395909309387,0.3955276310443878
n04233124_10716-5,skyscraper,A photo of a skyscraper,0.3934395909309387,0.3955276310443878
n04233124_10745-1,skyscraper,A photo of a skyscraper,0.3934395909309387,0.3955276310443878
n04233124_10745-6,skyscraper,A photo of a skyscraper,0.36581259965896606,0.3700460195541382
n04233124_10907-2,skyscraper,A photo of a skyscraper,0.36581259965896606,0.3700460195541382
n04233124_10907-4,skyscraper,A photo of a skyscraper,0.36581259965896606,0.3700460195541382
n04233124_11521-3,skyscraper,A photo of a skyscraper,0.36581259965896606,0.3700460195541382
n04233124_11631-1,skyscraper,A photo of a skyscraper,0.36581259965896606,0.3700460195541382
n04233124_11773-4,skyscraper,A photo of a skyscraper,0.36581259965896606,0.3700460195541382
n04233124_12966-4,skyscraper,A photo of a skyscraper,0.36581259965896606,0.3700460195541382
n04233124_13031-5,skyscraper,A photo of a skyscraper,0.36581259965896606,0.3700460195541382
n04233124_13314-3,skyscraper,A photo of a skyscraper,0.38663995265960693,0.38308799266815186
n04233124_13602-6,skyscraper,A photo of a skyscraper,0.38663995265960693,0.38308799266815186
n04233124_13955-2,skyscraper,A photo of a skyscraper,0.38663995265960693,0.38308799266815186
n04233124_13955-3,skyscraper,A photo of a skyscraper,0.38663995265960693,0.38308799266815186
n04233124_13955-6,skyscraper,A photo of a skyscraper,0.38663995265960693,0.38308799266815186
n04233124_14368-2,skyscraper,A photo of a skyscraper,0.38663995265960693,0.38308799266815186
n04233124_14369-2,skyscraper,A photo of a skyscraper,0.38663995265960693,0.38308799266815186
n04233124_1459-1,skyscraper,A photo of a skyscraper,0.38663995265960693,0.38308799266815186
n04233124_1473-4,skyscraper,A photo of a skyscraper,0.36332565546035767,0.3653280436992645
n04233124_15260-3,skyscraper,A photo of a skyscraper,0.36332565546035767,0.3653280436992645
n04233124_15435-1,skyscraper,A photo of a skyscraper,0.36332565546035767,0.3653280436992645
n04233124_1587-4,skyscraper,A photo of a skyscraper,0.36332565546035767,0.3653280436992645
n04233124_1587-5,skyscraper,A photo of a skyscraper,0.36332565546035767,0.3653280436992645
n04233124_16169-4,skyscraper,A photo of a skyscraper,0.36332565546035767,0.3653280436992645
n04233124_16169-5,skyscraper,A photo of a skyscraper,0.36332565546035767,0.3653280436992645
n04233124_16206-3,skyscraper,A photo of a skyscraper,0.36332565546035767,0.3653280436992645
n04233124_16206-4,skyscraper,A photo of a skyscraper,0.40974128246307373,0.4088136851787567
n04233124_16206-5,skyscraper,A photo of a skyscraper,0.40974128246307373,0.4088136851787567
n04233124_17087-3,skyscraper,A photo of a skyscraper,0.40974128246307373,0.4088136851787567
n04233124_17087-5,skyscraper,A photo of a skyscraper,0.40974128246307373,0.4088136851787567
n04233124_17161-4,skyscraper,A photo of a skyscraper,0.40974128246307373,0.4088136851787567
n04233124_17161-5,skyscraper,A photo of a skyscraper,0.40974128246307373,0.4088136851787567
n04233124_17789-1,skyscraper,A photo of a skyscraper,0.40974128246307373,0.4088136851787567
n04233124_17789-5,skyscraper,A photo of a skyscraper,0.40974128246307373,0.4088136851787567
n04233124_1809-2,skyscraper,A photo of a skyscraper,0.35904282331466675,0.36215347051620483
n04233124_1809-5,skyscraper,A photo of a skyscraper,0.35904282331466675,0.36215347051620483
n04233124_1809-6,skyscraper,A photo of a skyscraper,0.35904282331466675,0.36215347051620483
n04233124_18366-6,skyscraper,A photo of a skyscraper,0.35904282331466675,0.36215347051620483
n04233124_2069-2,skyscraper,A photo of a skyscraper,0.35904282331466675,0.36215347051620483
n04233124_2069-3,skyscraper,A photo of a skyscraper,0.35904282331466675,0.36215347051620483
n04233124_21006-2,skyscraper,A photo of a skyscraper,0.35904282331466675,0.36215347051620483
n04233124_25348-3,skyscraper,A photo of a skyscraper,0.35904282331466675,0.36215347051620483
n04233124_2941-5,skyscraper,A photo of a skyscraper,0.3798711597919464,0.3807670772075653
n04233124_3025-6,skyscraper,A photo of a skyscraper,0.3798711597919464,0.3807670772075653
n04233124_3095-5,skyscraper,A photo of a skyscraper,0.3798711597919464,0.3807670772075653
n04233124_3267-5,skyscraper,A photo of a skyscraper,0.3798711597919464,0.3807670772075653
n04233124_3269-4,skyscraper,A photo of a skyscraper,0.3798711597919464,0.3807670772075653
n04233124_3269-5,skyscraper,A photo of a skyscraper,0.3798711597919464,0.3807670772075653
n04233124_3280-2,skyscraper,A photo of a skyscraper,0.3798711597919464,0.3807670772075653
n04233124_3280-3,skyscraper,A photo of a skyscraper,0.3798711597919464,0.3807670772075653
n04233124_3534-4,skyscraper,A photo of a skyscraper,0.3702746629714966,0.3732381761074066
n04233124_3550-2,skyscraper,A photo of a skyscraper,0.3702746629714966,0.3732381761074066
n04233124_3550-6,skyscraper,A photo of a skyscraper,0.3702746629714966,0.3732381761074066
n04233124_3584-4,skyscraper,A photo of a skyscraper,0.3702746629714966,0.3732381761074066
n04233124_3775-3,skyscraper,A photo of a skyscraper,0.3702746629714966,0.3732381761074066
n04233124_4005-1,skyscraper,A photo of a skyscraper,0.3702746629714966,0.3732381761074066
n04233124_4005-2,skyscraper,A photo of a skyscraper,0.3702746629714966,0.3732381761074066
n04233124_4190-1,skyscraper,A photo of a skyscraper,0.3702746629714966,0.3732381761074066
n04233124_4252-3,skyscraper,A photo of a skyscraper,0.3677561581134796,0.3696134090423584
n04233124_4313-1,skyscraper,A photo of a skyscraper,0.3677561581134796,0.3696134090423584
n04233124_4351-1,skyscraper,A photo of a skyscraper,0.3677561581134796,0.3696134090423584
n04233124_4351-2,skyscraper,A photo of a skyscraper,0.3677561581134796,0.3696134090423584
n04233124_5542-5,skyscraper,A photo of a skyscraper,0.3677561581134796,0.3696134090423584
n04233124_6204-1,skyscraper,A photo of a skyscraper,0.3677561581134796,0.3696134090423584
n04233124_6236-2,skyscraper,A photo of a skyscraper,0.3677561581134796,0.3696134090423584
n04233124_666-2,skyscraper,A photo of a skyscraper,0.3677561581134796,0.3696134090423584
n04233124_6751-2,skyscraper,A photo of a skyscraper,0.36447060108184814,0.36353006958961487
n04233124_6751-4,skyscraper,A photo of a skyscraper,0.36447060108184814,0.36353006958961487
n04233124_7446-1,skyscraper,A photo of a skyscraper,0.36447060108184814,0.36353006958961487
n04233124_7446-5,skyscraper,A photo of a skyscraper,0.36447060108184814,0.36353006958961487
n04233124_802-1,skyscraper,A photo of a skyscraper,0.36447060108184814,0.36353006958961487
n04233124_8489-2,skyscraper,A photo of a skyscraper,0.36447060108184814,0.36353006958961487
n04233124_8777-2,skyscraper,A photo of a skyscraper,0.36447060108184814,0.36353006958961487
n04233124_8777-4,skyscraper,A photo of a skyscraper,0.36447060108184814,0.36353006958961487
n04233124_9163-2,skyscraper,A photo of a skyscraper,0.36102235317230225,0.36879292130470276
n04233124_9163-5,skyscraper,A photo of a skyscraper,0.36102235317230225,0.36879292130470276
n04233124_9319-2,skyscraper,A photo of a skyscraper,0.36102235317230225,0.36879292130470276
n04233124_9319-4,skyscraper,A photo of a skyscraper,0.36102235317230225,0.36879292130470276
n04233124_9355-4,skyscraper,A photo of a skyscraper,0.36102235317230225,0.36879292130470276
n04233124_9386-4,skyscraper,A photo of a skyscraper,0.36102235317230225,0.36879292130470276
n04233124_9822-5,skyscraper,A photo of a skyscraper,0.36102235317230225,0.36879292130470276
n01944390_10126-2,snail,A photo of a snail,0.36102235317230225,0.36879292130470276
n01944390_10126-4,snail,A photo of a snail,0.36053165793418884,0.3598724901676178
n01944390_10342-2,snail,A photo of a snail,0.36053165793418884,0.3598724901676178
n01944390_10704-4,snail,A photo of a snail,0.36053165793418884,0.3598724901676178
n01944390_10723-4,snail,A photo of a snail,0.36053165793418884,0.3598724901676178
n01944390_10723-5,snail,A photo of a snail,0.36053165793418884,0.3598724901676178
n01944390_10819-3,snail,A photo of a snail,0.36053165793418884,0.3598724901676178
n01944390_10819-5,snail,A photo of a snail,0.36053165793418884,0.3598724901676178
n01944390_10864-3,snail,A photo of a snail,0.36053165793418884,0.3598724901676178
n01944390_10908-5,snail,A photo of a snail,0.37249428033828735,0.3703519105911255
n01944390_11075-5,snail,A photo of a snail,0.37249428033828735,0.3703519105911255
n01944390_11115-1,snail,A photo of a snail,0.37249428033828735,0.3703519105911255
n01944390_11226-2,snail,A photo of a snail,0.37249428033828735,0.3703519105911255
n01944390_11226-7,snail,A photo of a snail,0.37249428033828735,0.3703519105911255
n01944390_11540-1,snail,A photo of a snail,0.37249428033828735,0.3703519105911255
n01944390_11540-10,snail,A photo of a snail,0.37249428033828735,0.3703519105911255
n01944390_11540-2,snail,A photo of a snail,0.37249428033828735,0.3703519105911255
n01944390_11753-5,snail,A photo of a snail,0.36931347846984863,0.3679250478744507
n01944390_11783-3,snail,A photo of a snail,0.36931347846984863,0.3679250478744507
n01944390_11820-1,snail,A photo of a snail,0.36931347846984863,0.3679250478744507
n01944390_12028-4,snail,A photo of a snail,0.36931347846984863,0.3679250478744507
n01944390_1204-3,snail,A photo of a snail,0.36931347846984863,0.3679250478744507
n01944390_1204-8,snail,A photo of a snail,0.36931347846984863,0.3679250478744507
n01944390_12041-6,snail,A photo of a snail,0.36931347846984863,0.3679250478744507
n01944390_12124-4,snail,A photo of a snail,0.36931347846984863,0.3679250478744507
n01944390_1221-4,snail,A photo of a snail,0.3723161220550537,0.36923331022262573
n01944390_12329-1,snail,A photo of a snail,0.3723161220550537,0.36923331022262573
n01944390_12329-8,snail,A photo of a snail,0.3723161220550537,0.36923331022262573
n01944390_12367-6,snail,A photo of a snail,0.3723161220550537,0.36923331022262573
n01944390_1238-3,snail,A photo of a snail,0.3723161220550537,0.36923331022262573
n01944390_12478-4,snail,A photo of a snail,0.3723161220550537,0.36923331022262573
n01944390_12563-5,snail,A photo of a snail,0.3723161220550537,0.36923331022262573
n01944390_12744-3,snail,A photo of a snail,0.3723161220550537,0.36923331022262573
n01944390_12766-5,snail,A photo of a snail,0.37972012162208557,0.382258802652359
n01944390_13056-6,snail,A photo of a snail,0.37972012162208557,0.382258802652359
n01944390_13169-3,snail,A photo of a snail,0.37972012162208557,0.382258802652359
n01944390_13544-1,snail,A photo of a snail,0.37972012162208557,0.382258802652359
n01944390_13955-1,snail,A photo of a snail,0.37972012162208557,0.382258802652359
n01944390_14124-5,snail,A photo of a snail,0.37972012162208557,0.382258802652359
n01944390_14490-3,snail,A photo of a snail,0.37972012162208557,0.382258802652359
n01944390_17331-4,snail,A photo of a snail,0.37972012162208557,0.382258802652359
n01944390_19590-8,snail,A photo of a snail,0.38654664158821106,0.3888011574745178
n01944390_2160-6,snail,A photo of a snail,0.38654664158821106,0.3888011574745178
n01944390_2160-8,snail,A photo of a snail,0.38654664158821106,0.3888011574745178
n01944390_239-5,snail,A photo of a snail,0.38654664158821106,0.3888011574745178
n01944390_239-7,snail,A photo of a snail,0.38654664158821106,0.3888011574745178
n01944390_2432-3,snail,A photo of a snail,0.38654664158821106,0.3888011574745178
n01944390_2795-2,snail,A photo of a snail,0.38654664158821106,0.3888011574745178
n01944390_2795-3,snail,A photo of a snail,0.38654664158821106,0.3888011574745178
n01944390_2866-2,snail,A photo of a snail,0.39470258355140686,0.39835497736930847
n01944390_3028-7,snail,A photo of a snail,0.39470258355140686,0.39835497736930847
n01944390_3139-3,snail,A photo of a snail,0.39470258355140686,0.39835497736930847
n01944390_3147-1,snail,A photo of a snail,0.39470258355140686,0.39835497736930847
n01944390_327-2,snail,A photo of a snail,0.39470258355140686,0.39835497736930847
n01944390_3725-1,snail,A photo of a snail,0.39470258355140686,0.39835497736930847
n01944390_3945-3,snail,A photo of a snail,0.39470258355140686,0.39835497736930847
n01944390_4151-5,snail,A photo of a snail,0.39470258355140686,0.39835497736930847
n01944390_4191-5,snail,A photo of a snail,0.3758431077003479,0.37713736295700073
n01944390_4196-5,snail,A photo of a snail,0.3758431077003479,0.37713736295700073
n01944390_4966-2,snail,A photo of a snail,0.3758431077003479,0.37713736295700073
n01944390_544-4,snail,A photo of a snail,0.3758431077003479,0.37713736295700073
n01944390_5844-1,snail,A photo of a snail,0.3758431077003479,0.37713736295700073
n01944390_5927-2,snail,A photo of a snail,0.3758431077003479,0.37713736295700073
n01944390_6534-5,snail,A photo of a snail,0.3758431077003479,0.37713736295700073
n01944390_6898-2,snail,A photo of a snail,0.3758431077003479,0.37713736295700073
n01944390_6898-5,snail,A photo of a snail,0.39223238825798035,0.3938942849636078
n01944390_7195-5,snail,A photo of a snail,0.39223238825798035,0.3938942849636078
n01944390_7351-3,snail,A photo of a snail,0.39223238825798035,0.3938942849636078
n01944390_7676-2,snail,A photo of a snail,0.39223238825798035,0.3938942849636078
n01944390_7676-5,snail,A photo of a snail,0.39223238825798035,0.3938942849636078
n01944390_7806-5,snail,A photo of a snail,0.39223238825798035,0.3938942849636078
n01944390_801-4,snail,A photo of a snail,0.39223238825798035,0.3938942849636078
n01944390_801-7,snail,A photo of a snail,0.39223238825798035,0.3938942849636078
n01944390_801-9,snail,A photo of a snail,0.3863269090652466,0.387127161026001
n01944390_8679-2,snail,A photo of a snail,0.3863269090652466,0.387127161026001
n01944390_8679-4,snail,A photo of a snail,0.3863269090652466,0.387127161026001
n01944390_9086-1,snail,A photo of a snail,0.3863269090652466,0.387127161026001
n01944390_9086-9,snail,A photo of a snail,0.3863269090652466,0.387127161026001
n01944390_9185-5,snail,A photo of a snail,0.3863269090652466,0.387127161026001
n01944390_9212-5,snail,A photo of a snail,0.3863269090652466,0.387127161026001
n01944390_96-4,snail,A photo of a snail,0.3863269090652466,0.387127161026001
n01944390_96-5,snail,A photo of a snail,0.39507079124450684,0.3978556990623474
n01944390_96-6,snail,A photo of a snail,0.39507079124450684,0.3978556990623474
n01944390_9730-6,snail,A photo of a snail,0.39507079124450684,0.3978556990623474
n01726692_1004-3,snake,A photo of a snake,0.39507079124450684,0.3978556990623474
n01726692_1004-6,snake,A photo of a snake,0.39507079124450684,0.3978556990623474
n01726692_1298-4,snake,A photo of a snake,0.39507079124450684,0.3978556990623474
n01726692_1298-6,snake,A photo of a snake,0.39507079124450684,0.3978556990623474
n01726692_1298-8,snake,A photo of a snake,0.39507079124450684,0.3978556990623474
n01726692_1320-6,snake,A photo of a snake,0.39663413166999817,0.4016088843345642
n01726692_1321-4,snake,A photo of a snake,0.39663413166999817,0.4016088843345642
n01726692_1321-5,snake,A photo of a snake,0.39663413166999817,0.4016088843345642
n01726692_1338-2,snake,A photo of a snake,0.39663413166999817,0.4016088843345642
n01726692_1338-5,snake,A photo of a snake,0.39663413166999817,0.4016088843345642
n01726692_1338-8,snake,A photo of a snake,0.39663413166999817,0.4016088843345642
n01726692_1615-2,snake,A photo of a snake,0.39663413166999817,0.4016088843345642
n01726692_1615-7,snake,A photo of a snake,0.39663413166999817,0.4016088843345642
n01726692_16152-7,snake,A photo of a snake,0.4464486837387085,0.44860589504241943
n01726692_16152-8,snake,A photo of a snake,0.4464486837387085,0.44860589504241943
n01726692_1820-2,snake,A photo of a snake,0.4464486837387085,0.44860589504241943
n01726692_1820-3,snake,A photo of a snake,0.4464486837387085,0.44860589504241943
n01726692_1820-5,snake,A photo of a snake,0.4464486837387085,0.44860589504241943
n01726692_2164-2,snake,A photo of a snake,0.4464486837387085,0.44860589504241943
n01726692_2164-4,snake,A photo of a snake,0.4464486837387085,0.44860589504241943
n01726692_2164-7,snake,A photo of a snake,0.4464486837387085,0.44860589504241943
n01726692_21847-9,snake,A photo of a snake,0.40740931034088135,0.41665804386138916
n01726692_2572-10,snake,A photo of a snake,0.40740931034088135,0.41665804386138916
n01726692_2572-2,snake,A photo of a snake,0.40740931034088135,0.41665804386138916
n01726692_32233-1,snake,A photo of a snake,0.40740931034088135,0.41665804386138916
n01726692_32233-2,snake,A photo of a snake,0.40740931034088135,0.41665804386138916
n01726692_32233-3,snake,A photo of a snake,0.40740931034088135,0.41665804386138916
n01726692_3390-3,snake,A photo of a snake,0.40740931034088135,0.41665804386138916
n01726692_3390-6,snake,A photo of a snake,0.40740931034088135,0.41665804386138916
n01726692_3481-5,snake,A photo of a snake,0.3885608911514282,0.3915330469608307
n01726692_3539-4,snake,A photo of a snake,0.3885608911514282,0.3915330469608307
n01726692_3583-2,snake,A photo of a snake,0.3885608911514282,0.3915330469608307
n01726692_3583-5,snake,A photo of a snake,0.3885608911514282,0.3915330469608307
n01726692_3793-2,snake,A photo of a snake,0.3885608911514282,0.3915330469608307
n01726692_4092-4,snake,A photo of a snake,0.3885608911514282,0.3915330469608307
n01726692_4458-4,snake,A photo of a snake,0.3885608911514282,0.3915330469608307
n01726692_4479-1,snake,A photo of a snake,0.3885608911514282,0.3915330469608307
n01726692_4479-4,snake,A photo of a snake,0.4355582594871521,0.4394175112247467
n01726692_5470-5,snake,A photo of a snake,0.4355582594871521,0.4394175112247467
n01726692_5764-4,snake,A photo of a snake,0.4355582594871521,0.4394175112247467
n01726692_5764-5,snake,A photo of a snake,0.4355582594871521,0.4394175112247467
n01726692_5765-2,snake,A photo of a snake,0.4355582594871521,0.4394175112247467
n01726692_5765-4,snake,A photo of a snake,0.4355582594871521,0.4394175112247467
n01726692_67-4,snake,A photo of a snake,0.4355582594871521,0.4394175112247467
n01726692_67-6,snake,A photo of a snake,0.4355582594871521,0.4394175112247467
n01726692_7084-4,snake,A photo of a snake,0.417557030916214,0.42750120162963867
n01726692_7457-1,snake,A photo of a snake,0.417557030916214,0.42750120162963867
n01726692_7457-2,snake,A photo of a snake,0.417557030916214,0.42750120162963867
n01726692_7457-3,snake,A photo of a snake,0.417557030916214,0.42750120162963867
n01726692_7640-3,snake,A photo of a snake,0.417557030916214,0.42750120162963867
n01726692_7787-4,snake,A photo of a snake,0.417557030916214,0.42750120162963867
n01726692_7787-6,snake,A photo of a snake,0.417557030916214,0.42750120162963867
n01726692_7787-9,snake,A photo of a snake,0.417557030916214,0.42750120162963867
n01726692_7875-1,snake,A photo of a snake,0.455971896648407,0.45540472865104675
n01726692_7990-6,snake,A photo of a snake,0.455971896648407,0.45540472865104675
n01726692_80-1,snake,A photo of a snake,0.455971896648407,0.45540472865104675
n01726692_80-2,snake,A photo of a snake,0.455971896648407,0.45540472865104675
n01726692_80-6,snake,A photo of a snake,0.455971896648407,0.45540472865104675
n01726692_8692-9,snake,A photo of a snake,0.455971896648407,0.45540472865104675
n01726692_8862-5,snake,A photo of a snake,0.455971896648407,0.45540472865104675
n01726692_9056-6,snake,A photo of a snake,0.455971896648407,0.45540472865104675
n01726692_9090-1,snake,A photo of a snake,0.4133175015449524,0.4172159731388092
n01726692_9090-4,snake,A photo of a snake,0.4133175015449524,0.4172159731388092
n01726692_9144-3,snake,A photo of a snake,0.4133175015449524,0.4172159731388092
n01726692_9155-8,snake,A photo of a snake,0.4133175015449524,0.4172159731388092
n01726692_936-2,snake,A photo of a snake,0.4133175015449524,0.4172159731388092
n01729977_12355-3,snake,A photo of a snake,0.4133175015449524,0.4172159731388092
n01729977_5068-1,snake,A photo of a snake,0.4133175015449524,0.4172159731388092
n01729977_5068-4,snake,A photo of a snake,0.4133175015449524,0.4172159731388092
n01729977_6292-5,snake,A photo of a snake,0.4249705374240875,0.4279552102088928
n01729977_707-2,snake,A photo of a snake,0.4249705374240875,0.4279552102088928
n01729977_7235-4,snake,A photo of a snake,0.4249705374240875,0.4279552102088928
n01729977_7692-1,snake,A photo of a snake,0.4249705374240875,0.4279552102088928
n01729977_7874-1,snake,A photo of a snake,0.4249705374240875,0.4279552102088928
n01729977_951-2,snake,A photo of a snake,0.4249705374240875,0.4279552102088928
n01748264_12408-1,snake,A photo of a snake,0.4249705374240875,0.4279552102088928
n01748264_12408-3,snake,A photo of a snake,0.4249705374240875,0.4279552102088928
n01748264_12500-1,snake,A photo of a snake,0.40265876054763794,0.40264859795570374
n01748264_12500-4,snake,A photo of a snake,0.40265876054763794,0.40264859795570374
n01748264_13512-3,snake,A photo of a snake,0.40265876054763794,0.40264859795570374
n01748264_13512-4,snake,A photo of a snake,0.40265876054763794,0.40264859795570374
n01748264_1440-1,snake,A photo of a snake,0.40265876054763794,0.40264859795570374
n01748264_19220-3,snake,A photo of a snake,0.40265876054763794,0.40264859795570374
n01748264_19233-1,snake,A photo of a snake,0.40265876054763794,0.40264859795570374
n01748264_19233-5,snake,A photo of a snake,0.40265876054763794,0.40264859795570374
n01748264_3029-1,snake,A photo of a snake,0.42416030168533325,0.42977017164230347
n01748264_3029-6,snake,A photo of a snake,0.42416030168533325,0.42977017164230347
n01748264_3220-1,snake,A photo of a snake,0.42416030168533325,0.42977017164230347
n01748264_4654-2,snake,A photo of a snake,0.42416030168533325,0.42977017164230347
n01748264_4654-5,snake,A photo of a snake,0.42416030168533325,0.42977017164230347
n01752165_11267-5,snake,A photo of a snake,0.42416030168533325,0.42977017164230347
n01752165_1288-6,snake,A photo of a snake,0.42416030168533325,0.42977017164230347
n01752165_3259-1,snake,A photo of a snake,0.42416030168533325,0.42977017164230347
n01752165_9941-2,snake,A photo of a snake,0.41735678911209106,0.41830581426620483
n01752165_9941-4,snake,A photo of a snake,0.41735678911209106,0.41830581426620483
n01527347_15880-1,songbird,A photo of a songbird,0.41735678911209106,0.41830581426620483
n01527347_16730-5,songbird,A photo of a songbird,0.41735678911209106,0.41830581426620483
n01527347_17690-1,songbird,A photo of a songbird,0.41735678911209106,0.41830581426620483
n01527347_17690-2,songbird,A photo of a songbird,0.41735678911209106,0.41830581426620483
n01527347_17690-3,songbird,A photo of a songbird,0.41735678911209106,0.41830581426620483
n01527347_21096-1,songbird,A photo of a songbird,0.41735678911209106,0.41830581426620483
n01530575_10050-1,songbird,A photo of a songbird,0.40723955631256104,0.40679508447647095
n01530575_10050-3,songbird,A photo of a songbird,0.40723955631256104,0.40679508447647095
n01530575_10050-5,songbird,A photo of a songbird,0.40723955631256104,0.40679508447647095
n01530575_10073-3,songbird,A photo of a songbird,0.40723955631256104,0.40679508447647095
n01530575_10613-5,songbird,A photo of a songbird,0.40723955631256104,0.40679508447647095
n01530575_1153-2,songbird,A photo of a songbird,0.40723955631256104,0.40679508447647095
n01530575_1153-3,songbird,A photo of a songbird,0.40723955631256104,0.40679508447647095
n01530575_1534-3,songbird,A photo of a songbird,0.40723955631256104,0.40679508447647095
n01530575_1534-4,songbird,A photo of a songbird,0.38597291707992554,0.3857051730155945
n01530575_509-3,songbird,A photo of a songbird,0.38597291707992554,0.3857051730155945
n01530575_6331-3,songbird,A photo of a songbird,0.38597291707992554,0.3857051730155945
n01531178_13560-1,songbird,A photo of a songbird,0.38597291707992554,0.3857051730155945
n01531178_2861-4,songbird,A photo of a songbird,0.38597291707992554,0.3857051730155945
n01531178_5255-1,songbird,A photo of a songbird,0.38597291707992554,0.3857051730155945
n01531178_6171-2,songbird,A photo of a songbird,0.38597291707992554,0.3857051730155945
n01532829_1097-1,songbird,A photo of a songbird,0.38597291707992554,0.3857051730155945
n01532829_1097-2,songbird,A photo of a songbird,0.4322957396507263,0.4334094226360321
n01532829_1097-4,songbird,A photo of a songbird,0.4322957396507263,0.4334094226360321
n01532829_2171-4,songbird,A photo of a songbird,0.4322957396507263,0.4334094226360321
n01532829_2247-2,songbird,A photo of a songbird,0.4322957396507263,0.4334094226360321
n01532829_2247-3,songbird,A photo of a songbird,0.4322957396507263,0.4334094226360321
n01532829_2807-3,songbird,A photo of a songbird,0.4322957396507263,0.4334094226360321
n01532829_2807-4,songbird,A photo of a songbird,0.4322957396507263,0.4334094226360321
n01532829_5832-1,songbird,A photo of a songbird,0.4322957396507263,0.4334094226360321
n01532829_5832-2,songbird,A photo of a songbird,0.4130970239639282,0.41230684518814087
n01534433_1271-4,songbird,A photo of a songbird,0.4130970239639282,0.41230684518814087
n01534433_15250-2,songbird,A photo of a songbird,0.4130970239639282,0.41230684518814087
n01534433_15250-5,songbird,A photo of a songbird,0.4130970239639282,0.41230684518814087
n01534433_15432-2,songbird,A photo of a songbird,0.4130970239639282,0.41230684518814087
n01534433_5210-2,songbird,A photo of a songbird,0.4130970239639282,0.41230684518814087
n01534433_5527-4,songbird,A photo of a songbird,0.4130970239639282,0.41230684518814087
n01534433_5774-3,songbird,A photo of a songbird,0.4130970239639282,0.41230684518814087
n01534433_5961-1,songbird,A photo of a songbird,0.4142487943172455,0.41840726137161255
n01534433_9925-4,songbird,A photo of a songbird,0.4142487943172455,0.41840726137161255
n01537544_212-5,songbird,A photo of a songbird,0.4142487943172455,0.41840726137161255
n01537544_4451-2,songbird,A photo of a songbird,0.4142487943172455,0.41840726137161255
n01537544_4451-3,songbird,A photo of a songbird,0.4142487943172455,0.41840726137161255
n01537544_6387-3,songbird,A photo of a songbird,0.4142487943172455,0.41840726137161255
n01537544_9801-3,songbird,A photo of a songbird,0.4142487943172455,0.41840726137161255
n01558993_10268-4,songbird,A photo of a songbird,0.4142487943172455,0.41840726137161255
n01558993_16414-3,songbird,A photo of a songbird,0.40972745418548584,0.4124275743961334
n01558993_16414-4,songbird,A photo of a songbird,0.40972745418548584,0.4124275743961334
n01558993_19075-5,songbird,A photo of a songbird,0.40972745418548584,0.4124275743961334
n01558993_19957-4,songbird,A photo of a songbird,0.40972745418548584,0.4124275743961334
n01558993_2370-4,songbird,A photo of a songbird,0.40972745418548584,0.4124275743961334
n01569566_1978-1,songbird,A photo of a songbird,0.40972745418548584,0.4124275743961334
n01569566_1978-5,songbird,A photo of a songbird,0.40972745418548584,0.4124275743961334
n01569566_5228-1,songbird,A photo of a songbird,0.40972745418548584,0.4124275743961334
n01569566_5228-5,songbird,A photo of a songbird,0.37945741415023804,0.38075917959213257
n01569566_5253-4,songbird,A photo of a songbird,0.37945741415023804,0.38075917959213257
n01569566_5257-2,songbird,A photo of a songbird,0.37945741415023804,0.38075917959213257
n01592084_1380-2,songbird,A photo of a songbird,0.37945741415023804,0.38075917959213257
n01592084_2320-4,songbird,A photo of a songbird,0.37945741415023804,0.38075917959213257
n01592084_5425-1,songbird,A photo of a songbird,0.37945741415023804,0.38075917959213257
n01592084_5425-2,songbird,A photo of a songbird,0.37945741415023804,0.38075917959213257
n01592084_5425-8,songbird,A photo of a songbird,0.37945741415023804,0.38075917959213257
n01592084_5666-2,songbird,A photo of a songbird,0.3700821101665497,0.3709322512149811
n01592084_5666-3,songbird,A photo of a songbird,0.3700821101665497,0.3709322512149811
n01594787_11093-1,songbird,A photo of a songbird,0.3700821101665497,0.3709322512149811
n01594787_11093-2,songbird,A photo of a songbird,0.3700821101665497,0.3709322512149811
n01594787_11453-1,songbird,A photo of a songbird,0.3700821101665497,0.3709322512149811
n01594787_11525-5,songbird,A photo of a songbird,0.3700821101665497,0.3709322512149811
n01594787_13577-3,songbird,A photo of a songbird,0.3700821101665497,0.3709322512149811
n01594787_13738-3,songbird,A photo of a songbird,0.3700821101665497,0.3709322512149811
n01594787_14138-5,songbird,A photo of a songbird,0.3773232698440552,0.3794829547405243
n01594787_3431-1,songbird,A photo of a songbird,0.3773232698440552,0.3794829547405243
n01594787_3431-3,songbird,A photo of a songbird,0.3773232698440552,0.3794829547405243
n01594787_3431-4,songbird,A photo of a songbird,0.3773232698440552,0.3794829547405243
n01594787_3431-5,songbird,A photo of a songbird,0.3773232698440552,0.3794829547405243
n01594787_4656-2,songbird,A photo of a songbird,0.3773232698440552,0.3794829547405243
n01594787_4656-4,songbird,A photo of a songbird,0.3773232698440552,0.3794829547405243
n01594787_4761-1,songbird,A photo of a songbird,0.3773232698440552,0.3794829547405243
n01594787_4761-2,songbird,A photo of a songbird,0.4232892394065857,0.42467084527015686
n01594787_4761-5,songbird,A photo of a songbird,0.4232892394065857,0.42467084527015686
n01594787_7027-2,songbird,A photo of a songbird,0.4232892394065857,0.42467084527015686
n01594787_7027-3,songbird,A photo of a songbird,0.4232892394065857,0.42467084527015686
n01594787_9656-3,songbird,A photo of a songbird,0.4232892394065857,0.42467084527015686
n01772222_10534-3,spider,A photo of a spider,0.4232892394065857,0.42467084527015686
n01772222_10643-1,spider,A photo of a spider,0.4232892394065857,0.42467084527015686
n01772222_10676-5,spider,A photo of a spider,0.4232892394065857,0.42467084527015686
n01772222_10689-3,spider,A photo of a spider,0.4661900997161865,0.47350427508354187
n01772222_10813-4,spider,A photo of a spider,0.4661900997161865,0.47350427508354187
n01772222_10890-1,spider,A photo of a spider,0.4661900997161865,0.47350427508354187
n01772222_10925-10,spider,A photo of a spider,0.4661900997161865,0.47350427508354187
n01772222_11046-1,spider,A photo of a spider,0.4661900997161865,0.47350427508354187
n01772222_11046-5,spider,A photo of a spider,0.4661900997161865,0.47350427508354187
n01772222_11150-3,spider,A photo of a spider,0.4661900997161865,0.47350427508354187
n01772222_11253-1,spider,A photo of a spider,0.4661900997161865,0.47350427508354187
n01772222_11253-2,spider,A photo of a spider,0.43557730317115784,0.4348316788673401
n01772222_11621-12,spider,A photo of a spider,0.43557730317115784,0.4348316788673401
n01772222_11817-4,spider,A photo of a spider,0.43557730317115784,0.4348316788673401
n01772222_11936-4,spider,A photo of a spider,0.43557730317115784,0.4348316788673401
n01772222_12069-5,spider,A photo of a spider,0.43557730317115784,0.4348316788673401
n01772222_12097-5,spider,A photo of a spider,0.43557730317115784,0.4348316788673401
n01772222_12352-5,spider,A photo of a spider,0.43557730317115784,0.4348316788673401
n01772222_12437-4,spider,A photo of a spider,0.43557730317115784,0.4348316788673401
n01772222_12513-2,spider,A photo of a spider,0.42313599586486816,0.42843231558799744
n01772222_12814-1,spider,A photo of a spider,0.42313599586486816,0.42843231558799744
n01772222_12924-3,spider,A photo of a spider,0.42313599586486816,0.42843231558799744
n01772222_12924-5,spider,A photo of a spider,0.42313599586486816,0.42843231558799744
n01772222_12992-4,spider,A photo of a spider,0.42313599586486816,0.42843231558799744
n01772222_1393-4,spider,A photo of a spider,0.42313599586486816,0.42843231558799744
n01772222_1552-8,spider,A photo of a spider,0.42313599586486816,0.42843231558799744
n01772222_1650-2,spider,A photo of a spider,0.42313599586486816,0.42843231558799744
n01772222_1650-7,spider,A photo of a spider,0.4584338665008545,0.4609605371952057
n01772222_17149-1,spider,A photo of a spider,0.4584338665008545,0.4609605371952057
n01772222_2420-7,spider,A photo of a spider,0.4584338665008545,0.4609605371952057
n01772222_2857-3,spider,A photo of a spider,0.4584338665008545,0.4609605371952057
n01772222_2857-6,spider,A photo of a spider,0.4584338665008545,0.4609605371952057
n01772222_2892-6,spider,A photo of a spider,0.4584338665008545,0.4609605371952057
n01772222_3092-1,spider,A photo of a spider,0.4584338665008545,0.4609605371952057
n01772222_3092-2,spider,A photo of a spider,0.4584338665008545,0.4609605371952057
n01772222_3115-2,spider,A photo of a spider,0.43225234746932983,0.4351378381252289
n01772222_3282-1,spider,A photo of a spider,0.43225234746932983,0.4351378381252289
n01772222_3430-3,spider,A photo of a spider,0.43225234746932983,0.4351378381252289
n01772222_3486-5,spider,A photo of a spider,0.43225234746932983,0.4351378381252289
n01772222_3558-6,spider,A photo of a spider,0.43225234746932983,0.4351378381252289
n01772222_4398-2,spider,A photo of a spider,0.43225234746932983,0.4351378381252289
n01772222_4477-1,spider,A photo of a spider,0.43225234746932983,0.4351378381252289
n01772222_4477-2,spider,A photo of a spider,0.43225234746932983,0.4351378381252289
n01772222_5364-4,spider,A photo of a spider,0.43522363901138306,0.4376707077026367
n01772222_5771-4,spider,A photo of a spider,0.43522363901138306,0.4376707077026367
n01772222_5782-7,spider,A photo of a spider,0.43522363901138306,0.4376707077026367
n01772222_5789-4,spider,A photo of a spider,0.43522363901138306,0.4376707077026367
n01772222_5808-6,spider,A photo of a spider,0.43522363901138306,0.4376707077026367
n01772222_6010-5,spider,A photo of a spider,0.43522363901138306,0.4376707077026367
n01772222_6223-1,spider,A photo of a spider,0.43522363901138306,0.4376707077026367
n01772222_6223-2,spider,A photo of a spider,0.43522363901138306,0.4376707077026367
n01772222_6379-1,spider,A photo of a spider,0.43877652287483215,0.43519747257232666
n01772222_7055-1,spider,A photo of a spider,0.43877652287483215,0.43519747257232666
n01772222_708-1,spider,A photo of a spider,0.43877652287483215,0.43519747257232666
n01772222_708-3,spider,A photo of a spider,0.43877652287483215,0.43519747257232666
n01772222_7188-4,spider,A photo of a spider,0.43877652287483215,0.43519747257232666
n01772222_7570-6,spider,A photo of a spider,0.43877652287483215,0.43519747257232666
n01772222_7933-4,spider,A photo of a spider,0.43877652287483215,0.43519747257232666
n01772222_7933-5,spider,A photo of a spider,0.43877652287483215,0.43519747257232666
n01772222_7966-3,spider,A photo of a spider,0.40797844529151917,0.41229483485221863
n01772222_7966-6,spider,A photo of a spider,0.40797844529151917,0.41229483485221863
n01772222_8205-2,spider,A photo of a spider,0.40797844529151917,0.41229483485221863
n01772222_8412-1,spider,A photo of a spider,0.40797844529151917,0.41229483485221863
n01772222_8541-1,spider,A photo of a spider,0.40797844529151917,0.41229483485221863
n01772222_8541-2,spider,A photo of a spider,0.40797844529151917,0.41229483485221863
n01772222_8911-1,spider,A photo of a spider,0.40797844529151917,0.41229483485221863
n01772222_8911-3,spider,A photo of a spider,0.40797844529151917,0.41229483485221863
n01772222_8911-5,spider,A photo of a spider,0.42852312326431274,0.4353711009025574
n01772222_8951-1,spider,A photo of a spider,0.42852312326431274,0.4353711009025574
n01772222_8951-7,spider,A photo of a spider,0.42852312326431274,0.4353711009025574
n01772222_9039-3,spider,A photo of a spider,0.42852312326431274,0.4353711009025574
n01772222_9039-5,spider,A photo of a spider,0.42852312326431274,0.4353711009025574
n03633091_12699-3,spoon,A photo of a spoon,0.42852312326431274,0.4353711009025574
n03633091_12699-4,spoon,A photo of a spoon,0.42852312326431274,0.4353711009025574
n03633091_1273-1,spoon,A photo of a spoon,0.42852312326431274,0.4353711009025574
n03633091_12795-1,spoon,A photo of a spoon,0.4735274910926819,0.47874540090560913
n03633091_12914-2,spoon,A photo of a spoon,0.4735274910926819,0.47874540090560913
n03633091_12914-5,spoon,A photo of a spoon,0.4735274910926819,0.47874540090560913
n03633091_13291-1,spoon,A photo of a spoon,0.4735274910926819,0.47874540090560913
n03633091_13291-5,spoon,A photo of a spoon,0.4735274910926819,0.47874540090560913
n03633091_13722-2,spoon,A photo of a spoon,0.4735274910926819,0.47874540090560913
n03633091_13757-1,spoon,A photo of a spoon,0.4735274910926819,0.47874540090560913
n03633091_13757-6,spoon,A photo of a spoon,0.4735274910926819,0.47874540090560913
n03633091_14117-1,spoon,A photo of a spoon,0.42483973503112793,0.42652627825737
n03633091_14117-3,spoon,A photo of a spoon,0.42483973503112793,0.42652627825737
n03633091_14117-4,spoon,A photo of a spoon,0.42483973503112793,0.42652627825737
n03633091_14178-4,spoon,A photo of a spoon,0.42483973503112793,0.42652627825737
n03633091_14178-5,spoon,A photo of a spoon,0.42483973503112793,0.42652627825737
n03633091_14746-2,spoon,A photo of a spoon,0.42483973503112793,0.42652627825737
n03633091_15236-1,spoon,A photo of a spoon,0.42483973503112793,0.42652627825737
n03633091_15277-5,spoon,A photo of a spoon,0.42483973503112793,0.42652627825737
n03633091_15372-6,spoon,A photo of a spoon,0.3947540521621704,0.40246546268463135
n03633091_16110-3,spoon,A photo of a spoon,0.3947540521621704,0.40246546268463135
n03633091_16515-5,spoon,A photo of a spoon,0.3947540521621704,0.40246546268463135
n03633091_16991-2,spoon,A photo of a spoon,0.3947540521621704,0.40246546268463135
n03633091_17337-2,spoon,A photo of a spoon,0.3947540521621704,0.40246546268463135
n03633091_17337-3,spoon,A photo of a spoon,0.3947540521621704,0.40246546268463135
n03633091_17704-1,spoon,A photo of a spoon,0.3947540521621704,0.40246546268463135
n03633091_19425-3,spoon,A photo of a spoon,0.3947540521621704,0.40246546268463135
n04284002_12943-3,spoon,A photo of a spoon,0.4249124526977539,0.4298398494720459
n04284002_14813-5,spoon,A photo of a spoon,0.4249124526977539,0.4298398494720459
n04284002_17094-3,spoon,A photo of a spoon,0.4249124526977539,0.4298398494720459
n04284002_17486-2,spoon,A photo of a spoon,0.4249124526977539,0.4298398494720459
n04284002_17736-4,spoon,A photo of a spoon,0.4249124526977539,0.4298398494720459
n04284002_18149-2,spoon,A photo of a spoon,0.4249124526977539,0.4298398494720459
n04284002_19954-5,spoon,A photo of a spoon,0.4249124526977539,0.4298398494720459
n04284002_3743-3,spoon,A photo of a spoon,0.4249124526977539,0.4298398494720459
n04284002_396-1,spoon,A photo of a spoon,0.40709060430526733,0.4118134379386902
n04284002_396-2,spoon,A photo of a spoon,0.40709060430526733,0.4118134379386902
n04284002_396-3,spoon,A photo of a spoon,0.40709060430526733,0.4118134379386902
n04284002_9249-1,spoon,A photo of a spoon,0.40709060430526733,0.4118134379386902
n04284002_9249-2,spoon,A photo of a spoon,0.40709060430526733,0.4118134379386902
n04284002_9249-4,spoon,A photo of a spoon,0.40709060430526733,0.4118134379386902
n04284002_9543-1,spoon,A photo of a spoon,0.40709060430526733,0.4118134379386902
n04284002_9543-3,spoon,A photo of a spoon,0.40709060430526733,0.4118134379386902
n04350769_13090-4,spoon,A photo of a spoon,0.4669460356235504,0.47467273473739624
n04350769_13090-5,spoon,A photo of a spoon,0.4669460356235504,0.47467273473739624
n04350769_1822-5,spoon,A photo of a spoon,0.4669460356235504,0.47467273473739624
n04350769_2841-4,spoon,A photo of a spoon,0.4669460356235504,0.47467273473739624
n04350769_5570-4,spoon,A photo of a spoon,0.4669460356235504,0.47467273473739624
n04350769_5597-5,spoon,A photo of a spoon,0.4669460356235504,0.47467273473739624
n04350769_5715-2,spoon,A photo of a spoon,0.4669460356235504,0.47467273473739624
n04350769_5916-3,spoon,A photo of a spoon,0.4669460356235504,0.47467273473739624
n04350769_6642-2,spoon,A photo of a spoon,0.4430277347564697,0.45053741335868835
n04350769_6642-3,spoon,A photo of a spoon,0.4430277347564697,0.45053741335868835
n04350769_6642-5,spoon,A photo of a spoon,0.4430277347564697,0.45053741335868835
n04597913_1017-4,spoon,A photo of a spoon,0.4430277347564697,0.45053741335868835
n04597913_1665-1,spoon,A photo of a spoon,0.4430277347564697,0.45053741335868835
n04597913_1665-2,spoon,A photo of a spoon,0.4430277347564697,0.45053741335868835
n04597913_1886-3,spoon,A photo of a spoon,0.4430277347564697,0.45053741335868835
n04597913_1886-4,spoon,A photo of a spoon,0.4430277347564697,0.45053741335868835
n04597913_204-5,spoon,A photo of a spoon,0.4326593577861786,0.43960702419281006
n04597913_3435-4,spoon,A photo of a spoon,0.4326593577861786,0.43960702419281006
n04597913_3444-1,spoon,A photo of a spoon,0.4326593577861786,0.43960702419281006
n04597913_3444-3,spoon,A photo of a spoon,0.4326593577861786,0.43960702419281006
n04597913_3518-1,spoon,A photo of a spoon,0.4326593577861786,0.43960702419281006
n04597913_3731-5,spoon,A photo of a spoon,0.4326593577861786,0.43960702419281006
n04597913_3831-4,spoon,A photo of a spoon,0.4326593577861786,0.43960702419281006
n04597913_3831-5,spoon,A photo of a spoon,0.4326593577861786,0.43960702419281006
n04597913_4367-1,spoon,A photo of a spoon,0.42944931983947754,0.4339185357093811
n04597913_4367-4,spoon,A photo of a spoon,0.42944931983947754,0.4339185357093811
n04597913_4673-4,spoon,A photo of a spoon,0.42944931983947754,0.4339185357093811
n04597913_4862-3,spoon,A photo of a spoon,0.42944931983947754,0.4339185357093811
n04597913_4862-4,spoon,A photo of a spoon,0.42944931983947754,0.4339185357093811
n04597913_502-3,spoon,A photo of a spoon,0.42944931983947754,0.4339185357093811
n04597913_5286-2,spoon,A photo of a spoon,0.42944931983947754,0.4339185357093811
n04597913_5572-4,spoon,A photo of a spoon,0.42944931983947754,0.4339185357093811
n04597913_570-2,spoon,A photo of a spoon,0.4611550569534302,0.465888112783432
n04597913_570-4,spoon,A photo of a spoon,0.4611550569534302,0.465888112783432
n04597913_598-5,spoon,A photo of a spoon,0.4611550569534302,0.465888112783432
n04597913_598-6,spoon,A photo of a spoon,0.4611550569534302,0.465888112783432
n04597913_6066-3,spoon,A photo of a spoon,0.4611550569534302,0.465888112783432
n04597913_6066-5,spoon,A photo of a spoon,0.4611550569534302,0.465888112783432
n04597913_769-2,spoon,A photo of a spoon,0.4611550569534302,0.465888112783432
n04597913_907-3,spoon,A photo of a spoon,0.4611550569534302,0.465888112783432
n04597913_982-3,spoon,A photo of a spoon,0.39985305070877075,0.398018479347229
n02355227_1097-1,squirrel,A photo of a squirrel,0.39985305070877075,0.398018479347229
n02355227_1097-2,squirrel,A photo of a squirrel,0.39985305070877075,0.398018479347229
n02355227_1097-6,squirrel,A photo of a squirrel,0.39985305070877075,0.398018479347229
n02355227_1097-7,squirrel,A photo of a squirrel,0.39985305070877075,0.398018479347229
n02355227_11696-6,squirrel,A photo of a squirrel,0.39985305070877075,0.398018479347229
n02355227_12118-7,squirrel,A photo of a squirrel,0.39985305070877075,0.398018479347229
n02355227_12135-8,squirrel,A photo of a squirrel,0.39985305070877075,0.398018479347229
n02355227_12158-6,squirrel,A photo of a squirrel,0.37930113077163696,0.38316577672958374
n02355227_12313-2,squirrel,A photo of a squirrel,0.37930113077163696,0.38316577672958374
n02355227_12333-5,squirrel,A photo of a squirrel,0.37930113077163696,0.38316577672958374
n02355227_12339-1,squirrel,A photo of a squirrel,0.37930113077163696,0.38316577672958374
n02355227_12339-2,squirrel,A photo of a squirrel,0.37930113077163696,0.38316577672958374
n02355227_12357-1,squirrel,A photo of a squirrel,0.37930113077163696,0.38316577672958374
n02355227_12357-2,squirrel,A photo of a squirrel,0.37930113077163696,0.38316577672958374
n02355227_12464-6,squirrel,A photo of a squirrel,0.37930113077163696,0.38316577672958374
n02355227_12577-2,squirrel,A photo of a squirrel,0.36696988344192505,0.368560254573822
n02355227_12577-3,squirrel,A photo of a squirrel,0.36696988344192505,0.368560254573822
n02355227_12764-10,squirrel,A photo of a squirrel,0.36696988344192505,0.368560254573822
n02355227_13077-2,squirrel,A photo of a squirrel,0.36696988344192505,0.368560254573822
n02355227_132-1,squirrel,A photo of a squirrel,0.36696988344192505,0.368560254573822
n02355227_132-8,squirrel,A photo of a squirrel,0.36696988344192505,0.368560254573822
n02355227_132-9,squirrel,A photo of a squirrel,0.36696988344192505,0.368560254573822
n02355227_13315-2,squirrel,A photo of a squirrel,0.36696988344192505,0.368560254573822
n02355227_13382-1,squirrel,A photo of a squirrel,0.36496609449386597,0.36776649951934814
n02355227_13400-1,squirrel,A photo of a squirrel,0.36496609449386597,0.36776649951934814
n02355227_13400-6,squirrel,A photo of a squirrel,0.36496609449386597,0.36776649951934814
n02355227_13453-9,squirrel,A photo of a squirrel,0.36496609449386597,0.36776649951934814
n02355227_13483-4,squirrel,A photo of a squirrel,0.36496609449386597,0.36776649951934814
n02355227_13530-2,squirrel,A photo of a squirrel,0.36496609449386597,0.36776649951934814
n02355227_13530-3,squirrel,A photo of a squirrel,0.36496609449386597,0.36776649951934814
n02355227_13541-1,squirrel,A photo of a squirrel,0.36496609449386597,0.36776649951934814
n02355227_13541-2,squirrel,A photo of a squirrel,0.4082848131656647,0.4107500910758972
n02355227_13575-1,squirrel,A photo of a squirrel,0.4082848131656647,0.4107500910758972
n02355227_13575-10,squirrel,A photo of a squirrel,0.4082848131656647,0.4107500910758972
n02355227_13575-3,squirrel,A photo of a squirrel,0.4082848131656647,0.4107500910758972
n02355227_13575-4,squirrel,A photo of a squirrel,0.4082848131656647,0.4107500910758972
n02355227_13575-7,squirrel,A photo of a squirrel,0.4082848131656647,0.4107500910758972
n02355227_13577-1,squirrel,A photo of a squirrel,0.4082848131656647,0.4107500910758972
n02355227_13577-3,squirrel,A photo of a squirrel,0.4082848131656647,0.4107500910758972
n02355227_13577-5,squirrel,A photo of a squirrel,0.3740977644920349,0.3713732659816742
n02355227_13577-6,squirrel,A photo of a squirrel,0.3740977644920349,0.3713732659816742
n02355227_13619-3,squirrel,A photo of a squirrel,0.3740977644920349,0.3713732659816742
n02355227_13619-4,squirrel,A photo of a squirrel,0.3740977644920349,0.3713732659816742
n02355227_13651-4,squirrel,A photo of a squirrel,0.3740977644920349,0.3713732659816742
n02355227_13651-5,squirrel,A photo of a squirrel,0.3740977644920349,0.3713732659816742
n02355227_14128-4,squirrel,A photo of a squirrel,0.3740977644920349,0.3713732659816742
n02355227_14150-3,squirrel,A photo of a squirrel,0.3740977644920349,0.3713732659816742
n02355227_14150-8,squirrel,A photo of a squirrel,0.4029355049133301,0.4047221541404724
n02355227_14224-6,squirrel,A photo of a squirrel,0.4029355049133301,0.4047221541404724
n02355227_14506-3,squirrel,A photo of a squirrel,0.4029355049133301,0.4047221541404724
n02355227_14513-2,squirrel,A photo of a squirrel,0.4029355049133301,0.4047221541404724
n02355227_14599-7,squirrel,A photo of a squirrel,0.4029355049133301,0.4047221541404724
n02355227_14612-7,squirrel,A photo of a squirrel,0.4029355049133301,0.4047221541404724
n02355227_14643-4,squirrel,A photo of a squirrel,0.4029355049133301,0.4047221541404724
n02355227_14685-4,squirrel,A photo of a squirrel,0.4029355049133301,0.4047221541404724
n02355227_14807-6,squirrel,A photo of a squirrel,0.4281475245952606,0.4276632070541382
n02355227_14850-5,squirrel,A photo of a squirrel,0.4281475245952606,0.4276632070541382
n02355227_14850-7,squirrel,A photo of a squirrel,0.4281475245952606,0.4276632070541382
n02355227_14850-9,squirrel,A photo of a squirrel,0.4281475245952606,0.4276632070541382
n02355227_15129-2,squirrel,A photo of a squirrel,0.4281475245952606,0.4276632070541382
n02355227_15209-2,squirrel,A photo of a squirrel,0.4281475245952606,0.4276632070541382
n02355227_15240-6,squirrel,A photo of a squirrel,0.4281475245952606,0.4276632070541382
n02355227_15240-7,squirrel,A photo of a squirrel,0.4281475245952606,0.4276632070541382
n02355227_15402-7,squirrel,A photo of a squirrel,0.3759046196937561,0.37723881006240845
n02355227_15402-8,squirrel,A photo of a squirrel,0.3759046196937561,0.37723881006240845
n02355227_15478-7,squirrel,A photo of a squirrel,0.3759046196937561,0.37723881006240845
n02355227_15505-3,squirrel,A photo of a squirrel,0.3759046196937561,0.37723881006240845
n02355227_15505-5,squirrel,A photo of a squirrel,0.3759046196937561,0.37723881006240845
n02355227_15525-1,squirrel,A photo of a squirrel,0.3759046196937561,0.37723881006240845
n02355227_15525-2,squirrel,A photo of a squirrel,0.3759046196937561,0.37723881006240845
n02355227_15550-1,squirrel,A photo of a squirrel,0.3759046196937561,0.37723881006240845
n02355227_15550-6,squirrel,A photo of a squirrel,0.4043385982513428,0.40728625655174255
n02355227_15589-5,squirrel,A photo of a squirrel,0.4043385982513428,0.40728625655174255
n02355227_15662-5,squirrel,A photo of a squirrel,0.4043385982513428,0.40728625655174255
n02355227_15817-2,squirrel,A photo of a squirrel,0.4043385982513428,0.40728625655174255
n02355227_15817-6,squirrel,A photo of a squirrel,0.4043385982513428,0.40728625655174255
n02355227_15897-4,squirrel,A photo of a squirrel,0.4043385982513428,0.40728625655174255
n02355227_2716-7,squirrel,A photo of a squirrel,0.4043385982513428,0.40728625655174255
n02355227_2716-8,squirrel,A photo of a squirrel,0.4043385982513428,0.40728625655174255
n02355227_344-3,squirrel,A photo of a squirrel,0.41493597626686096,0.41738176345825195
n02355227_4765-3,squirrel,A photo of a squirrel,0.41493597626686096,0.41738176345825195
n02355227_6434-1,squirrel,A photo of a squirrel,0.41493597626686096,0.41738176345825195
n02355227_7136-1,squirrel,A photo of a squirrel,0.41493597626686096,0.41738176345825195
n02355227_8586-4,squirrel,A photo of a squirrel,0.41493597626686096,0.41738176345825195
n02355227_870-2,squirrel,A photo of a squirrel,0.41493597626686096,0.41738176345825195
n02317335_10235-3,starfish,A photo of a starfish,0.41493597626686096,0.41738176345825195
n02317335_11428-2,starfish,A photo of a starfish,0.41493597626686096,0.41738176345825195
n02317335_11428-3,starfish,A photo of a starfish,0.4226152300834656,0.43644487857818604
n02317335_11518-5,starfish,A photo of a starfish,0.4226152300834656,0.43644487857818604
n02317335_1271-4,starfish,A photo of a starfish,0.4226152300834656,0.43644487857818604
n02317335_1406-2,starfish,A photo of a starfish,0.4226152300834656,0.43644487857818604
n02317335_1406-4,starfish,A photo of a starfish,0.4226152300834656,0.43644487857818604
n02317335_15634-2,starfish,A photo of a starfish,0.4226152300834656,0.43644487857818604
n02317335_15634-3,starfish,A photo of a starfish,0.4226152300834656,0.43644487857818604
n02317335_16276-1,starfish,A photo of a starfish,0.4226152300834656,0.43644487857818604
n02317335_1678-4,starfish,A photo of a starfish,0.4375695288181305,0.44068673253059387
n02317335_17097-4,starfish,A photo of a starfish,0.4375695288181305,0.44068673253059387
n02317335_17188-5,starfish,A photo of a starfish,0.4375695288181305,0.44068673253059387
n02317335_17720-4,starfish,A photo of a starfish,0.4375695288181305,0.44068673253059387
n02317335_17720-7,starfish,A photo of a starfish,0.4375695288181305,0.44068673253059387
n02317335_17724-1,starfish,A photo of a starfish,0.4375695288181305,0.44068673253059387
n02317335_17724-4,starfish,A photo of a starfish,0.4375695288181305,0.44068673253059387
n02317335_1872-2,starfish,A photo of a starfish,0.4375695288181305,0.44068673253059387
n02317335_1872-5,starfish,A photo of a starfish,0.4110504984855652,0.42249542474746704
n02317335_18856-2,starfish,A photo of a starfish,0.4110504984855652,0.42249542474746704
n02317335_18856-4,starfish,A photo of a starfish,0.4110504984855652,0.42249542474746704
n02317335_1892-6,starfish,A photo of a starfish,0.4110504984855652,0.42249542474746704
n02317335_19318-1,starfish,A photo of a starfish,0.4110504984855652,0.42249542474746704
n02317335_19318-6,starfish,A photo of a starfish,0.4110504984855652,0.42249542474746704
n02317335_19633-2,starfish,A photo of a starfish,0.4110504984855652,0.42249542474746704
n02317335_19633-3,starfish,A photo of a starfish,0.4110504984855652,0.42249542474746704
n02317335_19663-1,starfish,A photo of a starfish,0.4415690302848816,0.45258569717407227
n02317335_20150-4,starfish,A photo of a starfish,0.4415690302848816,0.45258569717407227
n02317335_20828-2,starfish,A photo of a starfish,0.4415690302848816,0.45258569717407227
n02317335_20948-5,starfish,A photo of a starfish,0.4415690302848816,0.45258569717407227
n02317335_21638-3,starfish,A photo of a starfish,0.4415690302848816,0.45258569717407227
n02317335_22314-2,starfish,A photo of a starfish,0.4415690302848816,0.45258569717407227
n02317335_22314-4,starfish,A photo of a starfish,0.4415690302848816,0.45258569717407227
n02317335_22724-1,starfish,A photo of a starfish,0.4415690302848816,0.45258569717407227
n02317335_23044-1,starfish,A photo of a starfish,0.3943556547164917,0.41152387857437134
n02317335_2344-2,starfish,A photo of a starfish,0.3943556547164917,0.41152387857437134
n02317335_24291-4,starfish,A photo of a starfish,0.3943556547164917,0.41152387857437134
n02317335_24689-1,starfish,A photo of a starfish,0.3943556547164917,0.41152387857437134
n02317335_283-2,starfish,A photo of a starfish,0.3943556547164917,0.41152387857437134
n02317335_283-5,starfish,A photo of a starfish,0.3943556547164917,0.41152387857437134
n02317335_2966-3,starfish,A photo of a starfish,0.3943556547164917,0.41152387857437134
n02317335_30470-3,starfish,A photo of a starfish,0.3943556547164917,0.41152387857437134
n02317335_30470-4,starfish,A photo of a starfish,0.44697698950767517,0.4591989517211914
n02317335_30470-5,starfish,A photo of a starfish,0.44697698950767517,0.4591989517211914
n02317335_31911-2,starfish,A photo of a starfish,0.44697698950767517,0.4591989517211914
n02317335_31911-3,starfish,A photo of a starfish,0.44697698950767517,0.4591989517211914
n02317335_3296-2,starfish,A photo of a starfish,0.44697698950767517,0.4591989517211914
n02317335_3296-3,starfish,A photo of a starfish,0.44697698950767517,0.4591989517211914
n02317335_3939-5,starfish,A photo of a starfish,0.44697698950767517,0.4591989517211914
n02317335_4046-4,starfish,A photo of a starfish,0.44697698950767517,0.4591989517211914
n02317335_4167-3,starfish,A photo of a starfish,0.40037137269973755,0.4151092767715454
n02317335_417-3,starfish,A photo of a starfish,0.40037137269973755,0.4151092767715454
n02317335_417-5,starfish,A photo of a starfish,0.40037137269973755,0.4151092767715454
n02317335_4535-3,starfish,A photo of a starfish,0.40037137269973755,0.4151092767715454
n02317335_4564-3,starfish,A photo of a starfish,0.40037137269973755,0.4151092767715454
n02317335_4564-5,starfish,A photo of a starfish,0.40037137269973755,0.4151092767715454
n02317335_5339-3,starfish,A photo of a starfish,0.40037137269973755,0.4151092767715454
n02317335_572-1,starfish,A photo of a starfish,0.40037137269973755,0.4151092767715454
n02317335_6943-3,starfish,A photo of a starfish,0.4183393716812134,0.4343489706516266
n02317335_7077-5,starfish,A photo of a starfish,0.4183393716812134,0.4343489706516266
n02317335_762-5,starfish,A photo of a starfish,0.4183393716812134,0.4343489706516266
n02317335_7657-1,starfish,A photo of a starfish,0.4183393716812134,0.4343489706516266
n02317335_779-4,starfish,A photo of a starfish,0.4183393716812134,0.4343489706516266
n02317335_779-5,starfish,A photo of a starfish,0.4183393716812134,0.4343489706516266
n02317335_813-2,starfish,A photo of a starfish,0.4183393716812134,0.4343489706516266
n02317335_813-4,starfish,A photo of a starfish,0.4183393716812134,0.4343489706516266
n02317335_828-2,starfish,A photo of a starfish,0.4330713748931885,0.45089274644851685
n02317335_8320-1,starfish,A photo of a starfish,0.4330713748931885,0.45089274644851685
n02317335_8320-5,starfish,A photo of a starfish,0.4330713748931885,0.45089274644851685
n02317335_894-4,starfish,A photo of a starfish,0.4330713748931885,0.45089274644851685
n02317335_9190-4,starfish,A photo of a starfish,0.4330713748931885,0.45089274644851685
n02317335_949-5,starfish,A photo of a starfish,0.4330713748931885,0.45089274644851685
n02317335_961-3,starfish,A photo of a starfish,0.4330713748931885,0.45089274644851685
n02317335_961-5,starfish,A photo of a starfish,0.4330713748931885,0.45089274644851685
n07745940_10254-1,strawberry,A photo of a strawberry,0.4092898368835449,0.40859267115592957
n07745940_10254-2,strawberry,A photo of a strawberry,0.4092898368835449,0.40859267115592957
n07745940_10254-3,strawberry,A photo of a strawberry,0.4092898368835449,0.40859267115592957
n07745940_10254-5,strawberry,A photo of a strawberry,0.4092898368835449,0.40859267115592957
n07745940_11070-5,strawberry,A photo of a strawberry,0.4092898368835449,0.40859267115592957
n07745940_1120-3,strawberry,A photo of a strawberry,0.4092898368835449,0.40859267115592957
n07745940_1120-4,strawberry,A photo of a strawberry,0.4092898368835449,0.40859267115592957
n07745940_116-1,strawberry,A photo of a strawberry,0.4092898368835449,0.40859267115592957
n07745940_116-4,strawberry,A photo of a strawberry,0.3572659492492676,0.35743391513824463
n07745940_11772-2,strawberry,A photo of a strawberry,0.3572659492492676,0.35743391513824463
n07745940_11865-1,strawberry,A photo of a strawberry,0.3572659492492676,0.35743391513824463
n07745940_11865-2,strawberry,A photo of a strawberry,0.3572659492492676,0.35743391513824463
n07745940_11865-4,strawberry,A photo of a strawberry,0.3572659492492676,0.35743391513824463
n07745940_1188-4,strawberry,A photo of a strawberry,0.3572659492492676,0.35743391513824463
n07745940_11994-2,strawberry,A photo of a strawberry,0.3572659492492676,0.35743391513824463
n07745940_12035-1,strawberry,A photo of a strawberry,0.3572659492492676,0.35743391513824463
n07745940_12332-3,strawberry,A photo of a strawberry,0.37917011976242065,0.38146841526031494
n07745940_12487-2,strawberry,A photo of a strawberry,0.37917011976242065,0.38146841526031494
n07745940_13408-2,strawberry,A photo of a strawberry,0.37917011976242065,0.38146841526031494
n07745940_13408-3,strawberry,A photo of a strawberry,0.37917011976242065,0.38146841526031494
n07745940_13408-4,strawberry,A photo of a strawberry,0.37917011976242065,0.38146841526031494
n07745940_14165-4,strawberry,A photo of a strawberry,0.37917011976242065,0.38146841526031494
n07745940_14165-5,strawberry,A photo of a strawberry,0.37917011976242065,0.38146841526031494
n07745940_1547-1,strawberry,A photo of a strawberry,0.37917011976242065,0.38146841526031494
n07745940_1585-4,strawberry,A photo of a strawberry,0.3631272315979004,0.3633630573749542
n07745940_1631-2,strawberry,A photo of a strawberry,0.3631272315979004,0.3633630573749542
n07745940_1684-1,strawberry,A photo of a strawberry,0.3631272315979004,0.3633630573749542
n07745940_1717-5,strawberry,A photo of a strawberry,0.3631272315979004,0.3633630573749542
n07745940_20660-2,strawberry,A photo of a strawberry,0.3631272315979004,0.3633630573749542
n07745940_20660-3,strawberry,A photo of a strawberry,0.3631272315979004,0.3633630573749542
n07745940_2102-6,strawberry,A photo of a strawberry,0.3631272315979004,0.3633630573749542
n07745940_2126-5,strawberry,A photo of a strawberry,0.3631272315979004,0.3633630573749542
n07745940_2244-1,strawberry,A photo of a strawberry,0.41152188181877136,0.41103309392929077
n07745940_2329-1,strawberry,A photo of a strawberry,0.41152188181877136,0.41103309392929077
n07745940_2329-4,strawberry,A photo of a strawberry,0.41152188181877136,0.41103309392929077
n07745940_2329-7,strawberry,A photo of a strawberry,0.41152188181877136,0.41103309392929077
n07745940_2593-1,strawberry,A photo of a strawberry,0.41152188181877136,0.41103309392929077
n07745940_264-2,strawberry,A photo of a strawberry,0.41152188181877136,0.41103309392929077
n07745940_264-3,strawberry,A photo of a strawberry,0.41152188181877136,0.41103309392929077
n07745940_264-4,strawberry,A photo of a strawberry,0.41152188181877136,0.41103309392929077
n07745940_2690-1,strawberry,A photo of a strawberry,0.34612077474594116,0.3464079797267914
n07745940_2690-4,strawberry,A photo of a strawberry,0.34612077474594116,0.3464079797267914
n07745940_2952-5,strawberry,A photo of a strawberry,0.34612077474594116,0.3464079797267914
n07745940_3242-1,strawberry,A photo of a strawberry,0.34612077474594116,0.3464079797267914
n07745940_3242-3,strawberry,A photo of a strawberry,0.34612077474594116,0.3464079797267914
n07745940_3242-5,strawberry,A photo of a strawberry,0.34612077474594116,0.3464079797267914
n07745940_3362-4,strawberry,A photo of a strawberry,0.34612077474594116,0.3464079797267914
n07745940_3671-2,strawberry,A photo of a strawberry,0.34612077474594116,0.3464079797267914
n07745940_3693-8,strawberry,A photo of a strawberry,0.3735694885253906,0.3744426667690277
n07745940_3846-8,strawberry,A photo of a strawberry,0.3735694885253906,0.3744426667690277
n07745940_3966-5,strawberry,A photo of a strawberry,0.3735694885253906,0.3744426667690277
n07745940_4180-3,strawberry,A photo of a strawberry,0.3735694885253906,0.3744426667690277
n07745940_4245-3,strawberry,A photo of a strawberry,0.3735694885253906,0.3744426667690277
n07745940_4255-4,strawberry,A photo of a strawberry,0.3735694885253906,0.3744426667690277
n07745940_4307-2,strawberry,A photo of a strawberry,0.3735694885253906,0.3744426667690277
n07745940_4307-9,strawberry,A photo of a strawberry,0.3735694885253906,0.3744426667690277
n07745940_4429-7,strawberry,A photo of a strawberry,0.36695531010627747,0.3705073297023773
n07745940_4644-1,strawberry,A photo of a strawberry,0.36695531010627747,0.3705073297023773
n07745940_4644-7,strawberry,A photo of a strawberry,0.36695531010627747,0.3705073297023773
n07745940_511-2,strawberry,A photo of a strawberry,0.36695531010627747,0.3705073297023773
n07745940_5486-6,strawberry,A photo of a strawberry,0.36695531010627747,0.3705073297023773
n07745940_5501-3,strawberry,A photo of a strawberry,0.36695531010627747,0.3705073297023773
n07745940_552-1,strawberry,A photo of a strawberry,0.36695531010627747,0.3705073297023773
n07745940_552-6,strawberry,A photo of a strawberry,0.36695531010627747,0.3705073297023773
n07745940_552-8,strawberry,A photo of a strawberry,0.38994282484054565,0.3924063444137573
n07745940_5563-1,strawberry,A photo of a strawberry,0.38994282484054565,0.3924063444137573
n07745940_5563-3,strawberry,A photo of a strawberry,0.38994282484054565,0.3924063444137573
n07745940_5563-5,strawberry,A photo of a strawberry,0.38994282484054565,0.3924063444137573
n07745940_5599-3,strawberry,A photo of a strawberry,0.38994282484054565,0.3924063444137573
n07745940_5726-5,strawberry,A photo of a strawberry,0.38994282484054565,0.3924063444137573
n07745940_5788-4,strawberry,A photo of a strawberry,0.38994282484054565,0.3924063444137573
n07745940_6142-2,strawberry,A photo of a strawberry,0.38994282484054565,0.3924063444137573
n07745940_6166-1,strawberry,A photo of a strawberry,0.3496401309967041,0.35123926401138306
n07745940_6321-1,strawberry,A photo of a strawberry,0.3496401309967041,0.35123926401138306
n07745940_6321-8,strawberry,A photo of a strawberry,0.3496401309967041,0.35123926401138306
n07745940_6497-2,strawberry,A photo of a strawberry,0.3496401309967041,0.35123926401138306
n07745940_7091-3,strawberry,A photo of a strawberry,0.3496401309967041,0.35123926401138306
n07745940_7216-3,strawberry,A photo of a strawberry,0.3496401309967041,0.35123926401138306
n07745940_7590-2,strawberry,A photo of a strawberry,0.3496401309967041,0.35123926401138306
n07745940_7590-3,strawberry,A photo of a strawberry,0.3496401309967041,0.35123926401138306
n07745940_7590-4,strawberry,A photo of a strawberry,0.395698606967926,0.4006277024745941
n07745940_7744-5,strawberry,A photo of a strawberry,0.395698606967926,0.4006277024745941
n07745940_7860-1,strawberry,A photo of a strawberry,0.395698606967926,0.4006277024745941
n07745940_8219-6,strawberry,A photo of a strawberry,0.395698606967926,0.4006277024745941
n07745940_8297-1,strawberry,A photo of a strawberry,0.395698606967926,0.4006277024745941
n07745940_8515-5,strawberry,A photo of a strawberry,0.395698606967926,0.4006277024745941
n07745940_8561-3,strawberry,A photo of a strawberry,0.395698606967926,0.4006277024745941
n07745940_8561-5,strawberry,A photo of a strawberry,0.395698606967926,0.4006277024745941
n07745940_9050-1,strawberry,A photo of a strawberry,0.35429030656814575,0.3527933359146118
n07745940_9050-2,strawberry,A photo of a strawberry,0.35429030656814575,0.3527933359146118
n07745940_9050-5,strawberry,A photo of a strawberry,0.35429030656814575,0.3527933359146118
n07745940_9050-7,strawberry,A photo of a strawberry,0.35429030656814575,0.3527933359146118
n07745940_9050-9,strawberry,A photo of a strawberry,0.35429030656814575,0.3527933359146118
n07745940_9587-3,strawberry,A photo of a strawberry,0.35429030656814575,0.3527933359146118
n01858441_10228-2,swan,A photo of a swan,0.35429030656814575,0.3527933359146118
n01858441_10228-4,swan,A photo of a swan,0.35429030656814575,0.3527933359146118
n01858441_10407-2,swan,A photo of a swan,0.3744286894798279,0.37224215269088745
n01858441_10407-3,swan,A photo of a swan,0.3744286894798279,0.37224215269088745
n01858441_10538-1,swan,A photo of a swan,0.3744286894798279,0.37224215269088745
n01858441_10732-1,swan,A photo of a swan,0.3744286894798279,0.37224215269088745
n01858441_10732-2,swan,A photo of a swan,0.3744286894798279,0.37224215269088745
n01858441_10732-4,swan,A photo of a swan,0.3744286894798279,0.37224215269088745
n01858441_10732-5,swan,A photo of a swan,0.3744286894798279,0.37224215269088745
n01858441_11088-4,swan,A photo of a swan,0.3744286894798279,0.37224215269088745
n01858441_11088-6,swan,A photo of a swan,0.3710593283176422,0.3656199872493744
n01858441_11200-1,swan,A photo of a swan,0.3710593283176422,0.3656199872493744
n01858441_11200-4,swan,A photo of a swan,0.3710593283176422,0.3656199872493744
n01858441_1236-1,swan,A photo of a swan,0.3710593283176422,0.3656199872493744
n01858441_1236-5,swan,A photo of a swan,0.3710593283176422,0.3656199872493744
n01858441_1846-2,swan,A photo of a swan,0.3710593283176422,0.3656199872493744
n01858441_1846-3,swan,A photo of a swan,0.3710593283176422,0.3656199872493744
n01858441_2422-2,swan,A photo of a swan,0.3710593283176422,0.3656199872493744
n01858441_2422-7,swan,A photo of a swan,0.35972729325294495,0.36001765727996826
n01858441_2937-8,swan,A photo of a swan,0.35972729325294495,0.36001765727996826
n01858441_2970-5,swan,A photo of a swan,0.35972729325294495,0.36001765727996826
n01858441_3139-3,swan,A photo of a swan,0.35972729325294495,0.36001765727996826
n01858441_3139-6,swan,A photo of a swan,0.35972729325294495,0.36001765727996826
n01858441_3197-2,swan,A photo of a swan,0.35972729325294495,0.36001765727996826
n01858441_3197-3,swan,A photo of a swan,0.35972729325294495,0.36001765727996826
n01858441_3197-4,swan,A photo of a swan,0.35972729325294495,0.36001765727996826
n01858441_3857-1,swan,A photo of a swan,0.3578270375728607,0.35984310507774353
n01858441_3857-3,swan,A photo of a swan,0.3578270375728607,0.35984310507774353
n01858441_3858-1,swan,A photo of a swan,0.3578270375728607,0.35984310507774353
n01858441_4734-1,swan,A photo of a swan,0.3578270375728607,0.35984310507774353
n01858441_5049-4,swan,A photo of a swan,0.3578270375728607,0.35984310507774353
n01858441_5049-5,swan,A photo of a swan,0.3578270375728607,0.35984310507774353
n01858441_507-4,swan,A photo of a swan,0.3578270375728607,0.35984310507774353
n01858441_61-3,swan,A photo of a swan,0.3578270375728607,0.35984310507774353
n01858441_7116-3,swan,A photo of a swan,0.3776922821998596,0.3761007487773895
n01858441_8057-1,swan,A photo of a swan,0.3776922821998596,0.3761007487773895
n01858441_8871-2,swan,A photo of a swan,0.3776922821998596,0.3761007487773895
n01858441_9028-2,swan,A photo of a swan,0.3776922821998596,0.3761007487773895
n01858441_9028-5,swan,A photo of a swan,0.3776922821998596,0.3761007487773895
n01858441_9028-7,swan,A photo of a swan,0.3776922821998596,0.3761007487773895
n01858441_9028-9,swan,A photo of a swan,0.3776922821998596,0.3761007487773895
n01858441_9108-6,swan,A photo of a swan,0.3776922821998596,0.3761007487773895
n01858441_9206-2,swan,A photo of a swan,0.3668496608734131,0.3661956191062927
n01858441_9652-2,swan,A photo of a swan,0.3668496608734131,0.3661956191062927
n01858441_9949-5,swan,A photo of a swan,0.3668496608734131,0.3661956191062927
n01858441_9966-7,swan,A photo of a swan,0.3668496608734131,0.3661956191062927
n01858845_107-6,swan,A photo of a swan,0.3668496608734131,0.3661956191062927
n01858845_1104-2,swan,A photo of a swan,0.3668496608734131,0.3661956191062927
n01858845_1104-5,swan,A photo of a swan,0.3668496608734131,0.3661956191062927
n01858845_12547-1,swan,A photo of a swan,0.3668496608734131,0.3661956191062927
n01858845_12547-5,swan,A photo of a swan,0.3580233156681061,0.3602556884288788
n01858845_12958-1,swan,A photo of a swan,0.3580233156681061,0.3602556884288788
n01858845_12958-2,swan,A photo of a swan,0.3580233156681061,0.3602556884288788
n01858845_12958-4,swan,A photo of a swan,0.3580233156681061,0.3602556884288788
n01858845_13094-4,swan,A photo of a swan,0.3580233156681061,0.3602556884288788
n01858845_13094-6,swan,A photo of a swan,0.3580233156681061,0.3602556884288788
n01858845_13612-2,swan,A photo of a swan,0.3580233156681061,0.3602556884288788
n01858845_13612-5,swan,A photo of a swan,0.3580233156681061,0.3602556884288788
n01858845_14607-2,swan,A photo of a swan,0.3870728015899658,0.3822517991065979
n01858845_14758-5,swan,A photo of a swan,0.3870728015899658,0.3822517991065979
n01858845_14758-6,swan,A photo of a swan,0.3870728015899658,0.3822517991065979
n01858845_15432-2,swan,A photo of a swan,0.3870728015899658,0.3822517991065979
n01858845_15432-5,swan,A photo of a swan,0.3870728015899658,0.3822517991065979
n01858845_15444-2,swan,A photo of a swan,0.3870728015899658,0.3822517991065979
n01858845_15444-4,swan,A photo of a swan,0.3870728015899658,0.3822517991065979
n01858845_16545-2,swan,A photo of a swan,0.3870728015899658,0.3822517991065979
n01858845_16864-4,swan,A photo of a swan,0.3550070524215698,0.3537440001964569
n01858845_16918-1,swan,A photo of a swan,0.3550070524215698,0.3537440001964569
n01858845_16918-4,swan,A photo of a swan,0.3550070524215698,0.3537440001964569
n01858845_16918-5,swan,A photo of a swan,0.3550070524215698,0.3537440001964569
n01858845_19197-4,swan,A photo of a swan,0.3550070524215698,0.3537440001964569
n01858845_19265-1,swan,A photo of a swan,0.3550070524215698,0.3537440001964569
n01858845_2303-1,swan,A photo of a swan,0.3550070524215698,0.3537440001964569
n01858845_5769-1,swan,A photo of a swan,0.3550070524215698,0.3537440001964569
n01858845_7390-1,swan,A photo of a swan,0.39924412965774536,0.3958699703216553
n01858845_7390-2,swan,A photo of a swan,0.39924412965774536,0.3958699703216553
n01858845_9965-5,swan,A photo of a swan,0.39924412965774536,0.3958699703216553
n01860187_1453-1,swan,A photo of a swan,0.39924412965774536,0.3958699703216553
n01860187_1453-7,swan,A photo of a swan,0.39924412965774536,0.3958699703216553
n01860187_1646-4,swan,A photo of a swan,0.39924412965774536,0.3958699703216553
n01860187_2247-6,swan,A photo of a swan,0.39924412965774536,0.3958699703216553
n01860187_350-4,swan,A photo of a swan,0.39924412965774536,0.3958699703216553
n01860187_350-6,swan,A photo of a swan,0.4085160195827484,0.414181113243103
n01860187_375-3,swan,A photo of a swan,0.4085160195827484,0.414181113243103
n01860187_4772-3,swan,A photo of a swan,0.4085160195827484,0.414181113243103
n01860187_844-3,swan,A photo of a swan,0.4085160195827484,0.414181113243103
n03039493_2187-2,sword,A photo of a sword,0.4085160195827484,0.414181113243103
n03039493_2187-3,sword,A photo of a sword,0.4085160195827484,0.414181113243103
n03039493_2187-4,sword,A photo of a sword,0.4085160195827484,0.414181113243103
n03039493_2187-5,sword,A photo of a sword,0.4085160195827484,0.414181113243103
n03039493_5432-3,sword,A photo of a sword,0.4496820867061615,0.4561210870742798
n04147793_13881-5,sword,A photo of a sword,0.4496820867061615,0.4561210870742798
n04147793_15025-2,sword,A photo of a sword,0.4496820867061615,0.4561210870742798
n04147793_15298-1,sword,A photo of a sword,0.4496820867061615,0.4561210870742798
n04147793_15676-4,sword,A photo of a sword,0.4496820867061615,0.4561210870742798
n04147793_1759-2,sword,A photo of a sword,0.4496820867061615,0.4561210870742798
n04147793_2547-1,sword,A photo of a sword,0.4496820867061615,0.4561210870742798
n04147793_6149-1,sword,A photo of a sword,0.4496820867061615,0.4561210870742798
n04147793_6149-3,sword,A photo of a sword,0.43219536542892456,0.4427448809146881
n04147793_7095-5,sword,A photo of a sword,0.43219536542892456,0.4427448809146881
n04147793_7939-5,sword,A photo of a sword,0.43219536542892456,0.4427448809146881
n04373894_13582-5,sword,A photo of a sword,0.43219536542892456,0.4427448809146881
n04373894_14331-4,sword,A photo of a sword,0.43219536542892456,0.4427448809146881
n04373894_14331-5,sword,A photo of a sword,0.43219536542892456,0.4427448809146881
n04373894_20807-4,sword,A photo of a sword,0.43219536542892456,0.4427448809146881
n04373894_26002-3,sword,A photo of a sword,0.43219536542892456,0.4427448809146881
n04373894_26002-6,sword,A photo of a sword,0.4236607551574707,0.42831701040267944
n04373894_27024-7,sword,A photo of a sword,0.4236607551574707,0.42831701040267944
n04373894_27155-7,sword,A photo of a sword,0.4236607551574707,0.42831701040267944
n04373894_27472-1,sword,A photo of a sword,0.4236607551574707,0.42831701040267944
n04373894_27557-3,sword,A photo of a sword,0.4236607551574707,0.42831701040267944
n04373894_27557-4,sword,A photo of a sword,0.4236607551574707,0.42831701040267944
n04373894_28236-1,sword,A photo of a sword,0.4236607551574707,0.42831701040267944
n04373894_28236-4,sword,A photo of a sword,0.4236607551574707,0.42831701040267944
n04373894_29112-5,sword,A photo of a sword,0.41605043411254883,0.4212241768836975
n04373894_29158-7,sword,A photo of a sword,0.41605043411254883,0.4212241768836975
n04373894_29303-2,sword,A photo of a sword,0.41605043411254883,0.4212241768836975
n04373894_29332-5,sword,A photo of a sword,0.41605043411254883,0.4212241768836975
n04373894_29447-4,sword,A photo of a sword,0.41605043411254883,0.4212241768836975
n04373894_29804-3,sword,A photo of a sword,0.41605043411254883,0.4212241768836975
n04373894_30456-3,sword,A photo of a sword,0.41605043411254883,0.4212241768836975
n04373894_30456-5,sword,A photo of a sword,0.41605043411254883,0.4212241768836975
n04373894_30732-2,sword,A photo of a sword,0.4288051426410675,0.4359324872493744
n04373894_30965-1,sword,A photo of a sword,0.4288051426410675,0.4359324872493744
n04373894_30965-5,sword,A photo of a sword,0.4288051426410675,0.4359324872493744
n04373894_31082-5,sword,A photo of a sword,0.4288051426410675,0.4359324872493744
n04373894_31082-9,sword,A photo of a sword,0.4288051426410675,0.4359324872493744
n04373894_32014-1,sword,A photo of a sword,0.4288051426410675,0.4359324872493744
n04373894_32014-3,sword,A photo of a sword,0.4288051426410675,0.4359324872493744
n04373894_32014-4,sword,A photo of a sword,0.4288051426410675,0.4359324872493744
n04373894_32729-1,sword,A photo of a sword,0.41005516052246094,0.41875985264778137
n04373894_33323-3,sword,A photo of a sword,0.41005516052246094,0.41875985264778137
n04373894_33323-5,sword,A photo of a sword,0.41005516052246094,0.41875985264778137
n04373894_33699-1,sword,A photo of a sword,0.41005516052246094,0.41875985264778137
n04373894_35749-4,sword,A photo of a sword,0.41005516052246094,0.41875985264778137
n04373894_37359-3,sword,A photo of a sword,0.41005516052246094,0.41875985264778137
n04373894_37359-5,sword,A photo of a sword,0.41005516052246094,0.41875985264778137
n04373894_38337-1,sword,A photo of a sword,0.41005516052246094,0.41875985264778137
n04373894_38337-4,sword,A photo of a sword,0.42163580656051636,0.42439210414886475
n04373894_39879-5,sword,A photo of a sword,0.42163580656051636,0.42439210414886475
n04373894_39879-6,sword,A photo of a sword,0.42163580656051636,0.42439210414886475
n04373894_40106-7,sword,A photo of a sword,0.42163580656051636,0.42439210414886475
n04373894_41922-1,sword,A photo of a sword,0.42163580656051636,0.42439210414886475
n04373894_41922-7,sword,A photo of a sword,0.42163580656051636,0.42439210414886475
n04373894_43185-1,sword,A photo of a sword,0.42163580656051636,0.42439210414886475
n04373894_43185-4,sword,A photo of a sword,0.42163580656051636,0.42439210414886475
n04373894_44664-4,sword,A photo of a sword,0.4095897078514099,0.4133974015712738
n04373894_44787-4,sword,A photo of a sword,0.4095897078514099,0.4133974015712738
n04373894_45055-5,sword,A photo of a sword,0.4095897078514099,0.4133974015712738
n04373894_45351-2,sword,A photo of a sword,0.4095897078514099,0.4133974015712738
n04373894_49580-5,sword,A photo of a sword,0.4095897078514099,0.4133974015712738
n04373894_49580-8,sword,A photo of a sword,0.4095897078514099,0.4133974015712738
n04373894_51836-4,sword,A photo of a sword,0.4095897078514099,0.4133974015712738
n04373894_51836-8,sword,A photo of a sword,0.4095897078514099,0.4133974015712738
n04373894_52246-3,sword,A photo of a sword,0.4065028429031372,0.41180282831192017
n04373894_52246-4,sword,A photo of a sword,0.4065028429031372,0.41180282831192017
n04373894_52388-2,sword,A photo of a sword,0.4065028429031372,0.41180282831192017
n04373894_53516-2,sword,A photo of a sword,0.4065028429031372,0.41180282831192017
n04373894_53516-3,sword,A photo of a sword,0.4065028429031372,0.41180282831192017
n04373894_53516-5,sword,A photo of a sword,0.4065028429031372,0.41180282831192017
n04373894_54591-3,sword,A photo of a sword,0.4065028429031372,0.41180282831192017
n04373894_54591-4,sword,A photo of a sword,0.4065028429031372,0.41180282831192017
n04373894_55970-3,sword,A photo of a sword,0.4162430167198181,0.42265254259109497
n04373894_57317-4,sword,A photo of a sword,0.4162430167198181,0.42265254259109497
n04373894_58182-5,sword,A photo of a sword,0.4162430167198181,0.42265254259109497
n04373894_58428-1,sword,A photo of a sword,0.4162430167198181,0.42265254259109497
n04373894_58813-4,sword,A photo of a sword,0.4162430167198181,0.42265254259109497
n04373894_60028-2,sword,A photo of a sword,0.4162430167198181,0.42265254259109497
n03201208_13669-4,table,A photo of a table,0.4162430167198181,0.42265254259109497
n03201208_15553-1,table,A photo of a table,0.4162430167198181,0.42265254259109497
n03201208_15879-2,table,A photo of a table,0.3530021011829376,0.35632216930389404
n03201208_15879-4,table,A photo of a table,0.3530021011829376,0.35632216930389404
n03201208_18434-3,table,A photo of a table,0.3530021011829376,0.35632216930389404
n03201208_18434-4,table,A photo of a table,0.3530021011829376,0.35632216930389404
n03201208_18693-1,table,A photo of a table,0.3530021011829376,0.35632216930389404
n03201208_19203-3,table,A photo of a table,0.3530021011829376,0.35632216930389404
n03201208_21078-1,table,A photo of a table,0.3530021011829376,0.35632216930389404
n03201208_22646-4,table,A photo of a table,0.3530021011829376,0.35632216930389404
n03201208_2363-1,table,A photo of a table,0.3662397265434265,0.37158942222595215
n03201208_24954-4,table,A photo of a table,0.3662397265434265,0.37158942222595215
n03201208_24954-5,table,A photo of a table,0.3662397265434265,0.37158942222595215
n03201208_25498-4,table,A photo of a table,0.3662397265434265,0.37158942222595215
n03201208_25541-1,table,A photo of a table,0.3662397265434265,0.37158942222595215
n03201208_25541-4,table,A photo of a table,0.3662397265434265,0.37158942222595215
n03201208_25832-5,table,A photo of a table,0.3662397265434265,0.37158942222595215
n03201208_25958-2,table,A photo of a table,0.3662397265434265,0.37158942222595215
n03201208_26293-1,table,A photo of a table,0.35651105642318726,0.35878413915634155
n03201208_26293-2,table,A photo of a table,0.35651105642318726,0.35878413915634155
n03201208_26293-3,table,A photo of a table,0.35651105642318726,0.35878413915634155
n03201208_29131-1,table,A photo of a table,0.35651105642318726,0.35878413915634155
n03201208_35584-9,table,A photo of a table,0.35651105642318726,0.35878413915634155
n03201208_37167-6,table,A photo of a table,0.35651105642318726,0.35878413915634155
n03201208_43721-3,table,A photo of a table,0.35651105642318726,0.35878413915634155
n03201208_43721-4,table,A photo of a table,0.35651105642318726,0.35878413915634155
n03201208_44222-2,table,A photo of a table,0.37308377027511597,0.37629538774490356
n03201208_45974-2,table,A photo of a table,0.37308377027511597,0.37629538774490356
n03201208_46732-2,table,A photo of a table,0.37308377027511597,0.37629538774490356
n04379243_11051-3,table,A photo of a table,0.37308377027511597,0.37629538774490356
n04379243_1127-4,table,A photo of a table,0.37308377027511597,0.37629538774490356
n04379243_13883-2,table,A photo of a table,0.37308377027511597,0.37629538774490356
n04379243_14012-6,table,A photo of a table,0.37308377027511597,0.37629538774490356
n04379243_18022-4,table,A photo of a table,0.37308377027511597,0.37629538774490356
n04379243_19167-3,table,A photo of a table,0.3676365613937378,0.367773175239563
n04379243_19167-4,table,A photo of a table,0.3676365613937378,0.367773175239563
n04379243_19309-2,table,A photo of a table,0.3676365613937378,0.367773175239563
n04379243_19779-1,table,A photo of a table,0.3676365613937378,0.367773175239563
n04379243_19779-5,table,A photo of a table,0.3676365613937378,0.367773175239563
n04379243_19854-5,table,A photo of a table,0.3676365613937378,0.367773175239563
n04379243_20367-2,table,A photo of a table,0.3676365613937378,0.367773175239563
n04379243_20367-3,table,A photo of a table,0.3676365613937378,0.367773175239563
n04379243_21388-3,table,A photo of a table,0.3487003445625305,0.35437867045402527
n04379243_21424-4,table,A photo of a table,0.3487003445625305,0.35437867045402527
n04379243_21461-1,table,A photo of a table,0.3487003445625305,0.35437867045402527
n04379243_21670-2,table,A photo of a table,0.3487003445625305,0.35437867045402527
n04379243_22116-4,table,A photo of a table,0.3487003445625305,0.35437867045402527
n04379243_22946-5,table,A photo of a table,0.3487003445625305,0.35437867045402527
n04379243_24695-2,table,A photo of a table,0.3487003445625305,0.35437867045402527
n04379243_25104-6,table,A photo of a table,0.3487003445625305,0.35437867045402527
n04379243_25430-3,table,A photo of a table,0.3507140278816223,0.35508668422698975
n04379243_25430-4,table,A photo of a table,0.3507140278816223,0.35508668422698975
n04379243_25737-5,table,A photo of a table,0.3507140278816223,0.35508668422698975
n04379243_25840-5,table,A photo of a table,0.3507140278816223,0.35508668422698975
n04379243_26983-5,table,A photo of a table,0.3507140278816223,0.35508668422698975
n04379243_27166-2,table,A photo of a table,0.3507140278816223,0.35508668422698975
n04379243_27869-1,table,A photo of a table,0.3507140278816223,0.35508668422698975
n04379243_27869-2,table,A photo of a table,0.3507140278816223,0.35508668422698975
n04379243_27869-4,table,A photo of a table,0.40318426489830017,0.40983259677886963
n04379243_30584-1,table,A photo of a table,0.40318426489830017,0.40983259677886963
n04379243_30584-2,table,A photo of a table,0.40318426489830017,0.40983259677886963
n04379243_31160-1,table,A photo of a table,0.40318426489830017,0.40983259677886963
n04379243_31160-3,table,A photo of a table,0.40318426489830017,0.40983259677886963
n04379243_32108-4,table,A photo of a table,0.40318426489830017,0.40983259677886963
n04379243_32108-8,table,A photo of a table,0.40318426489830017,0.40983259677886963
n04379243_32365-5,table,A photo of a table,0.40318426489830017,0.40983259677886963
n04379243_32443-1,table,A photo of a table,0.3608866333961487,0.3675556182861328
n04379243_5376-4,table,A photo of a table,0.3608866333961487,0.3675556182861328
n04379243_7273-1,table,A photo of a table,0.3608866333961487,0.3675556182861328
n04379964_10937-14,table,A photo of a table,0.3608866333961487,0.3675556182861328
n04379964_10937-9,table,A photo of a table,0.3608866333961487,0.3675556182861328
n04379964_15575-5,table,A photo of a table,0.3608866333961487,0.3675556182861328
n04379964_20271-1,table,A photo of a table,0.3608866333961487,0.3675556182861328
n04379964_20271-5,table,A photo of a table,0.3608866333961487,0.3675556182861328
n04379964_2130-3,table,A photo of a table,0.33746635913848877,0.33614489436149597
n04379964_2225-2,table,A photo of a table,0.33746635913848877,0.33614489436149597
n04379964_23112-1,table,A photo of a table,0.33746635913848877,0.33614489436149597
n04379964_23112-2,table,A photo of a table,0.33746635913848877,0.33614489436149597
n04379964_33359-1,table,A photo of a table,0.33746635913848877,0.33614489436149597
n04379964_9127-3,table,A photo of a table,0.33746635913848877,0.33614489436149597
n04389033_10251-1,tank,A photo of a tank,0.33746635913848877,0.33614489436149597
n04389033_10251-5,tank,A photo of a tank,0.33746635913848877,0.33614489436149597
n04389033_10579-3,tank,A photo of a tank,0.349104642868042,0.34749022126197815
n04389033_11094-1,tank,A photo of a tank,0.349104642868042,0.34749022126197815
n04389033_11094-3,tank,A photo of a tank,0.349104642868042,0.34749022126197815
n04389033_11094-5,tank,A photo of a tank,0.349104642868042,0.34749022126197815
n04389033_12402-1,tank,A photo of a tank,0.349104642868042,0.34749022126197815
n04389033_12402-2,tank,A photo of a tank,0.349104642868042,0.34749022126197815
n04389033_12442-6,tank,A photo of a tank,0.349104642868042,0.34749022126197815
n04389033_12568-1,tank,A photo of a tank,0.349104642868042,0.34749022126197815
n04389033_12568-4,tank,A photo of a tank,0.31658709049224854,0.31349682807922363
n04389033_12568-5,tank,A photo of a tank,0.31658709049224854,0.31349682807922363
n04389033_13483-1,tank,A photo of a tank,0.31658709049224854,0.31349682807922363
n04389033_13527-1,tank,A photo of a tank,0.31658709049224854,0.31349682807922363
n04389033_13527-2,tank,A photo of a tank,0.31658709049224854,0.31349682807922363
n04389033_138-4,tank,A photo of a tank,0.31658709049224854,0.31349682807922363
n04389033_138-5,tank,A photo of a tank,0.31658709049224854,0.31349682807922363
n04389033_138-6,tank,A photo of a tank,0.31658709049224854,0.31349682807922363
n04389033_14209-5,tank,A photo of a tank,0.31125378608703613,0.3131106197834015
n04389033_16929-4,tank,A photo of a tank,0.31125378608703613,0.3131106197834015
n04389033_16994-2,tank,A photo of a tank,0.31125378608703613,0.3131106197834015
n04389033_17763-3,tank,A photo of a tank,0.31125378608703613,0.3131106197834015
n04389033_184-2,tank,A photo of a tank,0.31125378608703613,0.3131106197834015
n04389033_18643-2,tank,A photo of a tank,0.31125378608703613,0.3131106197834015
n04389033_18643-5,tank,A photo of a tank,0.31125378608703613,0.3131106197834015
n04389033_19450-3,tank,A photo of a tank,0.31125378608703613,0.3131106197834015
n04389033_19450-4,tank,A photo of a tank,0.334229052066803,0.33337754011154175
n04389033_19450-7,tank,A photo of a tank,0.334229052066803,0.33337754011154175
n04389033_20085-5,tank,A photo of a tank,0.334229052066803,0.33337754011154175
n04389033_20198-3,tank,A photo of a tank,0.334229052066803,0.33337754011154175
n04389033_21384-3,tank,A photo of a tank,0.334229052066803,0.33337754011154175
n04389033_22138-6,tank,A photo of a tank,0.334229052066803,0.33337754011154175
n04389033_22507-4,tank,A photo of a tank,0.334229052066803,0.33337754011154175
n04389033_22507-5,tank,A photo of a tank,0.334229052066803,0.33337754011154175
n04389033_22507-6,tank,A photo of a tank,0.34954750537872314,0.34942543506622314
n04389033_23858-5,tank,A photo of a tank,0.34954750537872314,0.34942543506622314
n04389033_23949-2,tank,A photo of a tank,0.34954750537872314,0.34942543506622314
n04389033_23949-4,tank,A photo of a tank,0.34954750537872314,0.34942543506622314
n04389033_24620-1,tank,A photo of a tank,0.34954750537872314,0.34942543506622314
n04389033_24632-2,tank,A photo of a tank,0.34954750537872314,0.34942543506622314
n04389033_24671-5,tank,A photo of a tank,0.34954750537872314,0.34942543506622314
n04389033_24734-1,tank,A photo of a tank,0.34954750537872314,0.34942543506622314
n04389033_24819-8,tank,A photo of a tank,0.35637763142585754,0.3545106053352356
n04389033_24985-4,tank,A photo of a tank,0.35637763142585754,0.3545106053352356
n04389033_25541-1,tank,A photo of a tank,0.35637763142585754,0.3545106053352356
n04389033_25541-4,tank,A photo of a tank,0.35637763142585754,0.3545106053352356
n04389033_25719-3,tank,A photo of a tank,0.35637763142585754,0.3545106053352356
n04389033_26213-5,tank,A photo of a tank,0.35637763142585754,0.3545106053352356
n04389033_26213-6,tank,A photo of a tank,0.35637763142585754,0.3545106053352356
n04389033_26268-1,tank,A photo of a tank,0.35637763142585754,0.3545106053352356
n04389033_28287-1,tank,A photo of a tank,0.3075503706932068,0.30562418699264526
n04389033_28287-3,tank,A photo of a tank,0.3075503706932068,0.30562418699264526
n04389033_28967-6,tank,A photo of a tank,0.3075503706932068,0.30562418699264526
n04389033_29081-3,tank,A photo of a tank,0.3075503706932068,0.30562418699264526
n04389033_2941-1,tank,A photo of a tank,0.3075503706932068,0.30562418699264526
n04389033_29960-6,tank,A photo of a tank,0.3075503706932068,0.30562418699264526
n04389033_3055-6,tank,A photo of a tank,0.3075503706932068,0.30562418699264526
n04389033_3055-7,tank,A photo of a tank,0.3075503706932068,0.30562418699264526
n04389033_30847-2,tank,A photo of a tank,0.34117811918258667,0.34026461839675903
n04389033_31189-1,tank,A photo of a tank,0.34117811918258667,0.34026461839675903
n04389033_31189-4,tank,A photo of a tank,0.34117811918258667,0.34026461839675903
n04389033_32383-2,tank,A photo of a tank,0.34117811918258667,0.34026461839675903
n04389033_32383-4,tank,A photo of a tank,0.34117811918258667,0.34026461839675903
n04389033_32487-3,tank,A photo of a tank,0.34117811918258667,0.34026461839675903
n04389033_32487-4,tank,A photo of a tank,0.34117811918258667,0.34026461839675903
n04389033_32819-2,tank,A photo of a tank,0.34117811918258667,0.34026461839675903
n04389033_32819-4,tank,A photo of a tank,0.30751484632492065,0.3069089949131012
n04389033_32819-6,tank,A photo of a tank,0.30751484632492065,0.3069089949131012
n04389033_33263-2,tank,A photo of a tank,0.30751484632492065,0.3069089949131012
n04389033_33263-4,tank,A photo of a tank,0.30751484632492065,0.3069089949131012
n04389033_3335-2,tank,A photo of a tank,0.30751484632492065,0.3069089949131012
n04389033_33580-1,tank,A photo of a tank,0.30751484632492065,0.3069089949131012
n04389033_35216-2,tank,A photo of a tank,0.30751484632492065,0.3069089949131012
n04389033_35216-4,tank,A photo of a tank,0.30751484632492065,0.3069089949131012
n04389033_35216-5,tank,A photo of a tank,0.3223872184753418,0.322959303855896
n04389033_4269-1,tank,A photo of a tank,0.3223872184753418,0.322959303855896
n04389033_4269-5,tank,A photo of a tank,0.3223872184753418,0.322959303855896
n04389033_4366-3,tank,A photo of a tank,0.3223872184753418,0.322959303855896
n04389033_44436-5,tank,A photo of a tank,0.3223872184753418,0.322959303855896
n04389033_5663-3,tank,A photo of a tank,0.3223872184753418,0.322959303855896
n04389033_5663-5,tank,A photo of a tank,0.3223872184753418,0.322959303855896
n04389033_5792-1,tank,A photo of a tank,0.3223872184753418,0.322959303855896
n04389033_6262-1,tank,A photo of a tank,0.31451278924942017,0.3140517473220825
n04389033_691-1,tank,A photo of a tank,0.31451278924942017,0.3140517473220825
n04389033_691-2,tank,A photo of a tank,0.31451278924942017,0.3140517473220825
n04389033_691-3,tank,A photo of a tank,0.31451278924942017,0.3140517473220825
n04389033_691-6,tank,A photo of a tank,0.31451278924942017,0.3140517473220825
n04389033_7506-2,tank,A photo of a tank,0.31451278924942017,0.3140517473220825
n04389033_7506-3,tank,A photo of a tank,0.31451278924942017,0.3140517473220825
n04389033_7725-2,tank,A photo of a tank,0.31451278924942017,0.3140517473220825
n04389033_7725-3,tank,A photo of a tank,0.326296329498291,0.3300917446613312
n04389033_7952-6,tank,A photo of a tank,0.326296329498291,0.3300917446613312
n04389033_8013-2,tank,A photo of a tank,0.326296329498291,0.3300917446613312
n04389033_92-5,tank,A photo of a tank,0.326296329498291,0.3300917446613312
n04398044_112-5,teapot,A photo of a teapot,0.326296329498291,0.3300917446613312
n04398044_1146-2,teapot,A photo of a teapot,0.326296329498291,0.3300917446613312
n04398044_11626-1,teapot,A photo of a teapot,0.326296329498291,0.3300917446613312
n04398044_12206-3,teapot,A photo of a teapot,0.326296329498291,0.3300917446613312
n04398044_12206-6,teapot,A photo of a teapot,0.34826526045799255,0.3490579128265381
n04398044_12206-8,teapot,A photo of a teapot,0.34826526045799255,0.3490579128265381
n04398044_12206-9,teapot,A photo of a teapot,0.34826526045799255,0.3490579128265381
n04398044_12545-4,teapot,A photo of a teapot,0.34826526045799255,0.3490579128265381
n04398044_12723-3,teapot,A photo of a teapot,0.34826526045799255,0.3490579128265381
n04398044_1358-1,teapot,A photo of a teapot,0.34826526045799255,0.3490579128265381
n04398044_1358-7,teapot,A photo of a teapot,0.34826526045799255,0.3490579128265381
n04398044_1358-8,teapot,A photo of a teapot,0.34826526045799255,0.3490579128265381
n04398044_1381-2,teapot,A photo of a teapot,0.3830966353416443,0.38969042897224426
n04398044_1399-2,teapot,A photo of a teapot,0.3830966353416443,0.38969042897224426
n04398044_1399-5,teapot,A photo of a teapot,0.3830966353416443,0.38969042897224426
n04398044_1399-7,teapot,A photo of a teapot,0.3830966353416443,0.38969042897224426
n04398044_1399-9,teapot,A photo of a teapot,0.3830966353416443,0.38969042897224426
n04398044_14186-2,teapot,A photo of a teapot,0.3830966353416443,0.38969042897224426
n04398044_14381-2,teapot,A photo of a teapot,0.3830966353416443,0.38969042897224426
n04398044_14504-1,teapot,A photo of a teapot,0.3830966353416443,0.38969042897224426
n04398044_14504-3,teapot,A photo of a teapot,0.34777283668518066,0.3502369225025177
n04398044_15158-3,teapot,A photo of a teapot,0.34777283668518066,0.3502369225025177
n04398044_15158-6,teapot,A photo of a teapot,0.34777283668518066,0.3502369225025177
n04398044_15343-3,teapot,A photo of a teapot,0.34777283668518066,0.3502369225025177
n04398044_15601-3,teapot,A photo of a teapot,0.34777283668518066,0.3502369225025177
n04398044_16598-1,teapot,A photo of a teapot,0.34777283668518066,0.3502369225025177
n04398044_16629-6,teapot,A photo of a teapot,0.34777283668518066,0.3502369225025177
n04398044_16782-1,teapot,A photo of a teapot,0.34777283668518066,0.3502369225025177
n04398044_16835-4,teapot,A photo of a teapot,0.37641993165016174,0.3783854842185974
n04398044_17457-2,teapot,A photo of a teapot,0.37641993165016174,0.3783854842185974
n04398044_17457-4,teapot,A photo of a teapot,0.37641993165016174,0.3783854842185974
n04398044_17457-7,teapot,A photo of a teapot,0.37641993165016174,0.3783854842185974
n04398044_17500-2,teapot,A photo of a teapot,0.37641993165016174,0.3783854842185974
n04398044_17500-5,teapot,A photo of a teapot,0.37641993165016174,0.3783854842185974
n04398044_17839-3,teapot,A photo of a teapot,0.37641993165016174,0.3783854842185974
n04398044_17839-4,teapot,A photo of a teapot,0.37641993165016174,0.3783854842185974
n04398044_17923-2,teapot,A photo of a teapot,0.35125380754470825,0.3523736894130707
n04398044_17923-5,teapot,A photo of a teapot,0.35125380754470825,0.3523736894130707
n04398044_17935-3,teapot,A photo of a teapot,0.35125380754470825,0.3523736894130707
n04398044_18018-1,teapot,A photo of a teapot,0.35125380754470825,0.3523736894130707
n04398044_18018-4,teapot,A photo of a teapot,0.35125380754470825,0.3523736894130707
n04398044_18018-5,teapot,A photo of a teapot,0.35125380754470825,0.3523736894130707
n04398044_18256-2,teapot,A photo of a teapot,0.35125380754470825,0.3523736894130707
n04398044_18256-4,teapot,A photo of a teapot,0.35125380754470825,0.3523736894130707
n04398044_1850-6,teapot,A photo of a teapot,0.38141709566116333,0.3845500648021698
n04398044_18513-4,teapot,A photo of a teapot,0.38141709566116333,0.3845500648021698
n04398044_1876-4,teapot,A photo of a teapot,0.38141709566116333,0.3845500648021698
n04398044_20598-4,teapot,A photo of a teapot,0.38141709566116333,0.3845500648021698
n04398044_20598-5,teapot,A photo of a teapot,0.38141709566116333,0.3845500648021698
n04398044_21552-8,teapot,A photo of a teapot,0.38141709566116333,0.3845500648021698
n04398044_21552-9,teapot,A photo of a teapot,0.38141709566116333,0.3845500648021698
n04398044_2167-1,teapot,A photo of a teapot,0.38141709566116333,0.3845500648021698
n04398044_23899-2,teapot,A photo of a teapot,0.3587654232978821,0.36167848110198975
n04398044_23899-3,teapot,A photo of a teapot,0.3587654232978821,0.36167848110198975
n04398044_25139-2,teapot,A photo of a teapot,0.3587654232978821,0.36167848110198975
n04398044_25219-6,teapot,A photo of a teapot,0.3587654232978821,0.36167848110198975
n04398044_25219-7,teapot,A photo of a teapot,0.3587654232978821,0.36167848110198975
n04398044_25752-4,teapot,A photo of a teapot,0.3587654232978821,0.36167848110198975
n04398044_2603-4,teapot,A photo of a teapot,0.3587654232978821,0.36167848110198975
n04398044_26738-1,teapot,A photo of a teapot,0.3587654232978821,0.36167848110198975
n04398044_2917-5,teapot,A photo of a teapot,0.36169058084487915,0.36549752950668335
n04398044_32659-3,teapot,A photo of a teapot,0.36169058084487915,0.36549752950668335
n04398044_32776-2,teapot,A photo of a teapot,0.36169058084487915,0.36549752950668335
n04398044_32776-6,teapot,A photo of a teapot,0.36169058084487915,0.36549752950668335
n04398044_33071-1,teapot,A photo of a teapot,0.36169058084487915,0.36549752950668335
n04398044_33639-3,teapot,A photo of a teapot,0.36169058084487915,0.36549752950668335
n04398044_35589-4,teapot,A photo of a teapot,0.36169058084487915,0.36549752950668335
n04398044_3727-5,teapot,A photo of a teapot,0.36169058084487915,0.36549752950668335
n04398044_3990-4,teapot,A photo of a teapot,0.4048382341861725,0.409170538187027
n04398044_4019-2,teapot,A photo of a teapot,0.4048382341861725,0.409170538187027
n04398044_4019-7,teapot,A photo of a teapot,0.4048382341861725,0.409170538187027
n04398044_4411-5,teapot,A photo of a teapot,0.4048382341861725,0.409170538187027
n04398044_4414-6,teapot,A photo of a teapot,0.4048382341861725,0.409170538187027
n04398044_5245-2,teapot,A photo of a teapot,0.4048382341861725,0.409170538187027
n04398044_5245-5,teapot,A photo of a teapot,0.4048382341861725,0.409170538187027
n04398044_5481-1,teapot,A photo of a teapot,0.4048382341861725,0.409170538187027
n04398044_5481-6,teapot,A photo of a teapot,0.36450904607772827,0.36876124143600464
n04398044_5744-3,teapot,A photo of a teapot,0.36450904607772827,0.36876124143600464
n04398044_6759-4,teapot,A photo of a teapot,0.36450904607772827,0.36876124143600464
n04398044_7385-3,teapot,A photo of a teapot,0.36450904607772827,0.36876124143600464
n04398044_7389-1,teapot,A photo of a teapot,0.36450904607772827,0.36876124143600464
n04398044_7880-3,teapot,A photo of a teapot,0.36450904607772827,0.36876124143600464
n04398044_8087-6,teapot,A photo of a teapot,0.36450904607772827,0.36876124143600464
n04398044_8087-9,teapot,A photo of a teapot,0.36450904607772827,0.36876124143600464
n04398044_8270-1,teapot,A photo of a teapot,0.3615379333496094,0.36771175265312195
n04398044_8398-1,teapot,A photo of a teapot,0.3615379333496094,0.36771175265312195
n04398044_8398-2,teapot,A photo of a teapot,0.3615379333496094,0.36771175265312195
n04398044_8398-6,teapot,A photo of a teapot,0.3615379333496094,0.36771175265312195
n04398044_8426-9,teapot,A photo of a teapot,0.3615379333496094,0.36771175265312195
n04398044_9411-1,teapot,A photo of a teapot,0.3615379333496094,0.36771175265312195
n04398044_9411-4,teapot,A photo of a teapot,0.3615379333496094,0.36771175265312195
n04399382_10349-4,teddy_bear,A photo of a teddy bear,0.3615379333496094,0.36771175265312195
n04399382_10349-6,teddy_bear,A photo of a teddy bear,0.43008363246917725,0.4327641725540161
n04399382_10579-5,teddy_bear,A photo of a teddy bear,0.43008363246917725,0.4327641725540161
n04399382_10760-4,teddy_bear,A photo of a teddy bear,0.43008363246917725,0.4327641725540161
n04399382_12116-4,teddy_bear,A photo of a teddy bear,0.43008363246917725,0.4327641725540161
n04399382_12658-1,teddy_bear,A photo of a teddy bear,0.43008363246917725,0.4327641725540161
n04399382_12741-1,teddy_bear,A photo of a teddy bear,0.43008363246917725,0.4327641725540161
n04399382_13038-1,teddy_bear,A photo of a teddy bear,0.43008363246917725,0.4327641725540161
n04399382_13038-4,teddy_bear,A photo of a teddy bear,0.43008363246917725,0.4327641725540161
n04399382_13370-3,teddy_bear,A photo of a teddy bear,0.4044399559497833,0.40826216340065
n04399382_13370-5,teddy_bear,A photo of a teddy bear,0.4044399559497833,0.40826216340065
n04399382_14621-3,teddy_bear,A photo of a teddy bear,0.4044399559497833,0.40826216340065
n04399382_14978-1,teddy_bear,A photo of a teddy bear,0.4044399559497833,0.40826216340065
n04399382_1604-5,teddy_bear,A photo of a teddy bear,0.4044399559497833,0.40826216340065
n04399382_16584-1,teddy_bear,A photo of a teddy bear,0.4044399559497833,0.40826216340065
n04399382_17332-1,teddy_bear,A photo of a teddy bear,0.4044399559497833,0.40826216340065
n04399382_17332-3,teddy_bear,A photo of a teddy bear,0.4044399559497833,0.40826216340065
n04399382_1872-3,teddy_bear,A photo of a teddy bear,0.42716750502586365,0.43049442768096924
n04399382_1872-5,teddy_bear,A photo of a teddy bear,0.42716750502586365,0.43049442768096924
n04399382_21680-1,teddy_bear,A photo of a teddy bear,0.42716750502586365,0.43049442768096924
n04399382_21680-5,teddy_bear,A photo of a teddy bear,0.42716750502586365,0.43049442768096924
n04399382_22297-1,teddy_bear,A photo of a teddy bear,0.42716750502586365,0.43049442768096924
n04399382_22297-5,teddy_bear,A photo of a teddy bear,0.42716750502586365,0.43049442768096924
n04399382_22371-4,teddy_bear,A photo of a teddy bear,0.42716750502586365,0.43049442768096924
n04399382_22379-5,teddy_bear,A photo of a teddy bear,0.42716750502586365,0.43049442768096924
n04399382_22942-2,teddy_bear,A photo of a teddy bear,0.3916853964328766,0.40001535415649414
n04399382_22947-3,teddy_bear,A photo of a teddy bear,0.3916853964328766,0.40001535415649414
n04399382_23323-4,teddy_bear,A photo of a teddy bear,0.3916853964328766,0.40001535415649414
n04399382_23323-5,teddy_bear,A photo of a teddy bear,0.3916853964328766,0.40001535415649414
n04399382_2402-1,teddy_bear,A photo of a teddy bear,0.3916853964328766,0.40001535415649414
n04399382_2402-5,teddy_bear,A photo of a teddy bear,0.3916853964328766,0.40001535415649414
n04399382_24104-1,teddy_bear,A photo of a teddy bear,0.3916853964328766,0.40001535415649414
n04399382_24104-3,teddy_bear,A photo of a teddy bear,0.3916853964328766,0.40001535415649414
n04399382_24104-5,teddy_bear,A photo of a teddy bear,0.3901439905166626,0.400408536195755
n04399382_2491-4,teddy_bear,A photo of a teddy bear,0.3901439905166626,0.400408536195755
n04399382_25459-1,teddy_bear,A photo of a teddy bear,0.3901439905166626,0.400408536195755
n04399382_26124-3,teddy_bear,A photo of a teddy bear,0.3901439905166626,0.400408536195755
n04399382_27647-5,teddy_bear,A photo of a teddy bear,0.3901439905166626,0.400408536195755
n04399382_29818-4,teddy_bear,A photo of a teddy bear,0.3901439905166626,0.400408536195755
n04399382_29915-1,teddy_bear,A photo of a teddy bear,0.3901439905166626,0.400408536195755
n04399382_29915-5,teddy_bear,A photo of a teddy bear,0.3901439905166626,0.400408536195755
n04399382_30376-4,teddy_bear,A photo of a teddy bear,0.36736950278282166,0.3737723231315613
n04399382_30376-5,teddy_bear,A photo of a teddy bear,0.36736950278282166,0.3737723231315613
n04399382_31366-5,teddy_bear,A photo of a teddy bear,0.36736950278282166,0.3737723231315613
n04399382_32913-2,teddy_bear,A photo of a teddy bear,0.36736950278282166,0.3737723231315613
n04399382_32913-5,teddy_bear,A photo of a teddy bear,0.36736950278282166,0.3737723231315613
n04399382_33410-4,teddy_bear,A photo of a teddy bear,0.36736950278282166,0.3737723231315613
n04399382_33819-5,teddy_bear,A photo of a teddy bear,0.36736950278282166,0.3737723231315613
n04399382_34023-3,teddy_bear,A photo of a teddy bear,0.36736950278282166,0.3737723231315613
n04399382_34023-5,teddy_bear,A photo of a teddy bear,0.37788528203964233,0.3820505440235138
n04399382_34264-1,teddy_bear,A photo of a teddy bear,0.37788528203964233,0.3820505440235138
n04399382_34264-4,teddy_bear,A photo of a teddy bear,0.37788528203964233,0.3820505440235138
n04399382_5252-2,teddy_bear,A photo of a teddy bear,0.37788528203964233,0.3820505440235138
n04399382_5252-4,teddy_bear,A photo of a teddy bear,0.37788528203964233,0.3820505440235138
n04399382_5328-5,teddy_bear,A photo of a teddy bear,0.37788528203964233,0.3820505440235138
n04399382_5481-5,teddy_bear,A photo of a teddy bear,0.37788528203964233,0.3820505440235138
n04399382_5481-6,teddy_bear,A photo of a teddy bear,0.37788528203964233,0.3820505440235138
n04399382_6570-4,teddy_bear,A photo of a teddy bear,0.37019649147987366,0.37526822090148926
n04399382_7061-2,teddy_bear,A photo of a teddy bear,0.37019649147987366,0.37526822090148926
n04399382_7061-3,teddy_bear,A photo of a teddy bear,0.37019649147987366,0.37526822090148926
n04399382_737-3,teddy_bear,A photo of a teddy bear,0.37019649147987366,0.37526822090148926
n04399382_7409-3,teddy_bear,A photo of a teddy bear,0.37019649147987366,0.37526822090148926
n04399382_8460-2,teddy_bear,A photo of a teddy bear,0.37019649147987366,0.37526822090148926
n04399382_8460-5,teddy_bear,A photo of a teddy bear,0.37019649147987366,0.37526822090148926
n04399382_8699-4,teddy_bear,A photo of a teddy bear,0.37019649147987366,0.37526822090148926
n04399382_8761-4,teddy_bear,A photo of a teddy bear,0.38744497299194336,0.39144450426101685
n04399382_8870-3,teddy_bear,A photo of a teddy bear,0.38744497299194336,0.39144450426101685
n04399382_8870-6,teddy_bear,A photo of a teddy bear,0.38744497299194336,0.39144450426101685
n04399382_9686-1,teddy_bear,A photo of a teddy bear,0.38744497299194336,0.39144450426101685
n04399382_9686-3,teddy_bear,A photo of a teddy bear,0.38744497299194336,0.39144450426101685
n04399382_9686-5,teddy_bear,A photo of a teddy bear,0.38744497299194336,0.39144450426101685
n04399382_9911-5,teddy_bear,A photo of a teddy bear,0.38744497299194336,0.39144450426101685
n02129604_10207-2,tiger,A photo of a tiger,0.38744497299194336,0.39144450426101685
n02129604_10415-2,tiger,A photo of a tiger,0.347055584192276,0.34569764137268066
n02129604_10415-6,tiger,A photo of a tiger,0.347055584192276,0.34569764137268066
n02129604_11543-4,tiger,A photo of a tiger,0.347055584192276,0.34569764137268066
n02129604_11543-5,tiger,A photo of a tiger,0.347055584192276,0.34569764137268066
n02129604_1187-3,tiger,A photo of a tiger,0.347055584192276,0.34569764137268066
n02129604_12041-1,tiger,A photo of a tiger,0.347055584192276,0.34569764137268066
n02129604_12907-5,tiger,A photo of a tiger,0.347055584192276,0.34569764137268066
n02129604_12907-7,tiger,A photo of a tiger,0.347055584192276,0.34569764137268066
n02129604_13525-5,tiger,A photo of a tiger,0.35407692193984985,0.35020720958709717
n02129604_14110-3,tiger,A photo of a tiger,0.35407692193984985,0.35020720958709717
n02129604_14274-2,tiger,A photo of a tiger,0.35407692193984985,0.35020720958709717
n02129604_1431-2,tiger,A photo of a tiger,0.35407692193984985,0.35020720958709717
n02129604_1431-6,tiger,A photo of a tiger,0.35407692193984985,0.35020720958709717
n02129604_1431-7,tiger,A photo of a tiger,0.35407692193984985,0.35020720958709717
n02129604_1436-5,tiger,A photo of a tiger,0.35407692193984985,0.35020720958709717
n02129604_14507-2,tiger,A photo of a tiger,0.35407692193984985,0.35020720958709717
n02129604_14507-4,tiger,A photo of a tiger,0.3487957715988159,0.3480806052684784
n02129604_14687-10,tiger,A photo of a tiger,0.3487957715988159,0.3480806052684784
n02129604_14687-9,tiger,A photo of a tiger,0.3487957715988159,0.3480806052684784
n02129604_14904-2,tiger,A photo of a tiger,0.3487957715988159,0.3480806052684784
n02129604_1495-8,tiger,A photo of a tiger,0.3487957715988159,0.3480806052684784
n02129604_15687-6,tiger,A photo of a tiger,0.3487957715988159,0.3480806052684784
n02129604_15877-1,tiger,A photo of a tiger,0.3487957715988159,0.3480806052684784
n02129604_15991-4,tiger,A photo of a tiger,0.3487957715988159,0.3480806052684784
n02129604_15991-6,tiger,A photo of a tiger,0.3279030919075012,0.3281828761100769
n02129604_16291-5,tiger,A photo of a tiger,0.3279030919075012,0.3281828761100769
n02129604_1675-1,tiger,A photo of a tiger,0.3279030919075012,0.3281828761100769
n02129604_16832-2,tiger,A photo of a tiger,0.3279030919075012,0.3281828761100769
n02129604_17010-1,tiger,A photo of a tiger,0.3279030919075012,0.3281828761100769
n02129604_17243-2,tiger,A photo of a tiger,0.3279030919075012,0.3281828761100769
n02129604_17243-3,tiger,A photo of a tiger,0.3279030919075012,0.3281828761100769
n02129604_17243-4,tiger,A photo of a tiger,0.3279030919075012,0.3281828761100769
n02129604_17637-9,tiger,A photo of a tiger,0.3386063277721405,0.3368607759475708
n02129604_18821-10,tiger,A photo of a tiger,0.3386063277721405,0.3368607759475708
n02129604_18821-2,tiger,A photo of a tiger,0.3386063277721405,0.3368607759475708
n02129604_18821-5,tiger,A photo of a tiger,0.3386063277721405,0.3368607759475708
n02129604_18821-9,tiger,A photo of a tiger,0.3386063277721405,0.3368607759475708
n02129604_19409-8,tiger,A photo of a tiger,0.3386063277721405,0.3368607759475708
n02129604_19409-9,tiger,A photo of a tiger,0.3386063277721405,0.3368607759475708
n02129604_19603-1,tiger,A photo of a tiger,0.3386063277721405,0.3368607759475708
n02129604_19987-1,tiger,A photo of a tiger,0.3662390410900116,0.36373162269592285
n02129604_20552-6,tiger,A photo of a tiger,0.3662390410900116,0.36373162269592285
n02129604_20552-8,tiger,A photo of a tiger,0.3662390410900116,0.36373162269592285
n02129604_21519-6,tiger,A photo of a tiger,0.3662390410900116,0.36373162269592285
n02129604_2465-4,tiger,A photo of a tiger,0.3662390410900116,0.36373162269592285
n02129604_2734-1,tiger,A photo of a tiger,0.3662390410900116,0.36373162269592285
n02129604_2734-3,tiger,A photo of a tiger,0.3662390410900116,0.36373162269592285
n02129604_2795-1,tiger,A photo of a tiger,0.3662390410900116,0.36373162269592285
n02129604_2795-6,tiger,A photo of a tiger,0.34369510412216187,0.340847909450531
n02129604_2917-3,tiger,A photo of a tiger,0.34369510412216187,0.340847909450531
n02129604_2917-9,tiger,A photo of a tiger,0.34369510412216187,0.340847909450531
n02129604_3107-11,tiger,A photo of a tiger,0.34369510412216187,0.340847909450531
n02129604_3163-1,tiger,A photo of a tiger,0.34369510412216187,0.340847909450531
n02129604_3163-2,tiger,A photo of a tiger,0.34369510412216187,0.340847909450531
n02129604_3270-4,tiger,A photo of a tiger,0.34369510412216187,0.340847909450531
n02129604_3270-6,tiger,A photo of a tiger,0.34369510412216187,0.340847909450531
n02129604_3580-1,tiger,A photo of a tiger,0.36419111490249634,0.36202025413513184
n02129604_3580-6,tiger,A photo of a tiger,0.36419111490249634,0.36202025413513184
n02129604_3907-3,tiger,A photo of a tiger,0.36419111490249634,0.36202025413513184
n02129604_3907-5,tiger,A photo of a tiger,0.36419111490249634,0.36202025413513184
n02129604_3971-4,tiger,A photo of a tiger,0.36419111490249634,0.36202025413513184
n02129604_3971-5,tiger,A photo of a tiger,0.36419111490249634,0.36202025413513184
n02129604_3971-7,tiger,A photo of a tiger,0.36419111490249634,0.36202025413513184
n02129604_4041-2,tiger,A photo of a tiger,0.36419111490249634,0.36202025413513184
n02129604_4126-1,tiger,A photo of a tiger,0.33321234583854675,0.331454336643219
n02129604_4126-11,tiger,A photo of a tiger,0.33321234583854675,0.331454336643219
n02129604_4126-8,tiger,A photo of a tiger,0.33321234583854675,0.331454336643219
n02129604_4421-1,tiger,A photo of a tiger,0.33321234583854675,0.331454336643219
n02129604_4421-3,tiger,A photo of a tiger,0.33321234583854675,0.331454336643219
n02129604_5522-1,tiger,A photo of a tiger,0.33321234583854675,0.331454336643219
n02129604_5522-3,tiger,A photo of a tiger,0.33321234583854675,0.331454336643219
n02129604_5833-3,tiger,A photo of a tiger,0.33321234583854675,0.331454336643219
n02129604_5925-2,tiger,A photo of a tiger,0.35051581263542175,0.34916549921035767
n02129604_5925-3,tiger,A photo of a tiger,0.35051581263542175,0.34916549921035767
n02129604_5925-4,tiger,A photo of a tiger,0.35051581263542175,0.34916549921035767
n02129604_5925-5,tiger,A photo of a tiger,0.35051581263542175,0.34916549921035767
n02129604_630-7,tiger,A photo of a tiger,0.35051581263542175,0.34916549921035767
n02129604_630-9,tiger,A photo of a tiger,0.35051581263542175,0.34916549921035767
n02129604_637-3,tiger,A photo of a tiger,0.35051581263542175,0.34916549921035767
n02129604_6464-6,tiger,A photo of a tiger,0.35051581263542175,0.34916549921035767
n02129604_6509-3,tiger,A photo of a tiger,0.35470548272132874,0.3561677932739258
n02129604_6706-1,tiger,A photo of a tiger,0.35470548272132874,0.3561677932739258
n02129604_7019-4,tiger,A photo of a tiger,0.35470548272132874,0.3561677932739258
n02129604_730-4,tiger,A photo of a tiger,0.35470548272132874,0.3561677932739258
n02129604_730-5,tiger,A photo of a tiger,0.35470548272132874,0.3561677932739258
n02129604_730-6,tiger,A photo of a tiger,0.35470548272132874,0.3561677932739258
n02129604_7330-2,tiger,A photo of a tiger,0.35470548272132874,0.3561677932739258
n02129604_7330-3,tiger,A photo of a tiger,0.35470548272132874,0.3561677932739258
n02129604_7330-5,tiger,A photo of a tiger,0.3557988405227661,0.3572613596916199
n02129604_7340-4,tiger,A photo of a tiger,0.3557988405227661,0.3572613596916199
n02129604_7340-5,tiger,A photo of a tiger,0.3557988405227661,0.3572613596916199
n02129604_7340-6,tiger,A photo of a tiger,0.3557988405227661,0.3572613596916199
n02129604_7501-3,tiger,A photo of a tiger,0.3557988405227661,0.3572613596916199
n02129604_7714-4,tiger,A photo of a tiger,0.3557988405227661,0.3572613596916199
n02129604_8478-6,tiger,A photo of a tiger,0.3557988405227661,0.3572613596916199
n02129604_8478-7,tiger,A photo of a tiger,0.3557988405227661,0.3572613596916199
n02129604_8618-6,tiger,A photo of a tiger,0.3585996925830841,0.3567342758178711
n02129604_8703-6,tiger,A photo of a tiger,0.3585996925830841,0.3567342758178711
n02129604_8703-8,tiger,A photo of a tiger,0.3585996925830841,0.3567342758178711
n02129604_879-2,tiger,A photo of a tiger,0.3585996925830841,0.3567342758178711
n02129604_8813-6,tiger,A photo of a tiger,0.3585996925830841,0.3567342758178711
n02129604_8990-10,tiger,A photo of a tiger,0.3585996925830841,0.3567342758178711
n02129604_8990-11,tiger,A photo of a tiger,0.3585996925830841,0.3567342758178711
n02129604_8990-4,tiger,A photo of a tiger,0.3585996925830841,0.3567342758178711
n02129604_9550-4,tiger,A photo of a tiger,0.3612145781517029,0.36266452074050903
n02129604_9680-2,tiger,A photo of a tiger,0.3612145781517029,0.36266452074050903
n02129604_9680-3,tiger,A photo of a tiger,0.3612145781517029,0.36266452074050903
n02129604_9696-6,tiger,A photo of a tiger,0.3612145781517029,0.36266452074050903
n02129604_9840-1,tiger,A photo of a tiger,0.3612145781517029,0.36266452074050903
n02129604_9840-4,tiger,A photo of a tiger,0.3612145781517029,0.36266452074050903
n02129604_9866-4,tiger,A photo of a tiger,0.3612145781517029,0.36266452074050903
n11608250_10157-3,tree,A photo of a tree,0.3612145781517029,0.36266452074050903
n11608250_20353-5,tree,A photo of a tree,0.3595905601978302,0.3667689561843872
n11608250_5273-1,tree,A photo of a tree,0.3595905601978302,0.3667689561843872
n11608250_5273-3,tree,A photo of a tree,0.3595905601978302,0.3667689561843872
n11615026_5493-2,tree,A photo of a tree,0.3595905601978302,0.3667689561843872
n11622368_2374-5,tree,A photo of a tree,0.3595905601978302,0.3667689561843872
n11622368_9212-6,tree,A photo of a tree,0.3595905601978302,0.3667689561843872
n11646344_1934-2,tree,A photo of a tree,0.3595905601978302,0.3667689561843872
n11646344_1934-6,tree,A photo of a tree,0.3595905601978302,0.3667689561843872
n11646344_5574-1,tree,A photo of a tree,0.3398280739784241,0.3520364463329315
n11646344_64-3,tree,A photo of a tree,0.3398280739784241,0.3520364463329315
n11660300_317-1,tree,A photo of a tree,0.3398280739784241,0.3520364463329315
n11759853_18275-2,tree,A photo of a tree,0.3398280739784241,0.3520364463329315
n11759853_18275-3,tree,A photo of a tree,0.3398280739784241,0.3520364463329315
n11759853_23554-1,tree,A photo of a tree,0.3398280739784241,0.3520364463329315
n11759853_23554-4,tree,A photo of a tree,0.3398280739784241,0.3520364463329315
n11759853_23554-5,tree,A photo of a tree,0.3398280739784241,0.3520364463329315
n11759853_24427-1,tree,A photo of a tree,0.34061315655708313,0.3532656729221344
n11759853_24427-5,tree,A photo of a tree,0.34061315655708313,0.3532656729221344
n12202936_21108-5,tree,A photo of a tree,0.34061315655708313,0.3532656729221344
n12242409_9994-3,tree,A photo of a tree,0.34061315655708313,0.3532656729221344
n12242409_9994-4,tree,A photo of a tree,0.34061315655708313,0.3532656729221344
n12242409_9994-5,tree,A photo of a tree,0.34061315655708313,0.3532656729221344
n12261808_21615-4,tree,A photo of a tree,0.34061315655708313,0.3532656729221344
n12269241_5514-2,tree,A photo of a tree,0.34061315655708313,0.3532656729221344
n12273939_12249-1,tree,A photo of a tree,0.32939600944519043,0.33738452196121216
n12273939_12249-4,tree,A photo of a tree,0.32939600944519043,0.33738452196121216
n12273939_14339-2,tree,A photo of a tree,0.32939600944519043,0.33738452196121216
n12273939_14339-4,tree,A photo of a tree,0.32939600944519043,0.33738452196121216
n12273939_15816-3,tree,A photo of a tree,0.32939600944519043,0.33738452196121216
n12273939_16386-2,tree,A photo of a tree,0.32939600944519043,0.33738452196121216
n12273939_17008-4,tree,A photo of a tree,0.32939600944519043,0.33738452196121216
n12273939_19474-4,tree,A photo of a tree,0.32939600944519043,0.33738452196121216
n12276872_14688-3,tree,A photo of a tree,0.35215121507644653,0.3567752540111542
n12281788_4661-5,tree,A photo of a tree,0.35215121507644653,0.3567752540111542
n12282933_14493-1,tree,A photo of a tree,0.35215121507644653,0.3567752540111542
n12304703_1265-2,tree,A photo of a tree,0.35215121507644653,0.3567752540111542
n12305089_5810-2,tree,A photo of a tree,0.35215121507644653,0.3567752540111542
n12305089_5810-5,tree,A photo of a tree,0.35215121507644653,0.3567752540111542
n12523475_5928-2,tree,A photo of a tree,0.35215121507644653,0.3567752540111542
n12523475_5928-5,tree,A photo of a tree,0.35215121507644653,0.3567752540111542
n12523475_8583-2,tree,A photo of a tree,0.38286149501800537,0.39313140511512756
n12582231_1696-2,tree,A photo of a tree,0.38286149501800537,0.39313140511512756
n12582231_1696-3,tree,A photo of a tree,0.38286149501800537,0.39313140511512756
n12582231_17752-3,tree,A photo of a tree,0.38286149501800537,0.39313140511512756
n12582231_20507-1,tree,A photo of a tree,0.38286149501800537,0.39313140511512756
n12582231_23595-2,tree,A photo of a tree,0.38286149501800537,0.39313140511512756
n12582231_23595-3,tree,A photo of a tree,0.38286149501800537,0.39313140511512756
n12582231_23595-4,tree,A photo of a tree,0.38286149501800537,0.39313140511512756
n12582231_2482-3,tree,A photo of a tree,0.35655516386032104,0.3597003221511841
n12582231_27811-1,tree,A photo of a tree,0.35655516386032104,0.3597003221511841
n12582231_27811-3,tree,A photo of a tree,0.35655516386032104,0.3597003221511841
n12582231_27811-5,tree,A photo of a tree,0.35655516386032104,0.3597003221511841
n12582231_7674-5,tree,A photo of a tree,0.35655516386032104,0.3597003221511841
n12587803_10949-5,tree,A photo of a tree,0.35655516386032104,0.3597003221511841
n12587803_26214-4,tree,A photo of a tree,0.35655516386032104,0.3597003221511841
n12587803_33319-2,tree,A photo of a tree,0.35655516386032104,0.3597003221511841
n12587803_33319-5,tree,A photo of a tree,0.37454402446746826,0.38149935007095337
n12587803_44362-3,tree,A photo of a tree,0.37454402446746826,0.38149935007095337
n12587803_7409-1,tree,A photo of a tree,0.37454402446746826,0.38149935007095337
n12587803_7409-5,tree,A photo of a tree,0.37454402446746826,0.38149935007095337
n12593994_808-2,tree,A photo of a tree,0.37454402446746826,0.38149935007095337
n12713866_2188-4,tree,A photo of a tree,0.37454402446746826,0.38149935007095337
n12713866_6140-1,tree,A photo of a tree,0.37454402446746826,0.38149935007095337
n12713866_6140-2,tree,A photo of a tree,0.37454402446746826,0.38149935007095337
n12713866_9719-2,tree,A photo of a tree,0.3721436560153961,0.3782353401184082
n12726670_1653-3,tree,A photo of a tree,0.3721436560153961,0.3782353401184082
n12726670_1653-5,tree,A photo of a tree,0.3721436560153961,0.3782353401184082
n12726670_2012-3,tree,A photo of a tree,0.3721436560153961,0.3782353401184082
n12726670_2012-4,tree,A photo of a tree,0.3721436560153961,0.3782353401184082
n12726670_2012-5,tree,A photo of a tree,0.3721436560153961,0.3782353401184082
n12726670_6261-1,tree,A photo of a tree,0.3721436560153961,0.3782353401184082
n12726670_6261-3,tree,A photo of a tree,0.3721436560153961,0.3782353401184082
n12726670_6812-2,tree,A photo of a tree,0.3778916597366333,0.38812455534935
n12726670_7074-2,tree,A photo of a tree,0.3778916597366333,0.38812455534935
n12732966_5912-3,tree,A photo of a tree,0.3778916597366333,0.38812455534935
n12755727_1126-5,tree,A photo of a tree,0.3778916597366333,0.38812455534935
n12755727_6097-4,tree,A photo of a tree,0.3778916597366333,0.38812455534935
n03110669_102369-1,trumpet,A photo of a trumpet,0.3778916597366333,0.38812455534935
n03110669_102369-2,trumpet,A photo of a trumpet,0.3778916597366333,0.38812455534935
n03110669_102369-4,trumpet,A photo of a trumpet,0.3778916597366333,0.38812455534935
n03110669_106292-5,trumpet,A photo of a trumpet,0.4063572883605957,0.41145798563957214
n03110669_106682-3,trumpet,A photo of a trumpet,0.4063572883605957,0.41145798563957214
n03110669_108698-5,trumpet,A photo of a trumpet,0.4063572883605957,0.41145798563957214
n03110669_108827-3,trumpet,A photo of a trumpet,0.4063572883605957,0.41145798563957214
n03110669_115303-1,trumpet,A photo of a trumpet,0.4063572883605957,0.41145798563957214
n03110669_116887-1,trumpet,A photo of a trumpet,0.4063572883605957,0.41145798563957214
n03110669_117688-2,trumpet,A photo of a trumpet,0.4063572883605957,0.41145798563957214
n03110669_117688-4,trumpet,A photo of a trumpet,0.4063572883605957,0.41145798563957214
n03110669_125551-4,trumpet,A photo of a trumpet,0.37193846702575684,0.3706740736961365
n03110669_130777-4,trumpet,A photo of a trumpet,0.37193846702575684,0.3706740736961365
n03110669_132946-4,trumpet,A photo of a trumpet,0.37193846702575684,0.3706740736961365
n03110669_135803-2,trumpet,A photo of a trumpet,0.37193846702575684,0.3706740736961365
n03110669_135803-5,trumpet,A photo of a trumpet,0.37193846702575684,0.3706740736961365
n03110669_136987-1,trumpet,A photo of a trumpet,0.37193846702575684,0.3706740736961365
n03110669_136987-4,trumpet,A photo of a trumpet,0.37193846702575684,0.3706740736961365
n03110669_137178-5,trumpet,A photo of a trumpet,0.37193846702575684,0.3706740736961365
n03110669_139219-1,trumpet,A photo of a trumpet,0.3750757575035095,0.3791240155696869
n03110669_139219-4,trumpet,A photo of a trumpet,0.3750757575035095,0.3791240155696869
n03110669_142767-2,trumpet,A photo of a trumpet,0.3750757575035095,0.3791240155696869
n03110669_148863-4,trumpet,A photo of a trumpet,0.3750757575035095,0.3791240155696869
n03110669_19514-3,trumpet,A photo of a trumpet,0.3750757575035095,0.3791240155696869
n03110669_19514-4,trumpet,A photo of a trumpet,0.3750757575035095,0.3791240155696869
n03110669_21012-4,trumpet,A photo of a trumpet,0.3750757575035095,0.3791240155696869
n03110669_22152-2,trumpet,A photo of a trumpet,0.3750757575035095,0.3791240155696869
n03110669_24188-2,trumpet,A photo of a trumpet,0.37950390577316284,0.3799586594104767
n03110669_25731-1,trumpet,A photo of a trumpet,0.37950390577316284,0.3799586594104767
n03110669_29142-1,trumpet,A photo of a trumpet,0.37950390577316284,0.3799586594104767
n03110669_29142-3,trumpet,A photo of a trumpet,0.37950390577316284,0.3799586594104767
n03110669_37609-3,trumpet,A photo of a trumpet,0.37950390577316284,0.3799586594104767
n03110669_5106-2,trumpet,A photo of a trumpet,0.37950390577316284,0.3799586594104767
n03110669_5106-3,trumpet,A photo of a trumpet,0.37950390577316284,0.3799586594104767
n03110669_5106-5,trumpet,A photo of a trumpet,0.37950390577316284,0.3799586594104767
n03110669_56059-1,trumpet,A photo of a trumpet,0.34914520382881165,0.3538258671760559
n03110669_58422-5,trumpet,A photo of a trumpet,0.34914520382881165,0.3538258671760559
n03110669_58422-6,trumpet,A photo of a trumpet,0.34914520382881165,0.3538258671760559
n03110669_59329-3,trumpet,A photo of a trumpet,0.34914520382881165,0.3538258671760559
n03110669_59329-4,trumpet,A photo of a trumpet,0.34914520382881165,0.3538258671760559
n03110669_61900-5,trumpet,A photo of a trumpet,0.34914520382881165,0.3538258671760559
n03110669_62969-5,trumpet,A photo of a trumpet,0.34914520382881165,0.3538258671760559
n03110669_62969-7,trumpet,A photo of a trumpet,0.34914520382881165,0.3538258671760559
n03110669_63168-1,trumpet,A photo of a trumpet,0.37200140953063965,0.37583842873573303
n03110669_63211-2,trumpet,A photo of a trumpet,0.37200140953063965,0.37583842873573303
n03110669_73717-5,trumpet,A photo of a trumpet,0.37200140953063965,0.37583842873573303
n03110669_75346-1,trumpet,A photo of a trumpet,0.37200140953063965,0.37583842873573303
n03110669_75704-2,trumpet,A photo of a trumpet,0.37200140953063965,0.37583842873573303
n03110669_75705-2,trumpet,A photo of a trumpet,0.37200140953063965,0.37583842873573303
n03110669_75705-4,trumpet,A photo of a trumpet,0.37200140953063965,0.37583842873573303
n03110669_78222-6,trumpet,A photo of a trumpet,0.37200140953063965,0.37583842873573303
n03110669_78310-1,trumpet,A photo of a trumpet,0.3934127688407898,0.3956480324268341
n03110669_78316-2,trumpet,A photo of a trumpet,0.3934127688407898,0.3956480324268341
n03110669_78498-1,trumpet,A photo of a trumpet,0.3934127688407898,0.3956480324268341
n03110669_79199-5,trumpet,A photo of a trumpet,0.3934127688407898,0.3956480324268341
n03110669_81083-4,trumpet,A photo of a trumpet,0.3934127688407898,0.3956480324268341
n03110669_81083-5,trumpet,A photo of a trumpet,0.3934127688407898,0.3956480324268341
n03110669_83465-4,trumpet,A photo of a trumpet,0.3934127688407898,0.3956480324268341
n03110669_83465-5,trumpet,A photo of a trumpet,0.3934127688407898,0.3956480324268341
n03110669_85374-2,trumpet,A photo of a trumpet,0.3565552234649658,0.3629911541938782
n03110669_85908-2,trumpet,A photo of a trumpet,0.3565552234649658,0.3629911541938782
n03110669_85908-4,trumpet,A photo of a trumpet,0.3565552234649658,0.3629911541938782
n03110669_86523-5,trumpet,A photo of a trumpet,0.3565552234649658,0.3629911541938782
n03110669_88711-5,trumpet,A photo of a trumpet,0.3565552234649658,0.3629911541938782
n03110669_88760-3,trumpet,A photo of a trumpet,0.3565552234649658,0.3629911541938782
n03110669_89645-4,trumpet,A photo of a trumpet,0.3565552234649658,0.3629911541938782
n03110669_89645-5,trumpet,A photo of a trumpet,0.3565552234649658,0.3629911541938782
n03110669_89794-6,trumpet,A photo of a trumpet,0.4028410315513611,0.40525221824645996
n03110669_89927-1,trumpet,A photo of a trumpet,0.4028410315513611,0.40525221824645996
n03110669_90575-6,trumpet,A photo of a trumpet,0.4028410315513611,0.40525221824645996
n03110669_92054-5,trumpet,A photo of a trumpet,0.4028410315513611,0.40525221824645996
n03110669_92531-4,trumpet,A photo of a trumpet,0.4028410315513611,0.40525221824645996
n03110669_92531-5,trumpet,A photo of a trumpet,0.4028410315513611,0.40525221824645996
n03110669_93303-1,trumpet,A photo of a trumpet,0.4028410315513611,0.40525221824645996
n03110669_93834-3,trumpet,A photo of a trumpet,0.4028410315513611,0.40525221824645996
n03110669_94669-3,trumpet,A photo of a trumpet,0.34664127230644226,0.34723585844039917
n03110669_95029-1,trumpet,A photo of a trumpet,0.34664127230644226,0.34723585844039917
n03110669_95029-3,trumpet,A photo of a trumpet,0.34664127230644226,0.34723585844039917
n03110669_96018-3,trumpet,A photo of a trumpet,0.34664127230644226,0.34723585844039917
n03110669_96366-2,trumpet,A photo of a trumpet,0.34664127230644226,0.34723585844039917
n03110669_96366-4,trumpet,A photo of a trumpet,0.34664127230644226,0.34723585844039917
n03110669_98252-2,trumpet,A photo of a trumpet,0.34664127230644226,0.34723585844039917
n03110669_98315-2,trumpet,A photo of a trumpet,0.34664127230644226,0.34723585844039917
n03110669_98589-3,trumpet,A photo of a trumpet,0.35957908630371094,0.3602903485298157
n03110669_98589-6,trumpet,A photo of a trumpet,0.35957908630371094,0.3602903485298157
n01669191_10039-4,turtle,A photo of a turtle,0.35957908630371094,0.3602903485298157
n01669191_10039-7,turtle,A photo of a turtle,0.35957908630371094,0.3602903485298157
n01669191_11217-3,turtle,A photo of a turtle,0.35957908630371094,0.3602903485298157
n01669191_11262-5,turtle,A photo of a turtle,0.35957908630371094,0.3602903485298157
n01669191_11683-4,turtle,A photo of a turtle,0.35957908630371094,0.3602903485298157
n01669191_1461-2,turtle,A photo of a turtle,0.35957908630371094,0.3602903485298157
n01669191_1461-5,turtle,A photo of a turtle,0.345285028219223,0.3456915020942688
n01669191_1492-2,turtle,A photo of a turtle,0.345285028219223,0.3456915020942688
n01669191_1522-5,turtle,A photo of a turtle,0.345285028219223,0.3456915020942688
n01669191_1628-1,turtle,A photo of a turtle,0.345285028219223,0.3456915020942688
n01669191_1628-3,turtle,A photo of a turtle,0.345285028219223,0.3456915020942688
n01669191_1717-1,turtle,A photo of a turtle,0.345285028219223,0.3456915020942688
n01669191_1717-6,turtle,A photo of a turtle,0.345285028219223,0.3456915020942688
n01669191_1769-4,turtle,A photo of a turtle,0.345285028219223,0.3456915020942688
n01669191_1965-5,turtle,A photo of a turtle,0.3471364676952362,0.3476301431655884
n01669191_1991-4,turtle,A photo of a turtle,0.3471364676952362,0.3476301431655884
n01669191_2252-5,turtle,A photo of a turtle,0.3471364676952362,0.3476301431655884
n01669191_2252-6,turtle,A photo of a turtle,0.3471364676952362,0.3476301431655884
n01669191_2252-7,turtle,A photo of a turtle,0.3471364676952362,0.3476301431655884
n01669191_2319-10,turtle,A photo of a turtle,0.3471364676952362,0.3476301431655884
n01669191_2319-8,turtle,A photo of a turtle,0.3471364676952362,0.3476301431655884
n01669191_2332-1,turtle,A photo of a turtle,0.3471364676952362,0.3476301431655884
n01669191_2352-3,turtle,A photo of a turtle,0.3656023144721985,0.3589212894439697
n01669191_2608-3,turtle,A photo of a turtle,0.3656023144721985,0.3589212894439697
n01669191_2608-6,turtle,A photo of a turtle,0.3656023144721985,0.3589212894439697
n01669191_3133-5,turtle,A photo of a turtle,0.3656023144721985,0.3589212894439697
n01669191_3133-6,turtle,A photo of a turtle,0.3656023144721985,0.3589212894439697
n01669191_3462-4,turtle,A photo of a turtle,0.3656023144721985,0.3589212894439697
n01669191_3629-3,turtle,A photo of a turtle,0.3656023144721985,0.3589212894439697
n01669191_3672-2,turtle,A photo of a turtle,0.3656023144721985,0.3589212894439697
n01669191_3818-5,turtle,A photo of a turtle,0.3707151412963867,0.372867226600647
n01669191_3820-5,turtle,A photo of a turtle,0.3707151412963867,0.372867226600647
n01669191_3820-7,turtle,A photo of a turtle,0.3707151412963867,0.372867226600647
n01669191_4047-7,turtle,A photo of a turtle,0.3707151412963867,0.372867226600647
n01669191_413-1,turtle,A photo of a turtle,0.3707151412963867,0.372867226600647
n01669191_417-6,turtle,A photo of a turtle,0.3707151412963867,0.372867226600647
n01669191_417-7,turtle,A photo of a turtle,0.3707151412963867,0.372867226600647
n01669191_4285-6,turtle,A photo of a turtle,0.3707151412963867,0.372867226600647
n01669191_4285-9,turtle,A photo of a turtle,0.3674285411834717,0.36549195647239685
n01669191_4313-3,turtle,A photo of a turtle,0.3674285411834717,0.36549195647239685
n01669191_4429-4,turtle,A photo of a turtle,0.3674285411834717,0.36549195647239685
n01669191_4431-1,turtle,A photo of a turtle,0.3674285411834717,0.36549195647239685
n01669191_4431-5,turtle,A photo of a turtle,0.3674285411834717,0.36549195647239685
n01669191_4493-3,turtle,A photo of a turtle,0.3674285411834717,0.36549195647239685
n01669191_4529-3,turtle,A photo of a turtle,0.3674285411834717,0.36549195647239685
n01669191_464-2,turtle,A photo of a turtle,0.3674285411834717,0.36549195647239685
n01669191_4791-1,turtle,A photo of a turtle,0.34907346963882446,0.34727996587753296
n01669191_4791-5,turtle,A photo of a turtle,0.34907346963882446,0.34727996587753296
n01669191_5168-4,turtle,A photo of a turtle,0.34907346963882446,0.34727996587753296
n01669191_5982-1,turtle,A photo of a turtle,0.34907346963882446,0.34727996587753296
n01669191_616-4,turtle,A photo of a turtle,0.34907346963882446,0.34727996587753296
n01669191_616-5,turtle,A photo of a turtle,0.34907346963882446,0.34727996587753296
n01669191_6317-3,turtle,A photo of a turtle,0.34907346963882446,0.34727996587753296
n01669191_6317-4,turtle,A photo of a turtle,0.34907346963882446,0.34727996587753296
n01669191_6317-6,turtle,A photo of a turtle,0.36778318881988525,0.366134911775589
n01669191_6317-9,turtle,A photo of a turtle,0.36778318881988525,0.366134911775589
n01669191_6448-2,turtle,A photo of a turtle,0.36778318881988525,0.366134911775589
n01669191_67-1,turtle,A photo of a turtle,0.36778318881988525,0.366134911775589
n01669191_6716-6,turtle,A photo of a turtle,0.36778318881988525,0.366134911775589
n01669191_6969-3,turtle,A photo of a turtle,0.36778318881988525,0.366134911775589
n01669191_7282-4,turtle,A photo of a turtle,0.36778318881988525,0.366134911775589
n01669191_7364-3,turtle,A photo of a turtle,0.36778318881988525,0.366134911775589
n01669191_7364-5,turtle,A photo of a turtle,0.3789183497428894,0.37814581394195557
n01669191_7445-1,turtle,A photo of a turtle,0.3789183497428894,0.37814581394195557
n01669191_7519-2,turtle,A photo of a turtle,0.3789183497428894,0.37814581394195557
n01669191_7519-9,turtle,A photo of a turtle,0.3789183497428894,0.37814581394195557
n01669191_7660-1,turtle,A photo of a turtle,0.3789183497428894,0.37814581394195557
n01669191_7660-2,turtle,A photo of a turtle,0.3789183497428894,0.37814581394195557
n01669191_7660-5,turtle,A photo of a turtle,0.3789183497428894,0.37814581394195557
n01669191_7682-1,turtle,A photo of a turtle,0.3789183497428894,0.37814581394195557
n01669191_7954-1,turtle,A photo of a turtle,0.37379777431488037,0.368064284324646
n01669191_7969-4,turtle,A photo of a turtle,0.37379777431488037,0.368064284324646
n01669191_8067-1,turtle,A photo of a turtle,0.37379777431488037,0.368064284324646
n01669191_8067-2,turtle,A photo of a turtle,0.37379777431488037,0.368064284324646
n01669191_8067-7,turtle,A photo of a turtle,0.37379777431488037,0.368064284324646
n01669191_8092-5,turtle,A photo of a turtle,0.37379777431488037,0.368064284324646
n01669191_8092-7,turtle,A photo of a turtle,0.37379777431488037,0.368064284324646
n01669191_8875-6,turtle,A photo of a turtle,0.37379777431488037,0.368064284324646
n01669191_8902-9,turtle,A photo of a turtle,0.349477082490921,0.3459475040435791
n01669191_9169-2,turtle,A photo of a turtle,0.349477082490921,0.3459475040435791
n01669191_9193-5,turtle,A photo of a turtle,0.349477082490921,0.3459475040435791
n01669191_9194-2,turtle,A photo of a turtle,0.349477082490921,0.3459475040435791
n01669191_9430-1,turtle,A photo of a turtle,0.349477082490921,0.3459475040435791
n01669191_9430-2,turtle,A photo of a turtle,0.349477082490921,0.3459475040435791
n01669191_9556-6,turtle,A photo of a turtle,0.349477082490921,0.3459475040435791
n01669191_9750-2,turtle,A photo of a turtle,0.349477082490921,0.3459475040435791
n01669191_978-2,turtle,A photo of a turtle,0.36647337675094604,0.3663601875305176
n01669191_978-3,turtle,A photo of a turtle,0.36647337675094604,0.3663601875305176
n01669191_978-5,turtle,A photo of a turtle,0.36647337675094604,0.3663601875305176
n04507155_10216-2,umbrella,A photo of a umbrella,0.36647337675094604,0.3663601875305176
n04507155_10289-4,umbrella,A photo of a umbrella,0.36647337675094604,0.3663601875305176
n04507155_11209-2,umbrella,A photo of a umbrella,0.36647337675094604,0.3663601875305176
n04507155_11209-4,umbrella,A photo of a umbrella,0.36647337675094604,0.3663601875305176
n04507155_11282-2,umbrella,A photo of a umbrella,0.36647337675094604,0.3663601875305176
n04507155_11431-5,umbrella,A photo of a umbrella,0.41747719049453735,0.4215187132358551
n04507155_1165-1,umbrella,A photo of a umbrella,0.41747719049453735,0.4215187132358551
n04507155_11698-2,umbrella,A photo of a umbrella,0.41747719049453735,0.4215187132358551
n04507155_1205-4,umbrella,A photo of a umbrella,0.41747719049453735,0.4215187132358551
n04507155_12420-2,umbrella,A photo of a umbrella,0.41747719049453735,0.4215187132358551
n04507155_1254-4,umbrella,A photo of a umbrella,0.41747719049453735,0.4215187132358551
n04507155_12950-3,umbrella,A photo of a umbrella,0.41747719049453735,0.4215187132358551
n04507155_13221-1,umbrella,A photo of a umbrella,0.41747719049453735,0.4215187132358551
n04507155_1426-1,umbrella,A photo of a umbrella,0.390488862991333,0.3922158479690552
n04507155_1426-2,umbrella,A photo of a umbrella,0.390488862991333,0.3922158479690552
n04507155_15007-4,umbrella,A photo of a umbrella,0.390488862991333,0.3922158479690552
n04507155_15141-3,umbrella,A photo of a umbrella,0.390488862991333,0.3922158479690552
n04507155_1649-5,umbrella,A photo of a umbrella,0.390488862991333,0.3922158479690552
n04507155_1649-7,umbrella,A photo of a umbrella,0.390488862991333,0.3922158479690552
n04507155_17155-1,umbrella,A photo of a umbrella,0.390488862991333,0.3922158479690552
n04507155_17309-3,umbrella,A photo of a umbrella,0.390488862991333,0.3922158479690552
n04507155_17309-5,umbrella,A photo of a umbrella,0.3844749331474304,0.38529300689697266
n04507155_17360-3,umbrella,A photo of a umbrella,0.3844749331474304,0.38529300689697266
n04507155_17360-4,umbrella,A photo of a umbrella,0.3844749331474304,0.38529300689697266
n04507155_17395-5,umbrella,A photo of a umbrella,0.3844749331474304,0.38529300689697266
n04507155_18233-1,umbrella,A photo of a umbrella,0.3844749331474304,0.38529300689697266
n04507155_18671-4,umbrella,A photo of a umbrella,0.3844749331474304,0.38529300689697266
n04507155_18674-3,umbrella,A photo of a umbrella,0.3844749331474304,0.38529300689697266
n04507155_18674-6,umbrella,A photo of a umbrella,0.3844749331474304,0.38529300689697266
n04507155_18756-5,umbrella,A photo of a umbrella,0.3780464231967926,0.3768554925918579
n04507155_18977-2,umbrella,A photo of a umbrella,0.3780464231967926,0.3768554925918579
n04507155_2158-3,umbrella,A photo of a umbrella,0.3780464231967926,0.3768554925918579
n04507155_2320-3,umbrella,A photo of a umbrella,0.3780464231967926,0.3768554925918579
n04507155_2320-4,umbrella,A photo of a umbrella,0.3780464231967926,0.3768554925918579
n04507155_23800-4,umbrella,A photo of a umbrella,0.3780464231967926,0.3768554925918579
n04507155_2447-5,umbrella,A photo of a umbrella,0.3780464231967926,0.3768554925918579
n04507155_2533-1,umbrella,A photo of a umbrella,0.3780464231967926,0.3768554925918579
n04507155_2533-5,umbrella,A photo of a umbrella,0.4005162715911865,0.40151670575141907
n04507155_2551-2,umbrella,A photo of a umbrella,0.4005162715911865,0.40151670575141907
n04507155_2782-5,umbrella,A photo of a umbrella,0.4005162715911865,0.40151670575141907
n04507155_2782-6,umbrella,A photo of a umbrella,0.4005162715911865,0.40151670575141907
n04507155_2902-4,umbrella,A photo of a umbrella,0.4005162715911865,0.40151670575141907
n04507155_2902-5,umbrella,A photo of a umbrella,0.4005162715911865,0.40151670575141907
n04507155_3113-1,umbrella,A photo of a umbrella,0.4005162715911865,0.40151670575141907
n04507155_3113-3,umbrella,A photo of a umbrella,0.4005162715911865,0.40151670575141907
n04507155_3113-4,umbrella,A photo of a umbrella,0.3970133066177368,0.3971114456653595
n04507155_348-1,umbrella,A photo of a umbrella,0.3970133066177368,0.3971114456653595
n04507155_3882-2,umbrella,A photo of a umbrella,0.3970133066177368,0.3971114456653595
n04507155_4053-4,umbrella,A photo of a umbrella,0.3970133066177368,0.3971114456653595
n04507155_4592-2,umbrella,A photo of a umbrella,0.3970133066177368,0.3971114456653595
n04507155_4592-4,umbrella,A photo of a umbrella,0.3970133066177368,0.3971114456653595
n04507155_4852-1,umbrella,A photo of a umbrella,0.3970133066177368,0.3971114456653595
n04507155_525-3,umbrella,A photo of a umbrella,0.3970133066177368,0.3971114456653595
n04507155_5525-3,umbrella,A photo of a umbrella,0.3767205774784088,0.3786196708679199
n04507155_5525-5,umbrella,A photo of a umbrella,0.3767205774784088,0.3786196708679199
n04507155_5894-4,umbrella,A photo of a umbrella,0.3767205774784088,0.3786196708679199
n04507155_6444-1,umbrella,A photo of a umbrella,0.3767205774784088,0.3786196708679199
n04507155_6602-4,umbrella,A photo of a umbrella,0.3767205774784088,0.3786196708679199
n04507155_6602-5,umbrella,A photo of a umbrella,0.3767205774784088,0.3786196708679199
n04507155_748-4,umbrella,A photo of a umbrella,0.3767205774784088,0.3786196708679199
n04507155_7574-3,umbrella,A photo of a umbrella,0.3767205774784088,0.3786196708679199
n04507155_8462-4,umbrella,A photo of a umbrella,0.38610148429870605,0.386760950088501
n04507155_8576-6,umbrella,A photo of a umbrella,0.38610148429870605,0.386760950088501
n04507155_8696-4,umbrella,A photo of a umbrella,0.38610148429870605,0.386760950088501
n04507155_8771-4,umbrella,A photo of a umbrella,0.38610148429870605,0.386760950088501
n04507155_8774-4,umbrella,A photo of a umbrella,0.38610148429870605,0.386760950088501
n04507155_8862-5,umbrella,A photo of a umbrella,0.38610148429870605,0.386760950088501
n04507155_8928-2,umbrella,A photo of a umbrella,0.38610148429870605,0.386760950088501
n04507155_9913-1,umbrella,A photo of a umbrella,0.38610148429870605,0.386760950088501
n04507155_995-2,umbrella,A photo of a umbrella,0.37648826837539673,0.38117313385009766
n04507155_995-4,umbrella,A photo of a umbrella,0.37648826837539673,0.38117313385009766
n02803934_12710-2,violin,A photo of a violin,0.37648826837539673,0.38117313385009766
n02803934_12710-4,violin,A photo of a violin,0.37648826837539673,0.38117313385009766
n02803934_12710-6,violin,A photo of a violin,0.37648826837539673,0.38117313385009766
n02803934_15271-2,violin,A photo of a violin,0.37648826837539673,0.38117313385009766
n02803934_15677-1,violin,A photo of a violin,0.37648826837539673,0.38117313385009766
n02803934_15823-5,violin,A photo of a violin,0.37648826837539673,0.38117313385009766
n02803934_1595-1,violin,A photo of a violin,0.3279130458831787,0.3274441361427307
n02803934_1595-3,violin,A photo of a violin,0.3279130458831787,0.3274441361427307
n02803934_1977-4,violin,A photo of a violin,0.3279130458831787,0.3274441361427307
n02803934_1977-5,violin,A photo of a violin,0.3279130458831787,0.3274441361427307
n02803934_23383-3,violin,A photo of a violin,0.3279130458831787,0.3274441361427307
n02803934_23383-5,violin,A photo of a violin,0.3279130458831787,0.3274441361427307
n02803934_26780-3,violin,A photo of a violin,0.3279130458831787,0.3274441361427307
n02803934_3358-2,violin,A photo of a violin,0.3279130458831787,0.3274441361427307
n02803934_3358-6,violin,A photo of a violin,0.3738343119621277,0.3750208914279938
n02803934_3358-7,violin,A photo of a violin,0.3738343119621277,0.3750208914279938
n02803934_3708-2,violin,A photo of a violin,0.3738343119621277,0.3750208914279938
n04536866_10420-1,violin,A photo of a violin,0.3738343119621277,0.3750208914279938
n04536866_10481-3,violin,A photo of a violin,0.3738343119621277,0.3750208914279938
n04536866_11466-1,violin,A photo of a violin,0.3738343119621277,0.3750208914279938
n04536866_11466-3,violin,A photo of a violin,0.3738343119621277,0.3750208914279938
n04536866_12035-5,violin,A photo of a violin,0.3738343119621277,0.3750208914279938
n04536866_12114-5,violin,A photo of a violin,0.35848167538642883,0.36197251081466675
n04536866_12293-2,violin,A photo of a violin,0.35848167538642883,0.36197251081466675
n04536866_12308-6,violin,A photo of a violin,0.35848167538642883,0.36197251081466675
n04536866_12441-3,violin,A photo of a violin,0.35848167538642883,0.36197251081466675
n04536866_12441-5,violin,A photo of a violin,0.35848167538642883,0.36197251081466675
n04536866_12600-3,violin,A photo of a violin,0.35848167538642883,0.36197251081466675
n04536866_12600-4,violin,A photo of a violin,0.35848167538642883,0.36197251081466675
n04536866_12720-2,violin,A photo of a violin,0.35848167538642883,0.36197251081466675
n04536866_12720-5,violin,A photo of a violin,0.33913755416870117,0.34346216917037964
n04536866_1290-1,violin,A photo of a violin,0.33913755416870117,0.34346216917037964
n04536866_1290-7,violin,A photo of a violin,0.33913755416870117,0.34346216917037964
n04536866_13157-3,violin,A photo of a violin,0.33913755416870117,0.34346216917037964
n04536866_13157-5,violin,A photo of a violin,0.33913755416870117,0.34346216917037964
n04536866_1394-2,violin,A photo of a violin,0.33913755416870117,0.34346216917037964
n04536866_14197-4,violin,A photo of a violin,0.33913755416870117,0.34346216917037964
n04536866_1466-2,violin,A photo of a violin,0.33913755416870117,0.34346216917037964
n04536866_1466-5,violin,A photo of a violin,0.34575337171554565,0.34987977147102356
n04536866_16971-8,violin,A photo of a violin,0.34575337171554565,0.34987977147102356
n04536866_17546-4,violin,A photo of a violin,0.34575337171554565,0.34987977147102356
n04536866_18174-3,violin,A photo of a violin,0.34575337171554565,0.34987977147102356
n04536866_18463-2,violin,A photo of a violin,0.34575337171554565,0.34987977147102356
n04536866_18463-4,violin,A photo of a violin,0.34575337171554565,0.34987977147102356
n04536866_18984-3,violin,A photo of a violin,0.34575337171554565,0.34987977147102356
n04536866_1926-3,violin,A photo of a violin,0.34575337171554565,0.34987977147102356
n04536866_1926-6,violin,A photo of a violin,0.3529964089393616,0.3542405366897583
n04536866_19782-3,violin,A photo of a violin,0.3529964089393616,0.3542405366897583
n04536866_20400-2,violin,A photo of a violin,0.3529964089393616,0.3542405366897583
n04536866_208-4,violin,A photo of a violin,0.3529964089393616,0.3542405366897583
n04536866_21658-1,violin,A photo of a violin,0.3529964089393616,0.3542405366897583
n04536866_21658-4,violin,A photo of a violin,0.3529964089393616,0.3542405366897583
n04536866_238-1,violin,A photo of a violin,0.3529964089393616,0.3542405366897583
n04536866_2466-4,violin,A photo of a violin,0.3529964089393616,0.3542405366897583
n04536866_2467-6,violin,A photo of a violin,0.34240466356277466,0.34817346930503845
n04536866_29730-2,violin,A photo of a violin,0.34240466356277466,0.34817346930503845
n04536866_29730-3,violin,A photo of a violin,0.34240466356277466,0.34817346930503845
n04536866_3050-1,violin,A photo of a violin,0.34240466356277466,0.34817346930503845
n04536866_3050-3,violin,A photo of a violin,0.34240466356277466,0.34817346930503845
n04536866_3246-6,violin,A photo of a violin,0.34240466356277466,0.34817346930503845
n04536866_3438-6,violin,A photo of a violin,0.34240466356277466,0.34817346930503845
n04536866_3499-1,violin,A photo of a violin,0.34240466356277466,0.34817346930503845
n04536866_3499-5,violin,A photo of a violin,0.3972642123699188,0.3941994309425354
n04536866_5392-5,violin,A photo of a violin,0.3972642123699188,0.3941994309425354
n04536866_6286-1,violin,A photo of a violin,0.3972642123699188,0.3941994309425354
n04536866_6286-2,violin,A photo of a violin,0.3972642123699188,0.3941994309425354
n04536866_7704-2,violin,A photo of a violin,0.3972642123699188,0.3941994309425354
n04536866_7704-4,violin,A photo of a violin,0.3972642123699188,0.3941994309425354
n04536866_7704-5,violin,A photo of a violin,0.3972642123699188,0.3941994309425354
n04536866_7834-2,violin,A photo of a violin,0.3972642123699188,0.3941994309425354
n04536866_7906-2,violin,A photo of a violin,0.36768388748168945,0.3709612786769867
n04536866_7906-4,violin,A photo of a violin,0.36768388748168945,0.3709612786769867
n04536866_8193-1,violin,A photo of a violin,0.36768388748168945,0.3709612786769867
n04536866_9089-1,violin,A photo of a violin,0.36768388748168945,0.3709612786769867
n04536866_9089-2,violin,A photo of a violin,0.36768388748168945,0.3709612786769867
n04536866_9124-1,violin,A photo of a violin,0.36768388748168945,0.3709612786769867
n04536866_9193-1,violin,A photo of a violin,0.36768388748168945,0.3709612786769867
n04536866_9451-3,violin,A photo of a violin,0.36768388748168945,0.3709612786769867
n04536866_9751-1,violin,A photo of a violin,0.3326137661933899,0.333293616771698
n04536866_9751-2,violin,A photo of a violin,0.3326137661933899,0.333293616771698
n04536866_9751-6,violin,A photo of a violin,0.3326137661933899,0.333293616771698
n04536866_9941-3,violin,A photo of a violin,0.3326137661933899,0.333293616771698
n04536866_9941-4,violin,A photo of a violin,0.3326137661933899,0.333293616771698
n04536866_9957-4,violin,A photo of a violin,0.3326137661933899,0.333293616771698
n09472597_11576-2,volcano,A photo of a volcano,0.3326137661933899,0.333293616771698
n09472597_11576-5,volcano,A photo of a volcano,0.3326137661933899,0.333293616771698
n09472597_13289-1,volcano,A photo of a volcano,0.3680127263069153,0.3680166006088257
n09472597_13950-1,volcano,A photo of a volcano,0.3680127263069153,0.3680166006088257
n09472597_13950-5,volcano,A photo of a volcano,0.3680127263069153,0.3680166006088257
n09472597_1402-3,volcano,A photo of a volcano,0.3680127263069153,0.3680166006088257
n09472597_14448-4,volcano,A photo of a volcano,0.3680127263069153,0.3680166006088257
n09472597_15266-2,volcano,A photo of a volcano,0.3680127263069153,0.3680166006088257
n09472597_15266-4,volcano,A photo of a volcano,0.3680127263069153,0.3680166006088257
n09472597_15266-5,volcano,A photo of a volcano,0.3680127263069153,0.3680166006088257
n09472597_1594-4,volcano,A photo of a volcano,0.44074714183807373,0.4379110038280487
n09472597_1594-5,volcano,A photo of a volcano,0.44074714183807373,0.4379110038280487
n09472597_17129-2,volcano,A photo of a volcano,0.44074714183807373,0.4379110038280487
n09472597_17129-4,volcano,A photo of a volcano,0.44074714183807373,0.4379110038280487
n09472597_18172-1,volcano,A photo of a volcano,0.44074714183807373,0.4379110038280487
n09472597_18172-2,volcano,A photo of a volcano,0.44074714183807373,0.4379110038280487
n09472597_18447-5,volcano,A photo of a volcano,0.44074714183807373,0.4379110038280487
n09472597_18524-4,volcano,A photo of a volcano,0.44074714183807373,0.4379110038280487
n09472597_18524-5,volcano,A photo of a volcano,0.35424941778182983,0.3523251414299011
n09472597_19571-3,volcano,A photo of a volcano,0.35424941778182983,0.3523251414299011
n09472597_19571-5,volcano,A photo of a volcano,0.35424941778182983,0.3523251414299011
n09472597_21426-1,volcano,A photo of a volcano,0.35424941778182983,0.3523251414299011
n09472597_21598-6,volcano,A photo of a volcano,0.35424941778182983,0.3523251414299011
n09472597_21598-8,volcano,A photo of a volcano,0.35424941778182983,0.3523251414299011
n09472597_21657-5,volcano,A photo of a volcano,0.35424941778182983,0.3523251414299011
n09472597_22187-5,volcano,A photo of a volcano,0.35424941778182983,0.3523251414299011
n09472597_22187-7,volcano,A photo of a volcano,0.34316062927246094,0.3375019431114197
n09472597_22187-8,volcano,A photo of a volcano,0.34316062927246094,0.3375019431114197
n09472597_22975-1,volcano,A photo of a volcano,0.34316062927246094,0.3375019431114197
n09472597_22975-5,volcano,A photo of a volcano,0.34316062927246094,0.3375019431114197
n09472597_23729-2,volcano,A photo of a volcano,0.34316062927246094,0.3375019431114197
n09472597_24201-4,volcano,A photo of a volcano,0.34316062927246094,0.3375019431114197
n09472597_24201-5,volcano,A photo of a volcano,0.34316062927246094,0.3375019431114197
n09472597_2519-2,volcano,A photo of a volcano,0.34316062927246094,0.3375019431114197
n09472597_2519-3,volcano,A photo of a volcano,0.31427985429763794,0.31417858600616455
n09472597_2519-5,volcano,A photo of a volcano,0.31427985429763794,0.31417858600616455
n09472597_26604-1,volcano,A photo of a volcano,0.31427985429763794,0.31417858600616455
n09472597_28483-1,volcano,A photo of a volcano,0.31427985429763794,0.31417858600616455
n09472597_2855-2,volcano,A photo of a volcano,0.31427985429763794,0.31417858600616455
n09472597_28755-6,volcano,A photo of a volcano,0.31427985429763794,0.31417858600616455
n09472597_29835-1,volcano,A photo of a volcano,0.31427985429763794,0.31417858600616455
n09472597_29835-5,volcano,A photo of a volcano,0.31427985429763794,0.31417858600616455
n09472597_29862-3,volcano,A photo of a volcano,0.33243805170059204,0.3297088146209717
n09472597_29878-1,volcano,A photo of a volcano,0.33243805170059204,0.3297088146209717
n09472597_29878-5,volcano,A photo of a volcano,0.33243805170059204,0.3297088146209717
n09472597_30574-5,volcano,A photo of a volcano,0.33243805170059204,0.3297088146209717
n09472597_30667-2,volcano,A photo of a volcano,0.33243805170059204,0.3297088146209717
n09472597_30936-1,volcano,A photo of a volcano,0.33243805170059204,0.3297088146209717
n09472597_31092-3,volcano,A photo of a volcano,0.33243805170059204,0.3297088146209717
n09472597_3241-3,volcano,A photo of a volcano,0.33243805170059204,0.3297088146209717
n09472597_32768-2,volcano,A photo of a volcano,0.3522535562515259,0.35167497396469116
n09472597_32768-5,volcano,A photo of a volcano,0.3522535562515259,0.35167497396469116
n09472597_33008-3,volcano,A photo of a volcano,0.3522535562515259,0.35167497396469116
n09472597_33008-4,volcano,A photo of a volcano,0.3522535562515259,0.35167497396469116
n09472597_34625-4,volcano,A photo of a volcano,0.3522535562515259,0.35167497396469116
n09472597_34625-5,volcano,A photo of a volcano,0.3522535562515259,0.35167497396469116
n09472597_34930-1,volcano,A photo of a volcano,0.3522535562515259,0.35167497396469116
n09472597_35497-4,volcano,A photo of a volcano,0.3522535562515259,0.35167497396469116
n09472597_35779-1,volcano,A photo of a volcano,0.3253316879272461,0.31657302379608154
n09472597_35779-3,volcano,A photo of a volcano,0.3253316879272461,0.31657302379608154
n09472597_36402-5,volcano,A photo of a volcano,0.3253316879272461,0.31657302379608154
n09472597_36402-6,volcano,A photo of a volcano,0.3253316879272461,0.31657302379608154
n09472597_36414-5,volcano,A photo of a volcano,0.3253316879272461,0.31657302379608154
n09472597_37319-3,volcano,A photo of a volcano,0.3253316879272461,0.31657302379608154
n09472597_37319-5,volcano,A photo of a volcano,0.3253316879272461,0.31657302379608154
n09472597_38264-2,volcano,A photo of a volcano,0.3253316879272461,0.31657302379608154
n09472597_39191-3,volcano,A photo of a volcano,0.3475707173347473,0.3437286913394928
n09472597_39191-6,volcano,A photo of a volcano,0.3475707173347473,0.3437286913394928
n09472597_39459-1,volcano,A photo of a volcano,0.3475707173347473,0.3437286913394928
n09472597_39459-3,volcano,A photo of a volcano,0.3475707173347473,0.3437286913394928
n09472597_39459-6,volcano,A photo of a volcano,0.3475707173347473,0.3437286913394928
n09472597_39578-1,volcano,A photo of a volcano,0.3475707173347473,0.3437286913394928
n09472597_39605-2,volcano,A photo of a volcano,0.3475707173347473,0.3437286913394928
n09472597_39657-4,volcano,A photo of a volcano,0.3475707173347473,0.3437286913394928
n09472597_40594-1,volcano,A photo of a volcano,0.32035839557647705,0.31723552942276
n09472597_40594-2,volcano,A photo of a volcano,0.32035839557647705,0.31723552942276
n09472597_42000-5,volcano,A photo of a volcano,0.32035839557647705,0.31723552942276
n09472597_446-2,volcano,A photo of a volcano,0.32035839557647705,0.31723552942276
n09472597_44894-4,volcano,A photo of a volcano,0.32035839557647705,0.31723552942276
n09472597_4921-2,volcano,A photo of a volcano,0.32035839557647705,0.31723552942276
n09472597_49519-1,volcano,A photo of a volcano,0.32035839557647705,0.31723552942276
n09472597_51768-2,volcano,A photo of a volcano,0.32035839557647705,0.31723552942276
n09472597_51768-5,volcano,A photo of a volcano,0.3768497109413147,0.3705040514469147
n09472597_52209-3,volcano,A photo of a volcano,0.3768497109413147,0.3705040514469147
n09472597_52209-5,volcano,A photo of a volcano,0.3768497109413147,0.3705040514469147
n09472597_52937-3,volcano,A photo of a volcano,0.3768497109413147,0.3705040514469147
n09472597_52937-5,volcano,A photo of a volcano,0.3768497109413147,0.3705040514469147
n09472597_8901-3,volcano,A photo of a volcano,0.3768497109413147,0.3705040514469147
n09472597_8990-2,volcano,A photo of a volcano,0.3768497109413147,0.3705040514469147
n09472597_8990-4,volcano,A photo of a volcano,0.3768497109413147,0.3705040514469147
n09472597_9672-1,volcano,A photo of a volcano,0.4304097592830658,0.4287799596786499
n02000954_1157-5,wading_bird,A photo of a wading bird,0.4304097592830658,0.4287799596786499
n02000954_999-1,wading_bird,A photo of a wading bird,0.4304097592830658,0.4287799596786499
n02000954_999-4,wading_bird,A photo of a wading bird,0.4304097592830658,0.4287799596786499
n02002724_1351-4,wading_bird,A photo of a wading bird,0.4304097592830658,0.4287799596786499
n02002724_3660-2,wading_bird,A photo of a wading bird,0.4304097592830658,0.4287799596786499
n02002724_3660-4,wading_bird,A photo of a wading bird,0.4304097592830658,0.4287799596786499
n02002724_383-5,wading_bird,A photo of a wading bird,0.4304097592830658,0.4287799596786499
n02002724_4044-3,wading_bird,A photo of a wading bird,0.4192565679550171,0.4220331609249115
n02002724_4312-1,wading_bird,A photo of a wading bird,0.4192565679550171,0.4220331609249115
n02002724_4312-3,wading_bird,A photo of a wading bird,0.4192565679550171,0.4220331609249115
n02002724_4592-4,wading_bird,A photo of a wading bird,0.4192565679550171,0.4220331609249115
n02002724_49-4,wading_bird,A photo of a wading bird,0.4192565679550171,0.4220331609249115
n02002724_49-8,wading_bird,A photo of a wading bird,0.4192565679550171,0.4220331609249115
n02002724_49-9,wading_bird,A photo of a wading bird,0.4192565679550171,0.4220331609249115
n02002724_5474-2,wading_bird,A photo of a wading bird,0.4192565679550171,0.4220331609249115
n02002724_627-2,wading_bird,A photo of a wading bird,0.385761559009552,0.38567301630973816
n02002724_627-5,wading_bird,A photo of a wading bird,0.385761559009552,0.38567301630973816
n02002724_7923-3,wading_bird,A photo of a wading bird,0.385761559009552,0.38567301630973816
n02007558_10967-2,wading_bird,A photo of a wading bird,0.385761559009552,0.38567301630973816
n02007558_10967-3,wading_bird,A photo of a wading bird,0.385761559009552,0.38567301630973816
n02007558_11274-5,wading_bird,A photo of a wading bird,0.385761559009552,0.38567301630973816
n02007558_11607-5,wading_bird,A photo of a wading bird,0.385761559009552,0.38567301630973816
n02007558_14393-2,wading_bird,A photo of a wading bird,0.385761559009552,0.38567301630973816
n02007558_2019-2,wading_bird,A photo of a wading bird,0.35937345027923584,0.35682469606399536
n02007558_3349-5,wading_bird,A photo of a wading bird,0.35937345027923584,0.35682469606399536
n02007558_3349-6,wading_bird,A photo of a wading bird,0.35937345027923584,0.35682469606399536
n02007558_4041-2,wading_bird,A photo of a wading bird,0.35937345027923584,0.35682469606399536
n02007558_6023-4,wading_bird,A photo of a wading bird,0.35937345027923584,0.35682469606399536
n02007558_6882-2,wading_bird,A photo of a wading bird,0.35937345027923584,0.35682469606399536
n02007558_6882-5,wading_bird,A photo of a wading bird,0.35937345027923584,0.35682469606399536
n02007558_692-1,wading_bird,A photo of a wading bird,0.35937345027923584,0.35682469606399536
n02007558_692-2,wading_bird,A photo of a wading bird,0.38627541065216064,0.38890156149864197
n02007558_692-4,wading_bird,A photo of a wading bird,0.38627541065216064,0.38890156149864197
n02007558_878-1,wading_bird,A photo of a wading bird,0.38627541065216064,0.38890156149864197
n02009912_10000-5,wading_bird,A photo of a wading bird,0.38627541065216064,0.38890156149864197
n02009912_10216-5,wading_bird,A photo of a wading bird,0.38627541065216064,0.38890156149864197
n02009912_10484-2,wading_bird,A photo of a wading bird,0.38627541065216064,0.38890156149864197
n02009912_11186-1,wading_bird,A photo of a wading bird,0.38627541065216064,0.38890156149864197
n02009912_11186-4,wading_bird,A photo of a wading bird,0.38627541065216064,0.38890156149864197
n02009912_11186-5,wading_bird,A photo of a wading bird,0.3894925117492676,0.39384907484054565
n02009912_11963-5,wading_bird,A photo of a wading bird,0.3894925117492676,0.39384907484054565
n02009912_13673-1,wading_bird,A photo of a wading bird,0.3894925117492676,0.39384907484054565
n02009912_13673-4,wading_bird,A photo of a wading bird,0.3894925117492676,0.39384907484054565
n02009912_13745-2,wading_bird,A photo of a wading bird,0.3894925117492676,0.39384907484054565
n02009912_13745-5,wading_bird,A photo of a wading bird,0.3894925117492676,0.39384907484054565
n02009912_13815-3,wading_bird,A photo of a wading bird,0.3894925117492676,0.39384907484054565
n02009912_14049-1,wading_bird,A photo of a wading bird,0.3894925117492676,0.39384907484054565
n02009912_2166-4,wading_bird,A photo of a wading bird,0.4020911753177643,0.40275102853775024
n02009912_3233-6,wading_bird,A photo of a wading bird,0.4020911753177643,0.40275102853775024
n02009912_4071-2,wading_bird,A photo of a wading bird,0.4020911753177643,0.40275102853775024
n02009912_4071-5,wading_bird,A photo of a wading bird,0.4020911753177643,0.40275102853775024
n02009912_43-2,wading_bird,A photo of a wading bird,0.4020911753177643,0.40275102853775024
n02009912_5805-2,wading_bird,A photo of a wading bird,0.4020911753177643,0.40275102853775024
n02009912_6453-2,wading_bird,A photo of a wading bird,0.4020911753177643,0.40275102853775024
n02009912_7121-5,wading_bird,A photo of a wading bird,0.4020911753177643,0.40275102853775024
n02009912_7578-1,wading_bird,A photo of a wading bird,0.3836837410926819,0.3859924376010895
n02009912_7578-5,wading_bird,A photo of a wading bird,0.3836837410926819,0.3859924376010895
n02009912_8250-5,wading_bird,A photo of a wading bird,0.3836837410926819,0.3859924376010895
n02009912_8374-3,wading_bird,A photo of a wading bird,0.3836837410926819,0.3859924376010895
n02009912_8434-2,wading_bird,A photo of a wading bird,0.3836837410926819,0.3859924376010895
n02009912_9497-3,wading_bird,A photo of a wading bird,0.3836837410926819,0.3859924376010895
n02012849_12869-2,wading_bird,A photo of a wading bird,0.3836837410926819,0.3859924376010895
n02012849_12869-3,wading_bird,A photo of a wading bird,0.3836837410926819,0.3859924376010895
n02012849_13044-2,wading_bird,A photo of a wading bird,0.3650388717651367,0.3658347427845001
n02012849_3472-2,wading_bird,A photo of a wading bird,0.3650388717651367,0.3658347427845001
n02012849_3859-3,wading_bird,A photo of a wading bird,0.3650388717651367,0.3658347427845001
n02012849_3859-5,wading_bird,A photo of a wading bird,0.3650388717651367,0.3658347427845001
n02012849_4725-2,wading_bird,A photo of a wading bird,0.3650388717651367,0.3658347427845001
n02012849_4725-5,wading_bird,A photo of a wading bird,0.3650388717651367,0.3658347427845001
n02012849_5233-4,wading_bird,A photo of a wading bird,0.3650388717651367,0.3658347427845001
n02012849_5577-4,wading_bird,A photo of a wading bird,0.3650388717651367,0.3658347427845001
n02012849_565-1,wading_bird,A photo of a wading bird,0.351602166891098,0.35185882449150085
n02012849_57-1,wading_bird,A photo of a wading bird,0.351602166891098,0.35185882449150085
n02012849_6464-3,wading_bird,A photo of a wading bird,0.351602166891098,0.35185882449150085
n02012849_9349-3,wading_bird,A photo of a wading bird,0.351602166891098,0.35185882449150085
n04576002_10456-4,wheelchair,A photo of a wheelchair,0.351602166891098,0.35185882449150085
n04576002_10470-2,wheelchair,A photo of a wheelchair,0.351602166891098,0.35185882449150085
n04576002_10706-6,wheelchair,A photo of a wheelchair,0.351602166891098,0.35185882449150085
n04576002_11646-3,wheelchair,A photo of a wheelchair,0.351602166891098,0.35185882449150085
n04576002_1172-2,wheelchair,A photo of a wheelchair,0.36341357231140137,0.36218374967575073
n04576002_11934-4,wheelchair,A photo of a wheelchair,0.36341357231140137,0.36218374967575073
n04576002_12205-2,wheelchair,A photo of a wheelchair,0.36341357231140137,0.36218374967575073
n04576002_12206-3,wheelchair,A photo of a wheelchair,0.36341357231140137,0.36218374967575073
n04576002_12414-2,wheelchair,A photo of a wheelchair,0.36341357231140137,0.36218374967575073
n04576002_12659-1,wheelchair,A photo of a wheelchair,0.36341357231140137,0.36218374967575073
n04576002_12659-2,wheelchair,A photo of a wheelchair,0.36341357231140137,0.36218374967575073
n04576002_12659-4,wheelchair,A photo of a wheelchair,0.36341357231140137,0.36218374967575073
n04576002_12659-5,wheelchair,A photo of a wheelchair,0.35566961765289307,0.35482126474380493
n04576002_12899-5,wheelchair,A photo of a wheelchair,0.35566961765289307,0.35482126474380493
n04576002_14283-2,wheelchair,A photo of a wheelchair,0.35566961765289307,0.35482126474380493
n04576002_1479-2,wheelchair,A photo of a wheelchair,0.35566961765289307,0.35482126474380493
n04576002_1479-3,wheelchair,A photo of a wheelchair,0.35566961765289307,0.35482126474380493
n04576002_1479-6,wheelchair,A photo of a wheelchair,0.35566961765289307,0.35482126474380493
n04576002_150-4,wheelchair,A photo of a wheelchair,0.35566961765289307,0.35482126474380493
n04576002_1710-1,wheelchair,A photo of a wheelchair,0.35566961765289307,0.35482126474380493
n04576002_1710-4,wheelchair,A photo of a wheelchair,0.3472893238067627,0.34686774015426636
n04576002_2166-1,wheelchair,A photo of a wheelchair,0.3472893238067627,0.34686774015426636
n04576002_2166-4,wheelchair,A photo of a wheelchair,0.3472893238067627,0.34686774015426636
n04576002_2241-3,wheelchair,A photo of a wheelchair,0.3472893238067627,0.34686774015426636
n04576002_2351-2,wheelchair,A photo of a wheelchair,0.3472893238067627,0.34686774015426636
n04576002_2441-4,wheelchair,A photo of a wheelchair,0.3472893238067627,0.34686774015426636
n04576002_2531-5,wheelchair,A photo of a wheelchair,0.3472893238067627,0.34686774015426636
n04576002_2704-4,wheelchair,A photo of a wheelchair,0.3472893238067627,0.34686774015426636
n04576002_2776-3,wheelchair,A photo of a wheelchair,0.36000359058380127,0.3564681112766266
n04576002_2868-2,wheelchair,A photo of a wheelchair,0.36000359058380127,0.3564681112766266
n04576002_3057-2,wheelchair,A photo of a wheelchair,0.36000359058380127,0.3564681112766266
n04576002_3057-5,wheelchair,A photo of a wheelchair,0.36000359058380127,0.3564681112766266
n04576002_3333-1,wheelchair,A photo of a wheelchair,0.36000359058380127,0.3564681112766266
n04576002_3853-1,wheelchair,A photo of a wheelchair,0.36000359058380127,0.3564681112766266
n04576002_388-1,wheelchair,A photo of a wheelchair,0.36000359058380127,0.3564681112766266
n04576002_3951-1,wheelchair,A photo of a wheelchair,0.36000359058380127,0.3564681112766266
n04576002_3951-5,wheelchair,A photo of a wheelchair,0.3548976182937622,0.35582709312438965
n04576002_427-2,wheelchair,A photo of a wheelchair,0.3548976182937622,0.35582709312438965
n04576002_4301-1,wheelchair,A photo of a wheelchair,0.3548976182937622,0.35582709312438965
n04576002_4301-4,wheelchair,A photo of a wheelchair,0.3548976182937622,0.35582709312438965
n04576002_4609-5,wheelchair,A photo of a wheelchair,0.3548976182937622,0.35582709312438965
n04576002_4652-2,wheelchair,A photo of a wheelchair,0.3548976182937622,0.35582709312438965
n04576002_4652-5,wheelchair,A photo of a wheelchair,0.3548976182937622,0.35582709312438965
n04576002_4862-4,wheelchair,A photo of a wheelchair,0.3548976182937622,0.35582709312438965
n04576002_4862-5,wheelchair,A photo of a wheelchair,0.3441794216632843,0.34511423110961914
n04576002_497-5,wheelchair,A photo of a wheelchair,0.3441794216632843,0.34511423110961914
n04576002_5656-5,wheelchair,A photo of a wheelchair,0.3441794216632843,0.34511423110961914
n04576002_602-2,wheelchair,A photo of a wheelchair,0.3441794216632843,0.34511423110961914
n04576002_6026-3,wheelchair,A photo of a wheelchair,0.3441794216632843,0.34511423110961914
n04576002_6026-4,wheelchair,A photo of a wheelchair,0.3441794216632843,0.34511423110961914
n04576002_6052-1,wheelchair,A photo of a wheelchair,0.3441794216632843,0.34511423110961914
n04576002_6052-2,wheelchair,A photo of a wheelchair,0.3441794216632843,0.34511423110961914
n04576002_6077-5,wheelchair,A photo of a wheelchair,0.35519489645957947,0.35337749123573303
n04576002_6100-3,wheelchair,A photo of a wheelchair,0.35519489645957947,0.35337749123573303
n04576002_6100-4,wheelchair,A photo of a wheelchair,0.35519489645957947,0.35337749123573303
n04576002_613-1,wheelchair,A photo of a wheelchair,0.35519489645957947,0.35337749123573303
n04576002_613-5,wheelchair,A photo of a wheelchair,0.35519489645957947,0.35337749123573303
n04576002_6572-5,wheelchair,A photo of a wheelchair,0.35519489645957947,0.35337749123573303
n04576002_6685-1,wheelchair,A photo of a wheelchair,0.35519489645957947,0.35337749123573303
n04576002_6836-5,wheelchair,A photo of a wheelchair,0.35519489645957947,0.35337749123573303
n04576002_6837-6,wheelchair,A photo of a wheelchair,0.36351773142814636,0.36228764057159424
n04576002_7105-4,wheelchair,A photo of a wheelchair,0.36351773142814636,0.36228764057159424
n04576002_7120-1,wheelchair,A photo of a wheelchair,0.36351773142814636,0.36228764057159424
n04576002_7120-4,wheelchair,A photo of a wheelchair,0.36351773142814636,0.36228764057159424
n04576002_7419-2,wheelchair,A photo of a wheelchair,0.36351773142814636,0.36228764057159424
n04576002_7953-1,wheelchair,A photo of a wheelchair,0.36351773142814636,0.36228764057159424
n04576002_8196-5,wheelchair,A photo of a wheelchair,0.36351773142814636,0.36228764057159424
n04576002_8360-2,wheelchair,A photo of a wheelchair,0.36351773142814636,0.36228764057159424
n04576002_8360-4,wheelchair,A photo of a wheelchair,0.3672851324081421,0.36496663093566895
n04576002_8360-5,wheelchair,A photo of a wheelchair,0.3672851324081421,0.36496663093566895
n04576002_8473-1,wheelchair,A photo of a wheelchair,0.3672851324081421,0.36496663093566895
n04576002_8473-3,wheelchair,A photo of a wheelchair,0.3672851324081421,0.36496663093566895
n04576002_8836-1,wheelchair,A photo of a wheelchair,0.3672851324081421,0.36496663093566895
n04576002_8836-5,wheelchair,A photo of a wheelchair,0.3672851324081421,0.36496663093566895
n04576002_8948-1,wheelchair,A photo of a wheelchair,0.3672851324081421,0.36496663093566895
n04576002_9039-5,wheelchair,A photo of a wheelchair,0.3672851324081421,0.36496663093566895
n04576002_9403-3,wheelchair,A photo of a wheelchair,0.34222009778022766,0.3405124545097351
n04576002_9403-5,wheelchair,A photo of a wheelchair,0.34222009778022766,0.3405124545097351
n04576002_9533-5,wheelchair,A photo of a wheelchair,0.34222009778022766,0.3405124545097351
n04576002_9533-8,wheelchair,A photo of a wheelchair,0.34222009778022766,0.3405124545097351
n04576002_9637-4,wheelchair,A photo of a wheelchair,0.34222009778022766,0.3405124545097351
n04576002_9834-2,wheelchair,A photo of a wheelchair,0.34222009778022766,0.3405124545097351
n04576002_9834-4,wheelchair,A photo of a wheelchair,0.34222009778022766,0.3405124545097351
n04576002_989-4,wheelchair,A photo of a wheelchair,0.34222009778022766,0.3405124545097351
n04576002_9916-1,wheelchair,A photo of a wheelchair,0.33627399802207947,0.3382984697818756
n04587404_12192-5,windmill,A photo of a windmill,0.33627399802207947,0.3382984697818756
n04587404_13059-2,windmill,A photo of a windmill,0.33627399802207947,0.3382984697818756
n04587404_13606-6,windmill,A photo of a windmill,0.33627399802207947,0.3382984697818756
n04587404_14056-5,windmill,A photo of a windmill,0.33627399802207947,0.3382984697818756
n04587404_14110-6,windmill,A photo of a windmill,0.33627399802207947,0.3382984697818756
n04587404_14223-1,windmill,A photo of a windmill,0.33627399802207947,0.3382984697818756
n04587404_14223-5,windmill,A photo of a windmill,0.33627399802207947,0.3382984697818756
n04587404_14661-8,windmill,A photo of a windmill,0.35670626163482666,0.36089980602264404
n04587404_14661-9,windmill,A photo of a windmill,0.35670626163482666,0.36089980602264404
n04587404_15486-5,windmill,A photo of a windmill,0.35670626163482666,0.36089980602264404
n04587404_1621-3,windmill,A photo of a windmill,0.35670626163482666,0.36089980602264404
n04587404_1621-5,windmill,A photo of a windmill,0.35670626163482666,0.36089980602264404
n04587404_16254-3,windmill,A photo of a windmill,0.35670626163482666,0.36089980602264404
n04587404_16956-2,windmill,A photo of a windmill,0.35670626163482666,0.36089980602264404
n04587404_16956-4,windmill,A photo of a windmill,0.35670626163482666,0.36089980602264404
n04587404_16956-5,windmill,A photo of a windmill,0.3548365831375122,0.3568408489227295
n04587404_17263-5,windmill,A photo of a windmill,0.3548365831375122,0.3568408489227295
n04587404_17785-2,windmill,A photo of a windmill,0.3548365831375122,0.3568408489227295
n04587404_17891-2,windmill,A photo of a windmill,0.3548365831375122,0.3568408489227295
n04587404_17891-3,windmill,A photo of a windmill,0.3548365831375122,0.3568408489227295
n04587404_18010-4,windmill,A photo of a windmill,0.3548365831375122,0.3568408489227295
n04587404_18014-1,windmill,A photo of a windmill,0.3548365831375122,0.3568408489227295
n04587404_18014-3,windmill,A photo of a windmill,0.3548365831375122,0.3568408489227295
n04587404_18014-4,windmill,A photo of a windmill,0.3656346797943115,0.3662537932395935
n04587404_18138-3,windmill,A photo of a windmill,0.3656346797943115,0.3662537932395935
n04587404_18313-1,windmill,A photo of a windmill,0.3656346797943115,0.3662537932395935
n04587404_18313-5,windmill,A photo of a windmill,0.3656346797943115,0.3662537932395935
n04587404_18387-5,windmill,A photo of a windmill,0.3656346797943115,0.3662537932395935
n04587404_18387-6,windmill,A photo of a windmill,0.3656346797943115,0.3662537932395935
n04587404_18523-2,windmill,A photo of a windmill,0.3656346797943115,0.3662537932395935
n04587404_18523-3,windmill,A photo of a windmill,0.3656346797943115,0.3662537932395935
n04587404_18560-1,windmill,A photo of a windmill,0.38116100430488586,0.38121747970581055
n04587404_18560-4,windmill,A photo of a windmill,0.38116100430488586,0.38121747970581055
n04587404_18560-6,windmill,A photo of a windmill,0.38116100430488586,0.38121747970581055
n04587404_18806-3,windmill,A photo of a windmill,0.38116100430488586,0.38121747970581055
n04587404_18806-5,windmill,A photo of a windmill,0.38116100430488586,0.38121747970581055
n04587404_19224-10,windmill,A photo of a windmill,0.38116100430488586,0.38121747970581055
n04587404_7129-5,windmill,A photo of a windmill,0.38116100430488586,0.38121747970581055
n04587559_10126-4,windmill,A photo of a windmill,0.38116100430488586,0.38121747970581055
n04587559_10502-2,windmill,A photo of a windmill,0.3864631652832031,0.3874589800834656
n04587559_10835-2,windmill,A photo of a windmill,0.3864631652832031,0.3874589800834656
n04587559_10835-4,windmill,A photo of a windmill,0.3864631652832031,0.3874589800834656
n04587559_10908-2,windmill,A photo of a windmill,0.3864631652832031,0.3874589800834656
n04587559_11388-5,windmill,A photo of a windmill,0.3864631652832031,0.3874589800834656
n04587559_11388-6,windmill,A photo of a windmill,0.3864631652832031,0.3874589800834656
n04587559_11467-3,windmill,A photo of a windmill,0.3864631652832031,0.3874589800834656
n04587559_11467-4,windmill,A photo of a windmill,0.3864631652832031,0.3874589800834656
n04587559_11711-1,windmill,A photo of a windmill,0.38697612285614014,0.38895341753959656
n04587559_11777-3,windmill,A photo of a windmill,0.38697612285614014,0.38895341753959656
n04587559_11777-4,windmill,A photo of a windmill,0.38697612285614014,0.38895341753959656
n04587559_11940-4,windmill,A photo of a windmill,0.38697612285614014,0.38895341753959656
n04587559_12084-3,windmill,A photo of a windmill,0.38697612285614014,0.38895341753959656
n04587559_12226-6,windmill,A photo of a windmill,0.38697612285614014,0.38895341753959656
n04587559_12849-2,windmill,A photo of a windmill,0.38697612285614014,0.38895341753959656
n04587559_12849-3,windmill,A photo of a windmill,0.38697612285614014,0.38895341753959656
n04587559_13173-1,windmill,A photo of a windmill,0.36646169424057007,0.37277576327323914
n04587559_13310-1,windmill,A photo of a windmill,0.36646169424057007,0.37277576327323914
n04587559_13348-1,windmill,A photo of a windmill,0.36646169424057007,0.37277576327323914
n04587559_13348-5,windmill,A photo of a windmill,0.36646169424057007,0.37277576327323914
n04587559_13350-4,windmill,A photo of a windmill,0.36646169424057007,0.37277576327323914
n04587559_13350-6,windmill,A photo of a windmill,0.36646169424057007,0.37277576327323914
n04587559_13391-1,windmill,A photo of a windmill,0.36646169424057007,0.37277576327323914
n04587559_13391-2,windmill,A photo of a windmill,0.36646169424057007,0.37277576327323914
n04587559_13406-5,windmill,A photo of a windmill,0.34779906272888184,0.35127729177474976
n04587559_2346-1,windmill,A photo of a windmill,0.34779906272888184,0.35127729177474976
n04587559_5532-1,windmill,A photo of a windmill,0.34779906272888184,0.35127729177474976
n04587559_6311-2,windmill,A photo of a windmill,0.34779906272888184,0.35127729177474976
n04587559_9050-1,windmill,A photo of a windmill,0.34779906272888184,0.35127729177474976
n04587559_9281-2,windmill,A photo of a windmill,0.34779906272888184,0.35127729177474976
n04587559_9549-2,windmill,A photo of a windmill,0.34779906272888184,0.35127729177474976
n04587559_9549-5,windmill,A photo of a windmill,0.34779906272888184,0.35127729177474976
n04587559_9556-4,windmill,A photo of a windmill,0.3892342448234558,0.39129823446273804
n04587559_9739-5,windmill,A photo of a windmill,0.3892342448234558,0.39129823446273804
n04587559_9838-1,windmill,A photo of a windmill,0.3892342448234558,0.39129823446273804
n03227184_2144-5,window,A photo of a window,0.3892342448234558,0.39129823446273804
n03227184_2268-4,window,A photo of a window,0.3892342448234558,0.39129823446273804
n03227184_2663-3,window,A photo of a window,0.3892342448234558,0.39129823446273804
n03227184_2971-3,window,A photo of a window,0.3892342448234558,0.39129823446273804
n03227184_3092-4,window,A photo of a window,0.3892342448234558,0.39129823446273804
n03227184_3250-4,window,A photo of a window,0.40302616357803345,0.40702998638153076
n03227184_3250-6,window,A photo of a window,0.40302616357803345,0.40702998638153076
n03227184_3259-1,window,A photo of a window,0.40302616357803345,0.40702998638153076
n03227184_3314-4,window,A photo of a window,0.40302616357803345,0.40702998638153076
n03227184_3465-2,window,A photo of a window,0.40302616357803345,0.40702998638153076
n03227184_3510-1,window,A photo of a window,0.40302616357803345,0.40702998638153076
n03227184_3510-3,window,A photo of a window,0.40302616357803345,0.40702998638153076
n03227184_3591-3,window,A photo of a window,0.40302616357803345,0.40702998638153076
n03227184_3591-4,window,A photo of a window,0.394521564245224,0.39906784892082214
n03227184_3591-5,window,A photo of a window,0.394521564245224,0.39906784892082214
n03227184_3654-4,window,A photo of a window,0.394521564245224,0.39906784892082214
n03395514_2428-1,window,A photo of a window,0.394521564245224,0.39906784892082214
n03395514_4537-1,window,A photo of a window,0.394521564245224,0.39906784892082214
n03395514_4537-4,window,A photo of a window,0.394521564245224,0.39906784892082214
n03395514_7436-3,window,A photo of a window,0.394521564245224,0.39906784892082214
n03395514_7436-7,window,A photo of a window,0.394521564245224,0.39906784892082214
n03395514_7550-3,window,A photo of a window,0.401402086019516,0.40418750047683716
n04239333_4154-7,window,A photo of a window,0.401402086019516,0.40418750047683716
n04239333_4154-8,window,A photo of a window,0.401402086019516,0.40418750047683716
n04239333_4669-2,window,A photo of a window,0.401402086019516,0.40418750047683716
n04239333_4669-3,window,A photo of a window,0.401402086019516,0.40418750047683716
n04239333_7624-4,window,A photo of a window,0.401402086019516,0.40418750047683716
n04239333_7624-5,window,A photo of a window,0.401402086019516,0.40418750047683716
n04239333_7667-2,window,A photo of a window,0.401402086019516,0.40418750047683716
n04239333_7667-4,window,A photo of a window,0.4149058163166046,0.41695454716682434
n04239333_7667-5,window,A photo of a window,0.4149058163166046,0.41695454716682434
n04587648_1320-3,window,A photo of a window,0.4149058163166046,0.41695454716682434
n04587648_14804-1,window,A photo of a window,0.4149058163166046,0.41695454716682434
n04587648_14804-3,window,A photo of a window,0.4149058163166046,0.41695454716682434
n04587648_14804-4,window,A photo of a window,0.4149058163166046,0.41695454716682434
n04587648_1510-3,window,A photo of a window,0.4149058163166046,0.41695454716682434
n04587648_16394-1,window,A photo of a window,0.4149058163166046,0.41695454716682434
n04587648_16432-2,window,A photo of a window,0.45079949498176575,0.4553558826446533
n04587648_16618-2,window,A photo of a window,0.45079949498176575,0.4553558826446533
n04587648_2543-5,window,A photo of a window,0.45079949498176575,0.4553558826446533
n04587648_2596-3,window,A photo of a window,0.45079949498176575,0.4553558826446533
n04587648_2596-5,window,A photo of a window,0.45079949498176575,0.4553558826446533
n04587648_3054-8,window,A photo of a window,0.45079949498176575,0.4553558826446533
n04587648_314-1,window,A photo of a window,0.45079949498176575,0.4553558826446533
n04587648_314-6,window,A photo of a window,0.45079949498176575,0.4553558826446533
n04587648_3619-1,window,A photo of a window,0.4062745273113251,0.4052130877971649
n04587648_4292-5,window,A photo of a window,0.4062745273113251,0.4052130877971649
n04587648_4428-3,window,A photo of a window,0.4062745273113251,0.4052130877971649
n04587648_811-3,window,A photo of a window,0.4062745273113251,0.4052130877971649
n04587648_850-2,window,A photo of a window,0.4062745273113251,0.4052130877971649
n04589593_10387-5,window,A photo of a window,0.4062745273113251,0.4052130877971649
n04589593_11449-2,window,A photo of a window,0.4062745273113251,0.4052130877971649
n04589593_11457-3,window,A photo of a window,0.4062745273113251,0.4052130877971649
n04589593_11597-1,window,A photo of a window,0.41803663969039917,0.4158526062965393
n04589593_11667-4,window,A photo of a window,0.41803663969039917,0.4158526062965393
n04589593_11675-5,window,A photo of a window,0.41803663969039917,0.4158526062965393
n04589593_11711-1,window,A photo of a window,0.41803663969039917,0.4158526062965393
n04589593_11711-2,window,A photo of a window,0.41803663969039917,0.4158526062965393
n04589593_12045-5,window,A photo of a window,0.41803663969039917,0.4158526062965393
n04589593_12070-5,window,A photo of a window,0.41803663969039917,0.4158526062965393
n04589593_12080-3,window,A photo of a window,0.41803663969039917,0.4158526062965393
n04589593_12141-2,window,A photo of a window,0.4221239984035492,0.42772215604782104
n04589593_12141-3,window,A photo of a window,0.4221239984035492,0.42772215604782104
n04589593_12443-3,window,A photo of a window,0.4221239984035492,0.42772215604782104
n04589593_12907-3,window,A photo of a window,0.4221239984035492,0.42772215604782104
n04589593_12907-5,window,A photo of a window,0.4221239984035492,0.42772215604782104
n04589593_12955-1,window,A photo of a window,0.4221239984035492,0.42772215604782104
n04589593_12955-4,window,A photo of a window,0.4221239984035492,0.42772215604782104
n04589593_13007-4,window,A photo of a window,0.4221239984035492,0.42772215604782104
n04589593_13410-1,window,A photo of a window,0.3737179636955261,0.3751544952392578
n04589593_13410-5,window,A photo of a window,0.3737179636955261,0.3751544952392578
n04589593_13591-1,window,A photo of a window,0.3737179636955261,0.3751544952392578
n04589593_13591-2,window,A photo of a window,0.3737179636955261,0.3751544952392578
n04589593_14314-3,window,A photo of a window,0.3737179636955261,0.3751544952392578
n04589593_15010-1,window,A photo of a window,0.3737179636955261,0.3751544952392578
n04589593_15010-4,window,A photo of a window,0.3737179636955261,0.3751544952392578
n04589593_15660-3,window,A photo of a window,0.3737179636955261,0.3751544952392578
n04589593_15660-6,window,A photo of a window,0.39803194999694824,0.4063307046890259
n04591713_1035-4,wine_bottle,A photo of a wine bottle,0.39803194999694824,0.4063307046890259
n04591713_105-4,wine_bottle,A photo of a wine bottle,0.39803194999694824,0.4063307046890259
n04591713_1132-2,wine_bottle,A photo of a wine bottle,0.39803194999694824,0.4063307046890259
n04591713_1132-4,wine_bottle,A photo of a wine bottle,0.39803194999694824,0.4063307046890259
n04591713_1132-7,wine_bottle,A photo of a wine bottle,0.39803194999694824,0.4063307046890259
n04591713_1257-4,wine_bottle,A photo of a wine bottle,0.39803194999694824,0.4063307046890259
n04591713_1361-4,wine_bottle,A photo of a wine bottle,0.39803194999694824,0.4063307046890259
n04591713_1407-1,wine_bottle,A photo of a wine bottle,0.35498231649398804,0.3609968423843384
n04591713_1407-3,wine_bottle,A photo of a wine bottle,0.35498231649398804,0.3609968423843384
n04591713_1407-4,wine_bottle,A photo of a wine bottle,0.35498231649398804,0.3609968423843384
n04591713_1407-5,wine_bottle,A photo of a wine bottle,0.35498231649398804,0.3609968423843384
n04591713_1473-3,wine_bottle,A photo of a wine bottle,0.35498231649398804,0.3609968423843384
n04591713_1604-2,wine_bottle,A photo of a wine bottle,0.35498231649398804,0.3609968423843384
n04591713_1606-6,wine_bottle,A photo of a wine bottle,0.35498231649398804,0.3609968423843384
n04591713_1606-7,wine_bottle,A photo of a wine bottle,0.35498231649398804,0.3609968423843384
n04591713_1742-2,wine_bottle,A photo of a wine bottle,0.38235318660736084,0.38288164138793945
n04591713_1777-3,wine_bottle,A photo of a wine bottle,0.38235318660736084,0.38288164138793945
n04591713_1786-1,wine_bottle,A photo of a wine bottle,0.38235318660736084,0.38288164138793945
n04591713_1786-7,wine_bottle,A photo of a wine bottle,0.38235318660736084,0.38288164138793945
n04591713_179-1,wine_bottle,A photo of a wine bottle,0.38235318660736084,0.38288164138793945
n04591713_179-5,wine_bottle,A photo of a wine bottle,0.38235318660736084,0.38288164138793945
n04591713_1793-3,wine_bottle,A photo of a wine bottle,0.38235318660736084,0.38288164138793945
n04591713_1793-4,wine_bottle,A photo of a wine bottle,0.38235318660736084,0.38288164138793945
n04591713_1834-10,wine_bottle,A photo of a wine bottle,0.36161935329437256,0.37100571393966675
n04591713_1834-9,wine_bottle,A photo of a wine bottle,0.36161935329437256,0.37100571393966675
n04591713_2047-1,wine_bottle,A photo of a wine bottle,0.36161935329437256,0.37100571393966675
n04591713_2047-2,wine_bottle,A photo of a wine bottle,0.36161935329437256,0.37100571393966675
n04591713_2047-5,wine_bottle,A photo of a wine bottle,0.36161935329437256,0.37100571393966675
n04591713_2049-3,wine_bottle,A photo of a wine bottle,0.36161935329437256,0.37100571393966675
n04591713_206-2,wine_bottle,A photo of a wine bottle,0.36161935329437256,0.37100571393966675
n04591713_2247-5,wine_bottle,A photo of a wine bottle,0.36161935329437256,0.37100571393966675
n04591713_2369-4,wine_bottle,A photo of a wine bottle,0.38236942887306213,0.38827529549598694
n04591713_2369-5,wine_bottle,A photo of a wine bottle,0.38236942887306213,0.38827529549598694
n04591713_2419-6,wine_bottle,A photo of a wine bottle,0.38236942887306213,0.38827529549598694
n04591713_2419-9,wine_bottle,A photo of a wine bottle,0.38236942887306213,0.38827529549598694
n04591713_2427-3,wine_bottle,A photo of a wine bottle,0.38236942887306213,0.38827529549598694
n04591713_2427-4,wine_bottle,A photo of a wine bottle,0.38236942887306213,0.38827529549598694
n04591713_25-1,wine_bottle,A photo of a wine bottle,0.38236942887306213,0.38827529549598694
n04591713_25-4,wine_bottle,A photo of a wine bottle,0.38236942887306213,0.38827529549598694
n04591713_25-5,wine_bottle,A photo of a wine bottle,0.3852245807647705,0.3918049931526184
n04591713_2531-1,wine_bottle,A photo of a wine bottle,0.3852245807647705,0.3918049931526184
n04591713_2560-3,wine_bottle,A photo of a wine bottle,0.3852245807647705,0.3918049931526184
n04591713_2666-3,wine_bottle,A photo of a wine bottle,0.3852245807647705,0.3918049931526184
n04591713_2666-6,wine_bottle,A photo of a wine bottle,0.3852245807647705,0.3918049931526184
n04591713_2666-7,wine_bottle,A photo of a wine bottle,0.3852245807647705,0.3918049931526184
n04591713_2666-9,wine_bottle,A photo of a wine bottle,0.3852245807647705,0.3918049931526184
n04591713_2940-5,wine_bottle,A photo of a wine bottle,0.3852245807647705,0.3918049931526184
n04591713_3069-6,wine_bottle,A photo of a wine bottle,0.4099499583244324,0.41672685742378235
n04591713_3332-2,wine_bottle,A photo of a wine bottle,0.4099499583244324,0.41672685742378235
n04591713_3348-1,wine_bottle,A photo of a wine bottle,0.4099499583244324,0.41672685742378235
n04591713_3484-4,wine_bottle,A photo of a wine bottle,0.4099499583244324,0.41672685742378235
n04591713_3484-5,wine_bottle,A photo of a wine bottle,0.4099499583244324,0.41672685742378235
n04591713_3495-3,wine_bottle,A photo of a wine bottle,0.4099499583244324,0.41672685742378235
n04591713_3495-4,wine_bottle,A photo of a wine bottle,0.4099499583244324,0.41672685742378235
n04591713_3570-2,wine_bottle,A photo of a wine bottle,0.4099499583244324,0.41672685742378235
n04591713_3570-4,wine_bottle,A photo of a wine bottle,0.34416449069976807,0.34413450956344604
n04591713_360-2,wine_bottle,A photo of a wine bottle,0.34416449069976807,0.34413450956344604
n04591713_360-4,wine_bottle,A photo of a wine bottle,0.34416449069976807,0.34413450956344604
n04591713_3606-1,wine_bottle,A photo of a wine bottle,0.34416449069976807,0.34413450956344604
n04591713_3606-3,wine_bottle,A photo of a wine bottle,0.34416449069976807,0.34413450956344604
n04591713_3606-6,wine_bottle,A photo of a wine bottle,0.34416449069976807,0.34413450956344604
n04591713_3955-3,wine_bottle,A photo of a wine bottle,0.34416449069976807,0.34413450956344604
n04591713_3955-4,wine_bottle,A photo of a wine bottle,0.34416449069976807,0.34413450956344604
n04591713_3972-1,wine_bottle,A photo of a wine bottle,0.3862159252166748,0.3930652141571045
n04591713_3983-4,wine_bottle,A photo of a wine bottle,0.3862159252166748,0.3930652141571045
n04591713_4054-4,wine_bottle,A photo of a wine bottle,0.3862159252166748,0.3930652141571045
n04591713_419-2,wine_bottle,A photo of a wine bottle,0.3862159252166748,0.3930652141571045
n04591713_4284-3,wine_bottle,A photo of a wine bottle,0.3862159252166748,0.3930652141571045
n04591713_4290-3,wine_bottle,A photo of a wine bottle,0.3862159252166748,0.3930652141571045
n04591713_4506-1,wine_bottle,A photo of a wine bottle,0.3862159252166748,0.3930652141571045
n04591713_4506-5,wine_bottle,A photo of a wine bottle,0.3862159252166748,0.3930652141571045
n04591713_4506-8,wine_bottle,A photo of a wine bottle,0.3879941701889038,0.39362844824790955
n04591713_4821-4,wine_bottle,A photo of a wine bottle,0.3879941701889038,0.39362844824790955
n04591713_4904-5,wine_bottle,A photo of a wine bottle,0.3879941701889038,0.39362844824790955
n04591713_4931-4,wine_bottle,A photo of a wine bottle,0.3879941701889038,0.39362844824790955
n04591713_4981-3,wine_bottle,A photo of a wine bottle,0.3879941701889038,0.39362844824790955
n04591713_4981-4,wine_bottle,A photo of a wine bottle,0.3879941701889038,0.39362844824790955
n04591713_5040-3,wine_bottle,A photo of a wine bottle,0.3879941701889038,0.39362844824790955
n04591713_5083-2,wine_bottle,A photo of a wine bottle,0.3879941701889038,0.39362844824790955
n04591713_5170-2,wine_bottle,A photo of a wine bottle,0.3734464645385742,0.37956702709198
n04591713_5170-6,wine_bottle,A photo of a wine bottle,0.3734464645385742,0.37956702709198
n04591713_5250-3,wine_bottle,A photo of a wine bottle,0.3734464645385742,0.37956702709198
n04591713_5473-1,wine_bottle,A photo of a wine bottle,0.3734464645385742,0.37956702709198
n04591713_5533-4,wine_bottle,A photo of a wine bottle,0.3734464645385742,0.37956702709198
n04591713_5535-3,wine_bottle,A photo of a wine bottle,0.3734464645385742,0.37956702709198
n04591713_5556-6,wine_bottle,A photo of a wine bottle,0.3734464645385742,0.37956702709198
n04591713_591-1,wine_bottle,A photo of a wine bottle,0.3734464645385742,0.37956702709198
n04591713_591-3,wine_bottle,A photo of a wine bottle,0.3968620002269745,0.3983607292175293
n04591713_5973-1,wine_bottle,A photo of a wine bottle,0.3968620002269745,0.3983607292175293
n04591713_6069-4,wine_bottle,A photo of a wine bottle,0.3968620002269745,0.3983607292175293
n04591713_6069-6,wine_bottle,A photo of a wine bottle,0.3968620002269745,0.3983607292175293
n04591713_660-4,wine_bottle,A photo of a wine bottle,0.3968620002269745,0.3983607292175293
n04591713_6837-5,wine_bottle,A photo of a wine bottle,0.3968620002269745,0.3983607292175293
n04591713_6905-4,wine_bottle,A photo of a wine bottle,0.3968620002269745,0.3983607292175293
n04591713_6917-5,wine_bottle,A photo of a wine bottle,0.3968620002269745,0.3983607292175293
n04591713_7080-1,wine_bottle,A photo of a wine bottle,0.4027389883995056,0.4107725918292999
n04591713_7080-4,wine_bottle,A photo of a wine bottle,0.4027389883995056,0.4107725918292999
n04591713_7177-3,wine_bottle,A photo of a wine bottle,0.4027389883995056,0.4107725918292999
n04591713_7201-1,wine_bottle,A photo of a wine bottle,0.4027389883995056,0.4107725918292999
n04591713_7201-2,wine_bottle,A photo of a wine bottle,0.4027389883995056,0.4107725918292999
n04591713_7201-4,wine_bottle,A photo of a wine bottle,0.4027389883995056,0.4107725918292999
n04591713_7201-5,wine_bottle,A photo of a wine bottle,0.4027389883995056,0.4107725918292999
n04591713_955-2,wine_bottle,A photo of a wine bottle,0.4027389883995056,0.4107725918292999
n02391049_10132-4,zebra,A photo of a zebra,0.3298633098602295,0.32791367173194885
n02391049_10175-3,zebra,A photo of a zebra,0.3298633098602295,0.32791367173194885
n02391049_1042-2,zebra,A photo of a zebra,0.3298633098602295,0.32791367173194885
n02391049_10452-2,zebra,A photo of a zebra,0.3298633098602295,0.32791367173194885
n02391049_1060-3,zebra,A photo of a zebra,0.3298633098602295,0.32791367173194885
n02391049_1060-4,zebra,A photo of a zebra,0.3298633098602295,0.32791367173194885
n02391049_1060-7,zebra,A photo of a zebra,0.3298633098602295,0.32791367173194885
n02391049_1060-8,zebra,A photo of a zebra,0.3298633098602295,0.32791367173194885
n02391049_10738-1,zebra,A photo of a zebra,0.34379780292510986,0.3377104103565216
n02391049_10738-3,zebra,A photo of a zebra,0.34379780292510986,0.3377104103565216
n02391049_11162-1,zebra,A photo of a zebra,0.34379780292510986,0.3377104103565216
n02391049_1118-3,zebra,A photo of a zebra,0.34379780292510986,0.3377104103565216
n02391049_1159-7,zebra,A photo of a zebra,0.34379780292510986,0.3377104103565216
n02391049_1526-1,zebra,A photo of a zebra,0.34379780292510986,0.3377104103565216
n02391049_1526-2,zebra,A photo of a zebra,0.34379780292510986,0.3377104103565216
n02391049_1526-5,zebra,A photo of a zebra,0.34379780292510986,0.3377104103565216
n02391049_1852-4,zebra,A photo of a zebra,0.3482128381729126,0.34351372718811035
n02391049_2048-2,zebra,A photo of a zebra,0.3482128381729126,0.34351372718811035
n02391049_2136-1,zebra,A photo of a zebra,0.3482128381729126,0.34351372718811035
n02391049_2136-4,zebra,A photo of a zebra,0.3482128381729126,0.34351372718811035
n02391049_2146-7,zebra,A photo of a zebra,0.3482128381729126,0.34351372718811035
n02391049_2166-1,zebra,A photo of a zebra,0.3482128381729126,0.34351372718811035
n02391049_2366-6,zebra,A photo of a zebra,0.3482128381729126,0.34351372718811035
n02391049_2623-3,zebra,A photo of a zebra,0.3482128381729126,0.34351372718811035
n02391049_2623-6,zebra,A photo of a zebra,0.346327006816864,0.3423994779586792
n02391049_2696-1,zebra,A photo of a zebra,0.346327006816864,0.3423994779586792
n02391049_2696-3,zebra,A photo of a zebra,0.346327006816864,0.3423994779586792
n02391049_2852-3,zebra,A photo of a zebra,0.346327006816864,0.3423994779586792
n02391049_2852-4,zebra,A photo of a zebra,0.346327006816864,0.3423994779586792
n02391049_2895-3,zebra,A photo of a zebra,0.346327006816864,0.3423994779586792
n02391049_2905-1,zebra,A photo of a zebra,0.346327006816864,0.3423994779586792
n02391049_2951-2,zebra,A photo of a zebra,0.346327006816864,0.3423994779586792
n02391049_316-6,zebra,A photo of a zebra,0.4002181887626648,0.3979802131652832
n02391049_316-9,zebra,A photo of a zebra,0.4002181887626648,0.3979802131652832
n02391049_3162-2,zebra,A photo of a zebra,0.4002181887626648,0.3979802131652832
n02391049_3162-5,zebra,A photo of a zebra,0.4002181887626648,0.3979802131652832
n02391049_3209-2,zebra,A photo of a zebra,0.4002181887626648,0.3979802131652832
n02391049_3220-2,zebra,A photo of a zebra,0.4002181887626648,0.3979802131652832
n02391049_3220-5,zebra,A photo of a zebra,0.4002181887626648,0.3979802131652832
n02391049_3221-4,zebra,A photo of a zebra,0.4002181887626648,0.3979802131652832
n02391049_3239-7,zebra,A photo of a zebra,0.37702974677085876,0.3696906566619873
n02391049_3276-3,zebra,A photo of a zebra,0.37702974677085876,0.3696906566619873
n02391049_3276-4,zebra,A photo of a zebra,0.37702974677085876,0.3696906566619873
n02391049_3291-2,zebra,A photo of a zebra,0.37702974677085876,0.3696906566619873
n02391049_3333-5,zebra,A photo of a zebra,0.37702974677085876,0.3696906566619873
n02391049_3947-5,zebra,A photo of a zebra,0.37702974677085876,0.3696906566619873
n02391049_4028-4,zebra,A photo of a zebra,0.37702974677085876,0.3696906566619873
n02391049_4028-6,zebra,A photo of a zebra,0.37702974677085876,0.3696906566619873
n02391049_4028-8,zebra,A photo of a zebra,0.3661741316318512,0.36039015650749207
n02391049_403-7,zebra,A photo of a zebra,0.3661741316318512,0.36039015650749207
n02391049_4058-3,zebra,A photo of a zebra,0.3661741316318512,0.36039015650749207
n02391049_4069-2,zebra,A photo of a zebra,0.3661741316318512,0.36039015650749207
n02391049_4576-8,zebra,A photo of a zebra,0.3661741316318512,0.36039015650749207
n02391049_4814-4,zebra,A photo of a zebra,0.3661741316318512,0.36039015650749207
n02391049_4903-6,zebra,A photo of a zebra,0.3661741316318512,0.36039015650749207
n02391049_5695-6,zebra,A photo of a zebra,0.3661741316318512,0.36039015650749207
n02391049_5695-7,zebra,A photo of a zebra,0.377218633890152,0.3748408854007721
n02391049_6326-5,zebra,A photo of a zebra,0.377218633890152,0.3748408854007721
n02391049_6467-11,zebra,A photo of a zebra,0.377218633890152,0.3748408854007721
n02391049_6860-1,zebra,A photo of a zebra,0.377218633890152,0.3748408854007721
n02391049_6991-6,zebra,A photo of a zebra,0.377218633890152,0.3748408854007721
n02391049_6993-1,zebra,A photo of a zebra,0.377218633890152,0.3748408854007721
n02391049_6993-5,zebra,A photo of a zebra,0.377218633890152,0.3748408854007721
n02391049_7018-5,zebra,A photo of a zebra,0.377218633890152,0.3748408854007721
n02391049_7060-4,zebra,A photo of a zebra,0.3526332378387451,0.34777340292930603
n02391049_7077-3,zebra,A photo of a zebra,0.3526332378387451,0.34777340292930603
n02391049_7077-5,zebra,A photo of a zebra,0.3526332378387451,0.34777340292930603
n02391049_712-4,zebra,A photo of a zebra,0.3526332378387451,0.34777340292930603
n02391049_7261-6,zebra,A photo of a zebra,0.3526332378387451,0.34777340292930603
n02391049_8000-2,zebra,A photo of a zebra,0.3526332378387451,0.34777340292930603
n02391049_8266-2,zebra,A photo of a zebra,0.3526332378387451,0.34777340292930603
n02391049_8266-5,zebra,A photo of a zebra,0.3526332378387451,0.34777340292930603
n02391049_8321-2,zebra,A photo of a zebra,0.365896999835968,0.3645572066307068
n02391049_8321-5,zebra,A photo of a zebra,0.365896999835968,0.3645572066307068
n02391049_8565-4,zebra,A photo of a zebra,0.365896999835968,0.3645572066307068
n02391049_8565-6,zebra,A photo of a zebra,0.365896999835968,0.3645572066307068
n02391049_857-7,zebra,A photo of a zebra,0.365896999835968,0.3645572066307068
n02391049_8696-3,zebra,A photo of a zebra,0.365896999835968,0.3645572066307068
n02391049_8859-2,zebra,A photo of a zebra,0.365896999835968,0.3645572066307068
n02391049_9058-1,zebra,A photo of a zebra,0.365896999835968,0.3645572066307068
n02391049_9193-2,zebra,A photo of a zebra,0.3431398272514343,0.34189197421073914
n02391049_9400-5,zebra,A photo of a zebra,0.3431398272514343,0.34189197421073914
n02391049_9421-9,zebra,A photo of a zebra,0.3431398272514343,0.34189197421073914
n02391049_944-4,zebra,A photo of a zebra,0.3431398272514343,0.34189197421073914
n02391049_9719-4,zebra,A photo of a zebra,0.3431398272514343,0.34189197421073914
n02391049_9822-5,zebra,A photo of a zebra,0.3431398272514343,0.34189197421073914
